Probe ID,Gene symbol,Gene title,log2FC,t statistic,B statistic,P-value (nominal),Adjusted P-value (BH),Direction
206666_at,GZMK,granzyme K,-0.415,-4.985,4.096,1.36e-06,0.0297,Down
220570_at,RETN,resistin,0.252,4.946,3.958,1.63e-06,0.0297,Up
204970_s_at,MAFG,MAF bZIP transcription factor G,0.256,4.795,3.428,3.22e-06,0.038,Up
226733_at,PFKFB2,"6-phosphofructo-2-kinase/fructose-2,6-biphosphatase 2",0.364,4.778,3.368,3.48e-06,0.038,Up
231688_at,MMP8,matrix metallopeptidase 8,0.749,4.609,2.79,7.32e-06,0.0572,Up
209954_x_at,SS18,"SS18, nBAF chromatin remodeling complex subunit",-0.207,-4.609,2.79,7.32e-06,0.0572,Down
227232_at,EVL,Enah/Vasp-like,-0.265,-4.532,2.534,1.017e-05,0.0594,Down
210426_x_at,RORA,RAR related orphan receptor A,-0.25,-4.502,2.434,1.157e-05,0.0594,Down
210279_at,GPR18,G protein-coupled receptor 18,-0.238,-4.476,2.348,1.293e-05,0.0594,Down
205798_at,IL7R,interleukin 7 receptor,-0.294,-4.474,2.341,1.305e-05,0.0594,Down
210479_s_at,RORA,RAR related orphan receptor A,-0.278,-4.464,2.308,1.362e-05,0.0594,Down
239086_at,IDNK,"IDNK, gluconokinase",-0.213,-4.44,2.231,1.504e-05,0.0594,Down
228285_at,TDRD9,tudor domain containing 9,0.492,4.437,2.222,1.521e-05,0.0594,Up
218865_at,MARC1,mitochondrial amidoxime reducing component 1,0.348,4.349,1.935,2.203e-05,0.0803,Up
227957_at,GSN,gelsolin,0.218,4.232,1.561,3.568e-05,0.1219,Up
208744_x_at,HSPH1,heat shock protein family H (Hsp110) member 1,-0.271,-4.213,1.503,3.848e-05,0.1227,Down
202934_at,HK2,hexokinase 2,0.241,4.201,1.466,4.038e-05,0.1227,Up
223832_s_at,CAPNS2,calpain small subunit 2,0.297,4.147,1.296,5.03e-05,0.1407,Up
235189_at,ICE2,interactor of little elongation complex ELL subunit 2,-0.266,-4.141,1.278,5.148e-05,0.1407,Down
215769_at,YME1L1,YME1 like 1 ATPase,-0.205,-4.098,1.144,6.123e-05,0.1594,Down
207651_at,GPR171,G protein-coupled receptor 171,-0.243,-4.052,1.006,7.322e-05,0.1687,Down
232645_at,LOC153684,uncharacterized LOC153684,-0.248,-4.045,0.984,7.535e-05,0.1687,Down
206848_at,COX20,"COX20, cytochrome c oxidase assembly factor",-0.264,-4.041,0.97,7.668e-05,0.1687,Down
209410_s_at,GRB10,growth factor receptor bound protein 10,0.366,4.039,0.966,7.715e-05,0.1687,Up
206697_s_at,HP,haptoglobin,0.485,3.993,0.827,9.229e-05,0.1889,Up
219870_at,ATF7IP2,activating transcription factor 7 interacting protein 2,-0.193,-3.99,0.817,9.36e-05,0.1889,Down
226956_at,MTMR3,myotubularin related protein 3,0.199,3.964,0.738,0.00010362,0.1954,Up
224841_x_at,SNORD77///SNORD76///SNORD74///GAS5///SNORD44///SNORD47///SNORD80///SNORD79///SNORD81,"small nucleolar RNA, C/D box 77///small nucleolar RNA, C/D box 76///small nucleolar RNA, C/D box 74///growth arrest specific 5 (non-protein coding)///small nucleolar RNA, C/D box 44///small nucleolar RNA, C/D box 47///small nucleolar RNA, C/D box 80///small nucleolar RNA, C/D box 79///small nucleolar RNA, C/D box 81",-0.248,-3.918,0.604,0.00012331,0.2247,Down
234402_at,YME1L1,YME1 like 1 ATPase,-0.304,-3.902,0.554,0.00013159,0.2321,Down
200636_s_at,PTPRF,"protein tyrosine phosphatase, receptor type F",0.19,3.849,0.399,0.00016104,0.2654,Up
226991_at,NFATC2,nuclear factor of activated T-cells 2,-0.168,-3.83,0.344,0.00017287,0.2654,Down
207329_at,MMP8,matrix metallopeptidase 8,0.515,3.823,0.326,0.00017712,0.2654,Up
212705_x_at,PNPLA2,patatin like phospholipase domain containing 2,0.165,3.802,0.264,0.00019183,0.2654,Up
216451_at,STK38,serine/threonine kinase 38,-0.189,-3.798,0.254,0.00019455,0.2654,Down
223007_s_at,TMEM245,transmembrane protein 245,-0.18,-3.786,0.217,0.00020404,0.2654,Down
202747_s_at,ITM2A,integral membrane protein 2A,-0.246,-3.776,0.189,0.0002116,0.2654,Down
231500_s_at,BOLA2,bolA family member 2,-0.115,-3.772,0.178,0.00021459,0.2654,Down
208470_s_at,HPR///HP,haptoglobin-related protein///haptoglobin,0.382,3.772,0.178,0.00021471,0.2654,Up
216748_at,PYHIN1,pyrin and HIN domain family member 1,-0.32,-3.768,0.167,0.00021778,0.2654,Down
1556151_at,ITFG1,integrin alpha FG-GAP repeat containing 1,0.169,3.756,0.133,0.00022764,0.2654,Up
214470_at,KLRB1,killer cell lectin like receptor B1,-0.266,-3.748,0.11,0.00023464,0.2654,Down
235697_at,ZNF544,zinc finger protein 544,-0.225,-3.735,0.071,0.00024667,0.2654,Down
212768_s_at,OLFM4,olfactomedin 4,1.03,3.732,0.064,0.00024909,0.2654,Up
1558136_s_at,TAF11,TATA-box binding protein associated factor 11,-0.193,-3.732,0.063,0.00024926,0.2654,Down
209409_at,GRB10,growth factor receptor bound protein 10,0.354,3.725,0.043,0.00025612,0.2654,Up
225016_at,APCDD1,APC down-regulated 1,0.326,3.724,0.042,0.00025635,0.2654,Up
224741_x_at,SNORD77///SNORD76///SNORD74///GAS5///SNORD44///SNORD47///SNORD80///SNORD79///SNORD81,"small nucleolar RNA, C/D box 77///small nucleolar RNA, C/D box 76///small nucleolar RNA, C/D box 74///growth arrest specific 5 (non-protein coding)///small nucleolar RNA, C/D box 44///small nucleolar RNA, C/D box 47///small nucleolar RNA, C/D box 80///small nucleolar RNA, C/D box 79///small nucleolar RNA, C/D box 81",-0.24,-3.724,0.041,0.00025651,0.2654,Down
223393_s_at,TSHZ3,teashirt zinc finger homeobox 3,0.273,3.712,0.006,0.00026872,0.2654,Up
233609_at,PTPRK,"protein tyrosine phosphatase, receptor type K",-0.356,-3.711,0.004,0.00026943,0.2654,Down
233881_s_at,TOLLIP,toll interacting protein,0.16,3.707,-0.008,0.00027362,0.2654,Up
213649_at,SRSF7,serine and arginine rich splicing factor 7,-0.209,-3.703,-0.019,0.00027738,0.2654,Down
211657_at,CEACAM6,carcinoembryonic antigen related cell adhesion molecule 6,0.564,3.698,-0.032,0.00028221,0.2654,Up
201608_s_at,PWP1,"PWP1 homolog, endonuclein",-0.153,-3.695,-0.041,0.00028573,0.2654,Down
206237_s_at,NRG1,neuregulin 1,0.398,3.69,-0.056,0.00029107,0.2654,Up
204448_s_at,PDCL,phosducin like,0.155,3.688,-0.061,0.00029317,0.2654,Up
206136_at,FZD5,frizzled class receptor 5,0.195,3.681,-0.081,0.00030104,0.2654,Up
225496_s_at,SYTL2,synaptotagmin like 2,-0.371,-3.677,-0.09,0.00030467,0.2654,Down
1555742_at,ERVH-6,endogenous retrovirus group H member 6,0.192,3.675,-0.098,0.00030771,0.2654,Up
211690_at,RPS6,ribosomal protein S6,0.161,3.665,-0.124,0.00031838,0.2654,Up
224358_s_at,MS4A7,membrane spanning 4-domains A7,-0.295,-3.665,-0.126,0.0003193,0.2654,Down
215339_at,NKTR,natural killer cell triggering receptor,-0.239,-3.658,-0.146,0.00032746,0.2654,Down
206804_at,CD3G,CD3g molecule,-0.239,-3.652,-0.161,0.00033411,0.2654,Down
1555691_a_at,KLRC4-KLRK1///KLRK1,KLRC4-KLRK1 readthrough///killer cell lectin like receptor K1,-0.339,-3.652,-0.163,0.00033494,0.2654,Down
1552755_at,C9orf66,chromosome 9 open reading frame 66,0.289,3.644,-0.183,0.00034398,0.2687,Up
204140_at,TPST1,tyrosylprotein sulfotransferase 1,0.344,3.635,-0.209,0.00035581,0.2704,Up
215842_s_at,ATP11A,ATPase phospholipid transporting 11A,0.178,3.635,-0.21,0.00035607,0.2704,Up
210288_at,KLRG1,killer cell lectin like receptor G1,-0.349,-3.609,-0.281,0.00039078,0.2871,Down
206177_s_at,ARG1,arginase 1,0.639,3.608,-0.284,0.00039224,0.2871,Up
216388_s_at,LTB4R,leukotriene B4 receptor,0.199,3.607,-0.287,0.00039381,0.2871,Up
237291_at,PRORSD1P,"prolyl-tRNA synthetase associated domain containing 1, pseudogene",-0.235,-3.6,-0.305,0.00040312,0.2874,Down
1557073_s_at,TTBK2,tau tubulin kinase 2,-0.208,-3.597,-0.313,0.00040764,0.2874,Down
221959_at,FAM110B,family with sequence similarity 110 member B,0.22,3.593,-0.326,0.00041451,0.2874,Up
206676_at,CEACAM8,carcinoembryonic antigen related cell adhesion molecule 8,0.769,3.59,-0.334,0.00041871,0.2874,Up
205843_x_at,CRAT,carnitine O-acetyltransferase,0.153,3.581,-0.359,0.00043294,0.2876,Up
204620_s_at,VCAN,versican,0.156,3.577,-0.368,0.00043777,0.2876,Up
231989_s_at,LOC101060604///NPIPA5///SMG1P3///NPIPB5///SMG1P1///LOC613037///NPIPB4///SLC7A5P1///NPIPB3,"putative L-type amino acid transporter 1-like protein IMAA///nuclear pore complex interacting protein family member A5///SMG1P3, nonsense mediated mRNA decay associated PI3K related kinase pseudogene 3///nuclear pore complex interacting protein family member B5///SMG1P1, nonsense mediated mRNA decay associated PI3K related kinase pseudogene 1///nuclear pore complex interacting protein member///nuclear pore complex interacting protein family member B4///solute carrier family 7 member 5 pseudogene 1///nuclear pore complex interacting protein family member B3",-0.192,-3.575,-0.373,0.00044089,0.2876,Down
200032_s_at,RPL9,ribosomal protein L9,-0.26,-3.575,-0.375,0.00044193,0.2876,Down
242794_at,MAML3,mastermind like transcriptional coactivator 3,0.279,3.56,-0.414,0.00046521,0.2992,Up
239173_at,PATJ,"PATJ, crumbs cell polarity complex component",-0.216,-3.552,-0.439,0.00048029,0.3053,Down
224840_at,FKBP5,FK506 binding protein 5,0.208,3.532,-0.492,0.00051502,0.3223,Up
220613_s_at,SYTL2,synaptotagmin like 2,-0.323,-3.527,-0.506,0.00052466,0.3223,Down
219717_at,DCAF16,DDB1 and CUL4 associated factor 16,-0.302,-3.512,-0.545,0.00055234,0.3331,Down
225065_x_at,SNORD65///SNORD49B///LRRC75A-AS1///SNORD49A,"small nucleolar RNA, C/D box 65///small nucleolar RNA, C/D box 49B///LRRC75A antisense RNA 1///small nucleolar RNA, C/D box 49A",-0.13,-3.508,-0.557,0.00056127,0.3331,Down
208705_s_at,EIF5,eukaryotic translation initiation factor 5,-0.119,-3.505,-0.565,0.00056663,0.3331,Down
206157_at,PTX3,pentraxin 3,0.418,3.496,-0.589,0.00058497,0.3367,Up
203795_s_at,BCL7A,BCL tumor suppressor 7A,-0.271,-3.487,-0.614,0.00060439,0.3442,Down
214447_at,ETS1,"ETS proto-oncogene 1, transcription factor",-0.158,-3.481,-0.628,0.0006158,0.3468,Down
200999_s_at,CKAP4,cytoskeleton associated protein 4,0.135,3.476,-0.642,0.00062672,0.3468,Up
226655_at,STX17,syntaxin 17,-0.242,-3.476,-0.644,0.00062853,0.3468,Down
204619_s_at,VCAN,versican,0.243,3.47,-0.657,0.00063991,0.3468,Up
223796_at,CNTNAP3B///CNTNAP3P2///CNTNAP3,contactin associated protein-like 3B///contactin associated protein-like 3 pseudogene 2///contactin associated protein-like 3,0.516,3.459,-0.688,0.00066584,0.3468,Up
236407_at,KCNE1,potassium voltage-gated channel subfamily E regulatory subunit 1,0.335,3.456,-0.694,0.00067182,0.3468,Up
225056_at,SIPA1L2,signal induced proliferation associated 1 like 2,0.342,3.453,-0.703,0.00067921,0.3468,Up
227939_s_at,TRA2A,transformer 2 alpha homolog,-0.174,-3.45,-0.712,0.00068778,0.3468,Down
206878_at,DAO,D-amino acid oxidase,-0.138,-3.449,-0.715,0.00068992,0.3468,Down
209263_x_at,TSPAN4,tetraspanin 4,0.168,3.449,-0.716,0.00069083,0.3468,Up
222639_s_at,LOC101928317///PLBD1-AS1,uncharacterized LOC101928317///PLBD1 antisense RNA 1,0.26,3.448,-0.716,0.00069084,0.3468,Up
208230_s_at,NRG1,neuregulin 1,0.281,3.435,-0.752,0.00072425,0.3563,Up
1554390_s_at,ACTR2,ARP2 actin related protein 2 homolog,-0.16,-3.434,-0.754,0.00072613,0.3563,Down
1557267_s_at,GEN1,"GEN1, Holliday junction 5' flap endonuclease",-0.358,-3.433,-0.758,0.00073015,0.3563,Down
225863_s_at,C19orf12,chromosome 19 open reading frame 12,-0.168,-3.415,-0.804,0.00077603,0.3689,Down
225379_at,MAPT,microtubule associated protein tau,0.152,3.412,-0.813,0.00078534,0.3689,Up
1555803_a_at,C11orf57,chromosome 11 open reading frame 57,-0.219,-3.41,-0.817,0.00078869,0.3689,Down
206966_s_at,KLF12,Kruppel like factor 12,-0.223,-3.409,-0.819,0.00079149,0.3689,Down
221731_x_at,VCAN,versican,0.129,3.407,-0.825,0.00079792,0.3689,Up
220034_at,IRAK3,interleukin 1 receptor associated kinase 3,0.277,3.405,-0.83,0.00080283,0.3689,Up
239421_at,DLGAP1-AS1,DLGAP1 antisense RNA 1,-0.253,-3.4,-0.843,0.00081671,0.3705,Down
237350_at,TTC36,tetratricopeptide repeat domain 36,0.156,3.391,-0.866,0.00084205,0.3774,Up
208168_s_at,CHIT1,chitinase 1,0.202,3.384,-0.884,0.00086234,0.3815,Up
212079_s_at,KMT2A,lysine methyltransferase 2A,-0.247,-3.383,-0.889,0.00086736,0.3815,Down
1552553_a_at,NLRC4,NLR family CARD domain containing 4,0.18,3.381,-0.893,0.00087217,0.3815,Up
205200_at,EXOSC7///CLEC3B,exosome component 7///C-type lectin domain family 3 member B,0.177,3.377,-0.904,0.00088459,0.3838,Up
229671_s_at,MIS18A,MIS18 kinetochore protein A,-0.233,-3.359,-0.95,0.0009405,0.4049,Down
212392_s_at,LOC101930416///LOC101929792///LOC100996724///PDE4DIP,myomegalin-like///uncharacterized LOC101929792///phosphodiesterase 4D interacting protein-like///phosphodiesterase 4D interacting protein,-0.248,-3.354,-0.963,0.00095644,0.4072,Down
223323_x_at,TRPM7,transient receptor potential cation channel subfamily M member 7,-0.205,-3.353,-0.967,0.00096086,0.4072,Down
219759_at,ERAP2,endoplasmic reticulum aminopeptidase 2,-0.289,-3.34,-1.001,0.00100572,0.4174,Down
211584_s_at,NPAT,"nuclear protein, coactivator of histone transcription",-0.232,-3.339,-1.002,0.00100744,0.4174,Down
204892_x_at,EEF1A1,eukaryotic translation elongation factor 1 alpha 1,-0.0804,-3.337,-1.008,0.00101474,0.4174,Down
206714_at,ALOX15B,"arachidonate 15-lipoxygenase, type B",0.259,3.332,-1.02,0.00103067,0.4205,Up
237208_at,WDR61,WD repeat domain 61,-0.392,-3.329,-1.028,0.00104133,0.4217,Down
206310_at,SPINK2,"serine peptidase inhibitor, Kazal type 2",-0.206,-3.325,-1.037,0.00105489,0.4234,Down
216608_at,DKFZP434A062,uncharacterized LOC26102,0.162,3.32,-1.052,0.00107489,0.4234,Up
224466_s_at,MAFG,MAF bZIP transcription factor G,0.157,3.319,-1.054,0.00107799,0.4234,Up
205863_at,S100A12,S100 calcium binding protein A12,0.315,3.314,-1.067,0.00109721,0.4234,Up
202899_s_at,SRSF3,serine and arginine rich splicing factor 3,-0.13,-3.314,-1.067,0.00109743,0.4234,Down
212531_at,LCN2,lipocalin 2,0.721,3.311,-1.074,0.00110752,0.4234,Up
210999_s_at,GRB10,growth factor receptor bound protein 10,0.345,3.31,-1.077,0.00111197,0.4234,Up
234115_s_at,ZNRD1,zinc ribbon domain containing 1,-0.275,-3.309,-1.08,0.00111515,0.4234,Down
214167_s_at,RPLP0,ribosomal protein lateral stalk subunit P0,-0.212,-3.302,-1.098,0.00114268,0.4249,Down
224580_at,SLC38A1,solute carrier family 38 member 1,-0.203,-3.3,-1.102,0.00114811,0.4249,Down
203220_s_at,TLE1,transducin like enhancer of split 1,0.129,3.298,-1.108,0.00115784,0.4249,Up
232552_at,DAAM1,dishevelled associated activator of morphogenesis 1,-0.151,-3.294,-1.119,0.00117458,0.4273,Down
233587_s_at,SIPA1L2,signal induced proliferation associated 1 like 2,0.281,3.291,-1.126,0.0011852,0.4273,Up
1562697_at,LOC339988,uncharacterized LOC339988,-0.281,-3.278,-1.158,0.00123661,0.4273,Down
1553247_a_at,ZNF709,zinc finger protein 709,-0.231,-3.275,-1.167,0.00125095,0.4273,Down
215921_at,NPIPA5///NPIPB6///NPIPB8///NPIPB3,nuclear pore complex interacting protein family member A5///nuclear pore complex interacting protein family member B6///nuclear pore complex interacting protein family member B8///nuclear pore complex interacting protein family member B3,-0.304,-3.274,-1.169,0.00125417,0.4273,Down
244485_at,HLA-DPB1,"major histocompatibility complex, class II, DP beta 1",-0.341,-3.271,-1.177,0.00126748,0.4273,Down
204626_s_at,ITGB3,integrin subunit beta 3,0.207,3.269,-1.183,0.00127762,0.4273,Up
231151_at,DLGAP3,DLG associated protein 3,0.16,3.267,-1.188,0.00128662,0.4273,Up
226477_at,DCAF1,DDB1 and CUL4 associated factor 1,-0.175,-3.264,-1.193,0.00129589,0.4273,Down
1553536_at,MBNL2,muscleblind like splicing regulator 2,-0.192,-3.262,-1.199,0.00130556,0.4273,Down
228725_x_at,PRMT2,protein arginine methyltransferase 2,-0.146,-3.262,-1.199,0.00130576,0.4273,Down
209694_at,PTS,6-pyruvoyltetrahydropterin synthase,-0.238,-3.262,-1.2,0.00130776,0.4273,Down
205557_at,LOC149684///BPI,uncharacterized LOC149684///bactericidal/permeability-increasing protein,0.559,3.261,-1.201,0.0013088,0.4273,Up
236013_at,CACNA1E,calcium voltage-gated channel subunit alpha1 E,0.381,3.259,-1.206,0.00131724,0.4273,Up
213836_s_at,WIPI1,"WD repeat domain, phosphoinositide interacting 1",0.236,3.256,-1.215,0.00133429,0.4273,Up
226090_x_at,RABL3,"RAB, member of RAS oncogene family like 3",-0.195,-3.252,-1.225,0.00135154,0.4273,Down
220946_s_at,SETD2,SET domain containing 2,-0.142,-3.251,-1.226,0.00135335,0.4273,Down
203725_at,GADD45A,growth arrest and DNA damage inducible alpha,0.268,3.249,-1.231,0.00136249,0.4273,Up
219658_at,PTCD2,pentatricopeptide repeat domain 2,-0.206,-3.243,-1.247,0.00139097,0.4273,Down
244861_at,ZNF527,zinc finger protein 527,-0.246,-3.243,-1.248,0.00139291,0.4273,Down
210707_x_at,DTX2P1-UPK3BP1-PMS2P11,"DTX2P1-UPK3BP1-PMS2P11 readthrough, transcribed pseudogene",-0.124,-3.243,-1.248,0.00139352,0.4273,Down
220370_s_at,USP36,ubiquitin specific peptidase 36,-0.188,-3.242,-1.249,0.00139438,0.4273,Down
1555819_s_at,SAMD14,sterile alpha motif domain containing 14,0.168,3.242,-1.249,0.00139445,0.4273,Up
207237_at,KCNA3,potassium voltage-gated channel subfamily A member 3,-0.285,-3.239,-1.258,0.00141221,0.4273,Down
203345_s_at,MTF2,metal response element binding transcription factor 2,-0.129,-3.233,-1.271,0.00143674,0.4273,Down
235682_s_at,HSPB7,heat shock protein family B (small) member 7,0.128,3.232,-1.275,0.00144425,0.4273,Up
205513_at,TCN1,transcobalamin 1,0.411,3.232,-1.275,0.00144453,0.4273,Up
1555240_s_at,GNG12,G protein subunit gamma 12,0.107,3.224,-1.295,0.00148306,0.4273,Up
240435_at,LOC101928635,uncharacterized LOC101928635,0.254,3.224,-1.296,0.00148415,0.4273,Up
1552621_at,UPK3BL///POLR2J3///POLR2J2///POLR2J,uroplakin 3B-like///RNA polymerase II subunit J3///RNA polymerase II subunit J2///RNA polymerase II subunit J,-0.212,-3.223,-1.297,0.00148535,0.4273,Down
202479_s_at,TRIB2,tribbles pseudokinase 2,-0.216,-3.222,-1.299,0.00149101,0.4273,Down
1562682_at,RORA-AS1,RORA antisense RNA 1,-0.374,-3.221,-1.301,0.00149486,0.4273,Down
222043_at,CLU,clusterin,0.282,3.221,-1.303,0.00149893,0.4273,Up
203223_at,RABEP1,"rabaptin, RAB GTPase binding effector protein 1",-0.236,-3.22,-1.306,0.00150434,0.4273,Down
238117_at,PPOX,protoporphyrinogen oxidase,-0.176,-3.218,-1.31,0.00151171,0.4273,Down
223006_s_at,TMEM245,transmembrane protein 245,-0.15,-3.216,-1.314,0.0015209,0.4273,Down
220797_at,LOC284009///METTL16,uncharacterized LOC284009///methyltransferase like 16,-0.205,-3.213,-1.322,0.00153694,0.4273,Down
212078_s_at,KMT2A,lysine methyltransferase 2A,-0.197,-3.208,-1.334,0.00156133,0.4273,Down
228792_at,MYEF2,myelin expression factor 2,0.157,3.208,-1.336,0.00156467,0.4273,Up
228408_s_at,SDAD1,SDA1 domain containing 1,-0.185,-3.207,-1.337,0.0015673,0.4273,Down
220631_at,OSGEPL1,O-sialoglycoprotein endopeptidase-like 1,-0.208,-3.205,-1.342,0.00157657,0.4273,Down
1560963_a_at,LOC100506379,uncharacterized LOC100506379,-0.278,-3.205,-1.342,0.00157752,0.4273,Down
226843_s_at,PAPD5,"poly(A) RNA polymerase D5, non-canonical",-0.154,-3.205,-1.343,0.00157913,0.4273,Down
202075_s_at,PLTP,phospholipid transfer protein,0.209,3.203,-1.348,0.00159076,0.4273,Up
200772_x_at,LOC100506248///MIR1244-2///MIR1244-3///MIR1244-1///LOC728026///PTMA,"prothymosin alpha///microRNA 1244-2///microRNA 1244-3///microRNA 1244-1///prothymosin alpha-like///prothymosin, alpha",-0.0803,-3.202,-1.351,0.00159642,0.4273,Down
202018_s_at,LTF,lactotransferrin,0.695,3.201,-1.353,0.00160031,0.4273,Up
230559_x_at,FGD4,"FYVE, RhoGEF and PH domain containing 4",0.308,3.199,-1.356,0.00160745,0.4273,Up
201642_at,IFNGR2,interferon gamma receptor 2 (interferon gamma transducer 1),0.116,3.198,-1.359,0.00161295,0.4273,Up
211702_s_at,USP32,ubiquitin specific peptidase 32,0.204,3.197,-1.362,0.00162044,0.4273,Up
224576_at,ERGIC1,endoplasmic reticulum-golgi intermediate compartment 1,0.109,3.197,-1.363,0.0016223,0.4273,Up
226865_at,PLXDC2,plexin domain containing 2,0.236,3.196,-1.365,0.00162544,0.4273,Up
221092_at,IKZF3,IKAROS family zinc finger 3,-0.363,-3.193,-1.374,0.00164473,0.4303,Down
1553323_a_at,LOC101930343///CATSPER2P1///CATSPER2,uncharacterized LOC101930343///cation channel sperm associated 2 pseudogene 1///cation channel sperm associated 2,-0.181,-3.185,-1.392,0.00168643,0.4349,Down
232357_at,TTLL9,tubulin tyrosine ligase like 9,0.157,3.183,-1.398,0.00169909,0.4349,Up
232500_at,RALGAPA2,Ral GTPase activating protein catalytic alpha subunit 2,0.147,3.181,-1.401,0.00170614,0.4349,Up
213817_at,IRAK3,interleukin 1 receptor associated kinase 3,0.379,3.178,-1.409,0.00172484,0.4349,Up
209946_at,VEGFC,vascular endothelial growth factor C,0.164,3.176,-1.413,0.00173382,0.4349,Up
203949_at,MPO,myeloperoxidase,0.336,3.175,-1.418,0.00174353,0.4349,Up
202897_at,SIRPA,signal regulatory protein alpha,0.172,3.17,-1.428,0.00176854,0.4349,Up
1564139_at,A2M-AS1,A2M antisense RNA 1 (head to head),-0.322,-3.17,-1.429,0.00176938,0.4349,Down
201476_s_at,RRM1,ribonucleotide reductase catalytic subunit M1,-0.156,-3.169,-1.43,0.0017737,0.4349,Down
214602_at,COL4A4,collagen type IV alpha 4 chain,-0.374,-3.169,-1.431,0.00177379,0.4349,Down
235104_at,ERAP2,endoplasmic reticulum aminopeptidase 2,-0.499,-3.168,-1.433,0.00178066,0.4349,Down
1554910_at,PRKD3,protein kinase D3,-0.246,-3.168,-1.434,0.00178296,0.4349,Down
211734_s_at,FCER1A,Fc fragment of IgE receptor Ia,-0.388,-3.167,-1.437,0.00178847,0.4349,Down
1559315_s_at,SOCS2-AS1,SOCS2 antisense RNA 1,0.182,3.165,-1.442,0.00180212,0.4349,Up
33197_at,MYO7A,myosin VIIA,0.144,3.162,-1.448,0.00181637,0.4349,Up
215054_at,RGL3///EPOR,ral guanine nucleotide dissociation stimulator like 3///erythropoietin receptor,0.161,3.162,-1.45,0.00181982,0.4349,Up
225876_at,NIPAL3,NIPA like domain containing 3,-0.134,-3.159,-1.456,0.00183383,0.4349,Down
204751_x_at,DSC2,desmocollin 2,0.375,3.158,-1.459,0.00184263,0.4349,Up
223095_at,MARVELD1,MARVEL domain containing 1,0.186,3.158,-1.459,0.00184278,0.4349,Up
205210_at,TGFBRAP1,transforming growth factor beta receptor associated protein 1,-0.118,-3.153,-1.472,0.00187328,0.4349,Down
205553_s_at,CSRP3,cysteine and glycine rich protein 3,0.165,3.152,-1.474,0.00187807,0.4349,Up
219158_s_at,NAA15,"N(alpha)-acetyltransferase 15, NatA auxiliary subunit",-0.195,-3.15,-1.477,0.0018871,0.4349,Down
1554930_a_at,FUT8,fucosyltransferase 8,-0.18,-3.15,-1.478,0.00189014,0.4349,Down
223161_at,KIAA1147,KIAA1147,-0.176,-3.149,-1.48,0.00189502,0.4349,Down
235949_at,TTC26,tetratricopeptide repeat domain 26,0.328,3.149,-1.481,0.00189757,0.4349,Up
243773_at,PDCD2,programmed cell death 2,-0.228,-3.148,-1.482,0.00189944,0.4349,Down
209671_x_at,TRAC,T-cell receptor alpha constant,-0.149,-3.148,-1.483,0.00190118,0.4349,Down
227072_at,RTTN,rotatin,-0.219,-3.14,-1.503,0.00195276,0.437,Down
1554217_a_at,VPS50,"VPS50, EARP/GARPII complex subunit",-0.255,-3.14,-1.504,0.00195433,0.437,Down
1560673_at,KIZ-AS1,KIZ antisense RNA 1,-0.125,-3.138,-1.507,0.00196287,0.437,Down
236862_at,GOPC,golgi associated PDZ and coiled-coil motif containing,-0.198,-3.137,-1.51,0.00197072,0.437,Down
223643_at,CRYGS,crystallin gamma S,-0.317,-3.136,-1.513,0.00197831,0.437,Down
224911_s_at,DCBLD2,"discoidin, CUB and LCCL domain containing 2",0.227,3.135,-1.516,0.0019864,0.437,Up
204647_at,HOMER3,homer scaffolding protein 3,0.177,3.134,-1.518,0.00199289,0.437,Up
219024_at,PLEKHA1,pleckstrin homology domain containing A1,-0.347,-3.131,-1.524,0.00200892,0.437,Down
231509_at,PPP1R17,protein phosphatase 1 regulatory subunit 17,-0.342,-3.131,-1.525,0.00201128,0.437,Down
202620_s_at,PLOD2,"procollagen-lysine,2-oxoglutarate 5-dioxygenase 2",0.382,3.13,-1.528,0.0020192,0.437,Up
212658_at,LHFPL2,lipoma HMGIC fusion partner-like 2,0.204,3.129,-1.53,0.00202325,0.437,Up
204118_at,CD48,CD48 molecule,-0.19,-3.128,-1.532,0.0020282,0.437,Down
226806_s_at,NFIA,nuclear factor I A,0.232,3.128,-1.532,0.00202993,0.437,Up
223246_s_at,STRBP,spermatid perinuclear RNA binding protein,-0.181,-3.125,-1.54,0.00205109,0.4382,Down
221676_s_at,CORO1C,coronin 1C,0.134,3.125,-1.54,0.00205157,0.4382,Up
207802_at,CRISP3,cysteine rich secretory protein 3,0.546,3.123,-1.544,0.00206232,0.4382,Up
220406_at,TGFB2,transforming growth factor beta 2,0.144,3.122,-1.546,0.00206754,0.4382,Up
1559420_x_at,CACNB2,calcium voltage-gated channel auxiliary subunit beta 2,-0.241,-3.119,-1.553,0.00208806,0.4408,Down
212249_at,PIK3R1,phosphoinositide-3-kinase regulatory subunit 1,-0.176,-3.116,-1.561,0.00210872,0.4428,Down
207971_s_at,CEP68,centrosomal protein 68,-0.126,-3.114,-1.565,0.00212119,0.4428,Down
224393_s_at,CECR6,"cat eye syndrome chromosome region, candidate 6",0.259,3.114,-1.566,0.00212232,0.4428,Up
219938_s_at,PSTPIP2,proline-serine-threonine phosphatase interacting protein 2,0.154,3.109,-1.578,0.00215775,0.4441,Up
207493_x_at,SSX2B///SSX2,SSX family member 2B///SSX family member 2,0.114,3.107,-1.583,0.00217123,0.4441,Up
1553118_at,THEM4,thioesterase superfamily member 4,-0.292,-3.107,-1.584,0.00217359,0.4441,Down
217602_at,LOC101060363///PPIA,peptidyl-prolyl cis-trans isomerase A pseudogene///peptidylprolyl isomerase A,-0.266,-3.106,-1.585,0.00217743,0.4441,Down
201785_at,RNASE1,"ribonuclease A family member 1, pancreatic",0.313,3.104,-1.591,0.0021938,0.4441,Up
218123_at,C21orf59,chromosome 21 open reading frame 59,-0.129,-3.103,-1.593,0.00220111,0.4441,Down
213075_at,OLFML2A,olfactomedin like 2A,0.152,3.103,-1.594,0.00220257,0.4441,Up
216838_at,LINC01278,long intergenic non-protein coding RNA 1278,-0.233,-3.102,-1.596,0.00220982,0.4441,Down
233591_at,LOC101930164,uncharacterized LOC101930164,0.245,3.1,-1.6,0.00222104,0.4441,Up
1554329_x_at,STXBP4,syntaxin binding protein 4,-0.196,-3.098,-1.604,0.00223329,0.4441,Down
203210_s_at,RFC5,replication factor C subunit 5,-0.186,-3.096,-1.61,0.00224985,0.4441,Down
1557910_at,HSP90AB1,heat shock protein 90 alpha family class B member 1,-0.197,-3.096,-1.611,0.00225329,0.4441,Down
221311_x_at,LYRM2,LYR motif containing 2,-0.22,-3.094,-1.616,0.00226767,0.4441,Down
216920_s_at,TARP///TRGV9///TRGC2,TCR gamma alternate reading frame protein///T cell receptor gamma variable 9///T cell receptor gamma constant 2,-0.268,-3.093,-1.618,0.00227574,0.4441,Down
1553457_at,LINC00269,long intergenic non-protein coding RNA 269,0.136,3.092,-1.619,0.00227728,0.4441,Up
1554239_s_at,ZADH2,zinc binding alcohol dehydrogenase domain containing 2,-0.222,-3.092,-1.62,0.00228234,0.4441,Down
238464_at,ANKRD36,ankyrin repeat domain 36,-0.236,-3.088,-1.629,0.00230732,0.4441,Down
219892_at,TM6SF1,transmembrane 6 superfamily member 1,0.232,3.088,-1.63,0.00231076,0.4441,Up
211968_s_at,HSP90AA1,heat shock protein 90 alpha family class A member 1,-0.168,-3.087,-1.631,0.00231495,0.4441,Down
203757_s_at,CEACAM6,carcinoembryonic antigen related cell adhesion molecule 6,0.51,3.085,-1.637,0.00233359,0.4441,Up
231776_at,EOMES,eomesodermin,-0.2,-3.082,-1.644,0.00235554,0.4441,Down
208797_s_at,GOLGA8A,golgin A8 family member A,-0.203,-3.078,-1.654,0.0023863,0.4441,Down
239895_at,AQR,aquarius intron-binding spliceosomal factor,-0.196,-3.077,-1.656,0.00239329,0.4441,Down
207583_at,ABCD2,ATP binding cassette subfamily D member 2,-0.278,-3.077,-1.656,0.00239441,0.4441,Down
219442_at,CLUHP3,clustered mitochondria homolog pseudogene 3,-0.185,-3.076,-1.658,0.00239795,0.4441,Down
236465_at,RNF175,ring finger protein 175,0.205,3.074,-1.662,0.00241215,0.4441,Up
206114_at,EPHA4,EPH receptor A4,-0.204,-3.074,-1.663,0.00241587,0.4441,Down
232774_x_at,ZIK1,zinc finger protein interacting with K protein 1,-0.176,-3.074,-1.664,0.00241837,0.4441,Down
221570_s_at,METTL5,methyltransferase like 5,-0.164,-3.072,-1.667,0.00242784,0.4441,Down
210362_x_at,PML,promyelocytic leukemia,0.142,3.072,-1.668,0.00243024,0.4441,Up
209813_x_at,TARP///TRGV9///TRGC2,TCR gamma alternate reading frame protein///T cell receptor gamma variable 9///T cell receptor gamma constant 2,-0.291,-3.072,-1.668,0.00243258,0.4441,Down
1555562_a_at,ZCCHC7,zinc finger CCHC-type containing 7,-0.209,-3.072,-1.669,0.00243422,0.4441,Down
225880_at,TOR1AIP2,torsin 1A interacting protein 2,0.0972,3.069,-1.676,0.0024574,0.4441,Up
214953_s_at,APP,amyloid beta precursor protein,0.108,3.067,-1.68,0.00246996,0.4441,Up
231310_at,TRIM71,tripartite motif containing 71,0.254,3.066,-1.682,0.0024757,0.4441,Up
226636_at,PLD1,phospholipase D1,0.191,3.066,-1.682,0.00247711,0.4441,Up
1554894_a_at,PCBD2,pterin-4 alpha-carbinolamine dehydratase 2,-0.174,-3.065,-1.685,0.00248818,0.4446,Down
1555384_a_at,LARP4,La ribonucleoprotein domain family member 4,-0.227,-3.056,-1.705,0.0025539,0.4519,Down
204047_s_at,PHACTR2,phosphatase and actin regulator 2,-0.175,-3.055,-1.709,0.00256848,0.453,Down
206906_at,ICAM5,intercellular adhesion molecule 5,0.137,3.053,-1.713,0.00258117,0.4532,Up
211942_x_at,RPL13AP5///RPL13AP6///SNORD32A///SNORD33///SNORD34///SNORD35A///RPL13A,"ribosomal protein L13a pseudogene 5///ribosomal protein L13a pseudogene 6///small nucleolar RNA, C/D box 32A///small nucleolar RNA, C/D box 33///small nucleolar RNA, C/D box 34///small nucleolar RNA, C/D box 35A///ribosomal protein L13a",-0.109,-3.051,-1.718,0.00260041,0.4532,Down
220340_at,GREB1L,growth regulation by estrogen in breast cancer 1 like,-0.222,-3.051,-1.719,0.00260121,0.4532,Down
240581_at,LOC644135,uncharacterized LOC644135,-0.229,-3.049,-1.722,0.00261292,0.4532,Down
211823_s_at,PXN,paxillin,0.121,3.048,-1.724,0.00262139,0.4532,Up
207501_s_at,FGF12,fibroblast growth factor 12,0.0981,3.047,-1.727,0.0026298,0.4532,Up
203479_s_at,OTUD4,OTU deubiquitinase 4,-0.183,-3.047,-1.728,0.00263471,0.4532,Down
202207_at,ARL4C,ADP ribosylation factor like GTPase 4C,-0.14,-3.046,-1.73,0.00264218,0.4532,Down
212494_at,TNS2,tensin 2,0.149,3.045,-1.731,0.00264523,0.4532,Up
202623_at,EAPP,E2F associated phosphoprotein,-0.116,-3.041,-1.743,0.00268613,0.4541,Down
224856_at,FKBP5,FK506 binding protein 5,0.269,3.04,-1.744,0.00268961,0.4541,Up
232513_x_at,FAM209B,family with sequence similarity 209 member B,0.159,3.04,-1.745,0.00269389,0.4541,Up
209846_s_at,BTN3A2,butyrophilin subfamily 3 member A2,-0.297,-3.037,-1.751,0.00271462,0.4541,Down
218357_s_at,TIMM8B,translocase of inner mitochondrial membrane 8 homolog B,-0.141,-3.037,-1.751,0.0027169,0.4541,Down
207269_at,DEFA4,defensin alpha 4,0.666,3.036,-1.754,0.00272711,0.4541,Up
218006_s_at,ZNF22,zinc finger protein 22,-0.219,-3.033,-1.76,0.0027486,0.4541,Down
210470_x_at,NONO,"non-POU domain containing, octamer-binding",-0.117,-3.033,-1.761,0.00275165,0.4541,Down
243857_at,MORF4L2,mortality factor 4 like 2,-0.236,-3.032,-1.764,0.00276295,0.4541,Down
214629_x_at,RTN4,reticulon 4,0.0911,3.031,-1.765,0.00276727,0.4541,Up
210634_at,KLHL20,kelch like family member 20,-0.163,-3.03,-1.767,0.00277452,0.4541,Down
215352_at,GIMAP1-GIMAP5///GIMAP5,"GIMAP1-GIMAP5 readthrough///GTPase, IMAP family member 5",-0.264,-3.03,-1.769,0.00278031,0.4541,Down
237261_at,ANGPT2,angiopoietin 2,-0.24,-3.029,-1.77,0.00278585,0.4541,Down
217747_s_at,RPS9,ribosomal protein S9,-0.113,-3.029,-1.771,0.00278862,0.4541,Down
1554660_a_at,CNST,"consortin, connexin sorting protein",-0.213,-3.028,-1.772,0.00279288,0.4541,Down
222628_s_at,REV1,"REV1, DNA directed polymerase",-0.148,-3.027,-1.775,0.00280267,0.4541,Down
209588_at,EPHB2,EPH receptor B2,0.221,3.025,-1.78,0.0028211,0.4541,Up
208487_at,LMX1B,LIM homeobox transcription factor 1 beta,0.121,3.025,-1.78,0.00282382,0.4541,Up
217889_s_at,CYBRD1,cytochrome b reductase 1,0.316,3.023,-1.784,0.00283807,0.4542,Up
206871_at,ELANE,"elastase, neutrophil expressed",0.299,3.023,-1.785,0.00284311,0.4542,Up
239742_at,LOC101930415,uncharacterized LOC101930415,-0.25,-3.022,-1.788,0.0028525,0.4542,Down
215806_x_at,TARP///TRGV9///TRGC2,TCR gamma alternate reading frame protein///T cell receptor gamma variable 9///T cell receptor gamma constant 2,-0.275,-3.02,-1.793,0.00287072,0.4542,Down
1562698_x_at,LOC339988,uncharacterized LOC339988,-0.264,-3.019,-1.793,0.00287363,0.4542,Down
219172_at,UBTD1,ubiquitin domain containing 1,0.144,3.019,-1.793,0.00287413,0.4542,Up
213216_at,OTUD3,OTU deubiquitinase 3,-0.198,-3.018,-1.797,0.00288656,0.4548,Down
211667_x_at,TRAV12-2,T cell receptor alpha variable 12-2,-0.172,-3.017,-1.8,0.00289777,0.4553,Down
205995_x_at,IQCB1,IQ motif containing B1,-0.182,-3.013,-1.807,0.00292718,0.458,Down
1561507_at,FFAR1,free fatty acid receptor 1,0.111,3.013,-1.808,0.00293183,0.458,Up
221523_s_at,RRAGD,Ras related GTP binding D,0.258,3.01,-1.815,0.00295665,0.4582,Up
205018_s_at,MBNL2,muscleblind like splicing regulator 2,-0.241,-3.01,-1.815,0.00295712,0.4582,Down
224918_x_at,MGST1,microsomal glutathione S-transferase 1,0.194,3.009,-1.818,0.00296954,0.4582,Up
218055_s_at,WDR41,WD repeat domain 41,0.308,3.009,-1.818,0.00297008,0.4582,Up
209570_s_at,NSG1,neuron specific gene family member 1,-0.271,-3.008,-1.819,0.00297531,0.4582,Down
224610_at,SNHG1///SNORD22///SNORD25///SNORD26///SNORD27///SNORD28///SNORD30///SNORD31///SNORD29,"small nucleolar RNA host gene 1///small nucleolar RNA, C/D box 22///small nucleolar RNA, C/D box 25///small nucleolar RNA, C/D box 26///small nucleolar RNA, C/D box 27///small nucleolar RNA, C/D box 28///small nucleolar RNA, C/D box 30///small nucleolar RNA, C/D box 31///small nucleolar RNA, C/D box 29",-0.153,-3.006,-1.824,0.00299263,0.4596,Down
242581_at,MAP3K15,mitogen-activated protein kinase kinase kinase 15,-0.274,-3.004,-1.83,0.00301571,0.461,Down
233645_s_at,C1RL,complement C1r subcomponent like,0.144,3.004,-1.83,0.00301883,0.461,Up
204039_at,CEBPA,CCAAT/enhancer binding protein alpha,0.194,3.0,-1.84,0.00305717,0.4656,Up
220496_at,CLEC1B,C-type lectin domain family 1 member B,0.258,2.998,-1.842,0.00306706,0.4658,Up
1555073_at,MGC40069,uncharacterized protein MGC40069,-0.215,-2.995,-1.85,0.00309815,0.4685,Down
236001_at,LINC00675,long intergenic non-protein coding RNA 675,0.14,2.994,-1.852,0.00310604,0.4685,Up
227438_at,ALPK1,alpha kinase 1,0.186,2.992,-1.857,0.00312963,0.4685,Up
222945_x_at,OLAH,oleoyl-ACP hydrolase,0.343,2.991,-1.86,0.00314171,0.4685,Up
201946_s_at,CCT2,chaperonin containing TCP1 subunit 2,-0.189,-2.99,-1.861,0.00314578,0.4685,Down
230520_at,AIG1,androgen induced 1,0.149,2.99,-1.862,0.00314953,0.4685,Up
236233_at,TRIM32,tripartite motif containing 32,-0.184,-2.989,-1.864,0.00315595,0.4685,Down
243006_at,FYN,"FYN proto-oncogene, Src family tyrosine kinase",-0.195,-2.987,-1.868,0.00317454,0.4685,Down
1563524_a_at,ITPK1-AS1,ITPK1 antisense RNA 1,0.154,2.987,-1.868,0.00317577,0.4685,Up
217757_at,A2M,alpha-2-macroglobulin,-0.168,-2.987,-1.87,0.00318266,0.4685,Down
1557227_s_at,TPR,"translocated promoter region, nuclear basket protein",-0.138,-2.984,-1.875,0.00320546,0.4685,Down
200093_s_at,HINT1,histidine triad nucleotide binding protein 1,-0.215,-2.984,-1.875,0.00320649,0.4685,Down
213030_s_at,PLXNA2,plexin A2,0.217,2.983,-1.878,0.00321873,0.4685,Up
221471_at,SERINC3,serine incorporator 3,0.138,2.983,-1.879,0.00322019,0.4685,Up
220336_s_at,GP6,glycoprotein VI platelet,0.252,2.983,-1.879,0.00322164,0.4685,Up
224285_at,GPR174,G protein-coupled receptor 174,-0.254,-2.981,-1.884,0.00324376,0.4688,Down
205808_at,ASPH,aspartate beta-hydroxylase,0.123,2.98,-1.885,0.0032476,0.4688,Up
227532_at,LRRC39,leucine rich repeat containing 39,-0.175,-2.98,-1.886,0.00325267,0.4688,Down
209626_s_at,OSBPL3,oxysterol binding protein like 3,-0.152,-2.979,-1.887,0.00325827,0.4688,Down
1554010_at,NDST1,N-deacetylase and N-sulfotransferase 1,0.265,2.977,-1.893,0.00328451,0.4695,Up
216720_at,CYP2U1,cytochrome P450 family 2 subfamily U member 1,-0.225,-2.975,-1.898,0.00330473,0.4695,Down
228215_at,ADD3-AS1,ADD3 antisense RNA 1,-0.197,-2.974,-1.9,0.00331371,0.4695,Down
1554360_at,FCHSD2,FCH and double SH3 domains 2,0.188,2.972,-1.904,0.00333148,0.4695,Up
211969_at,HSP90AA1,heat shock protein 90 alpha family class A member 1,-0.148,-2.971,-1.905,0.00333766,0.4695,Down
225253_s_at,METTL2A///METTL2B,methyltransferase like 2A///methyltransferase like 2B,-0.16,-2.971,-1.907,0.00334283,0.4695,Down
238135_at,AGTRAP,angiotensin II receptor associated protein,0.185,2.97,-1.909,0.0033527,0.4695,Up
220589_s_at,LOC100507424///ITFG2,uncharacterized LOC100507424///integrin alpha FG-GAP repeat containing 2,-0.122,-2.97,-1.91,0.00335761,0.4695,Down
201777_s_at,EFCAB14,EF-hand calcium binding domain 14,-0.153,-2.969,-1.912,0.00336591,0.4695,Down
214900_at,ZKSCAN1,zinc finger with KRAB and SCAN domains 1,-0.173,-2.967,-1.917,0.0033873,0.4712,Down
206190_at,GPR17,G protein-coupled receptor 17,0.151,2.965,-1.92,0.00340473,0.4725,Up
211937_at,EIF4B,eukaryotic translation initiation factor 4B,-0.15,-2.961,-1.929,0.0034464,0.4729,Down
1565162_s_at,MGST1,microsomal glutathione S-transferase 1,0.291,2.961,-1.93,0.00345061,0.4729,Up
240163_at,RORA-AS1,RORA antisense RNA 1,-0.209,-2.96,-1.932,0.00345787,0.4729,Down
219553_at,NME7,NME/NM23 family member 7,-0.204,-2.959,-1.933,0.00346478,0.4729,Down
206244_at,CR1,complement component 3b/4b receptor 1 (Knops blood group),0.239,2.959,-1.934,0.0034682,0.4729,Up
205708_s_at,TRPM2,transient receptor potential cation channel subfamily M member 2,0.158,2.957,-1.939,0.00349051,0.4741,Up
202252_at,RAB13,"RAB13, member RAS oncogene family",0.241,2.956,-1.942,0.00350485,0.4741,Up
235409_at,MGA,"MGA, MAX dimerization protein",-0.186,-2.955,-1.944,0.00351201,0.4741,Down
216540_at,YME1L1,YME1 like 1 ATPase,-0.182,-2.952,-1.95,0.00354198,0.4761,Down
203645_s_at,CD163,CD163 molecule,0.259,2.952,-1.95,0.00354394,0.4761,Up
1559481_at,CHIC1,cysteine rich hydrophobic domain 1,-0.223,-2.95,-1.955,0.00356787,0.4766,Down
217508_s_at,C18orf25,chromosome 18 open reading frame 25,0.23,2.95,-1.956,0.00357223,0.4766,Up
218454_at,PLBD1,phospholipase B domain containing 1,0.2,2.948,-1.961,0.00359265,0.4766,Up
202301_s_at,RSRC2,arginine and serine rich coiled-coil 2,-0.132,-2.948,-1.961,0.00359311,0.4766,Down
238295_at,TEFM,"transcription elongation factor, mitochondrial",-0.14,-2.947,-1.961,0.00359514,0.4766,Down
229943_at,TRIM13,tripartite motif containing 13,-0.261,-2.947,-1.962,0.00360178,0.4766,Down
227373_at,ATXN1L,ataxin 1 like,0.185,2.946,-1.964,0.00360867,0.4766,Up
228693_at,CCDC50,coiled-coil domain containing 50,-0.312,-2.945,-1.968,0.00362801,0.4776,Down
226726_at,MBOAT2,membrane bound O-acyltransferase domain containing 2,0.19,2.943,-1.97,0.00364088,0.4776,Up
209793_at,GRIA1,glutamate ionotropic receptor AMPA type subunit 1,0.129,2.94,-1.979,0.00368342,0.4818,Up
237880_at,MIR3681HG,MIR3681 host gene,0.132,2.937,-1.985,0.0037128,0.4829,Up
207674_at,FCAR,Fc fragment of IgA receptor,0.36,2.937,-1.986,0.00371867,0.4829,Up
236728_at,LNPEP,leucyl and cystinyl aminopeptidase,-0.222,-2.936,-1.987,0.0037209,0.4829,Down
210972_x_at,TRAC///TRAJ17///TRAV20///TRDV2,T-cell receptor alpha constant///T cell receptor alpha joining 17///T cell receptor alpha variable 20///T cell receptor delta variable 2,-0.142,-2.934,-1.993,0.00375079,0.4837,Down
238940_at,KLF12,Kruppel like factor 12,-0.29,-2.931,-1.999,0.00378117,0.485,Down
238873_at,NPC1,NPC intracellular cholesterol transporter 1,-0.217,-2.931,-1.999,0.00378477,0.485,Down
208090_s_at,AIRE,autoimmune regulator,0.128,2.93,-2.001,0.00379184,0.485,Up
1556493_a_at,KDM4C,lysine demethylase 4C,-0.26,-2.93,-2.002,0.00379638,0.485,Down
208856_x_at,RPLP0,ribosomal protein lateral stalk subunit P0,-0.195,-2.929,-2.004,0.00380971,0.4855,Down
225330_at,IGF1R,insulin like growth factor 1 receptor,0.218,2.925,-2.012,0.00385092,0.4896,Up
210314_x_at,TNFSF13,tumor necrosis factor superfamily member 13,0.19,2.923,-2.017,0.00387542,0.4911,Up
206059_at,ZNF91,zinc finger protein 91,-0.245,-2.922,-2.019,0.00388351,0.4911,Down
223200_s_at,LSG1,large 60S subunit nuclear export GTPase 1,-0.152,-2.921,-2.022,0.00389853,0.4911,Down
1558630_at,DLGAP4-AS1,DLGAP4 antisense RNA 1,-0.144,-2.92,-2.025,0.00391501,0.4911,Down
1570202_a_at,MKL2,MKL1/myocardin like 2,-0.193,-2.919,-2.026,0.00392176,0.4911,Down
218092_s_at,AGFG1,ArfGAP with FG repeats 1,0.187,2.917,-2.03,0.00394392,0.4911,Up
231736_x_at,MGST1,microsomal glutathione S-transferase 1,0.195,2.916,-2.035,0.00396698,0.4911,Up
222989_s_at,UBQLN1,ubiquilin 1,0.128,2.915,-2.035,0.00397222,0.4911,Up
225314_at,OCIAD2,OCIA domain containing 2,-0.146,-2.915,-2.036,0.00397388,0.4911,Down
221326_s_at,TUBD1,tubulin delta 1,-0.229,-2.915,-2.036,0.00397703,0.4911,Down
235511_at,RBM14-RBM4///RBM4,RBM14-RBM4 readthrough///RNA binding motif protein 4,-0.17,-2.915,-2.037,0.0039786,0.4911,Down
218766_s_at,WARS2,"tryptophanyl tRNA synthetase 2, mitochondrial",-0.165,-2.915,-2.037,0.00397939,0.4911,Down
203099_s_at,CDYL,chromodomain Y-like,0.174,2.912,-2.043,0.00401246,0.4916,Up
221443_x_at,PRLH,prolactin releasing hormone,0.142,2.911,-2.046,0.00402661,0.4916,Up
212852_s_at,TROVE2,TROVE domain family member 2,-0.112,-2.91,-2.047,0.00403552,0.4916,Down
211146_at,IGKC,immunoglobulin kappa constant,-0.117,-2.91,-2.048,0.00403698,0.4916,Down
216384_x_at,LOC100506248///MIR1244-2///MIR1244-3///MIR1244-1///LOC728026///PTMA,"prothymosin alpha///microRNA 1244-2///microRNA 1244-3///microRNA 1244-1///prothymosin alpha-like///prothymosin, alpha",-0.0952,-2.908,-2.052,0.00406257,0.4936,Down
242292_at,FAM226B///FAM226A,family with sequence similarity 226 member B (non-protein coding)///family with sequence similarity 226 member A (non-protein coding),-0.292,-2.904,-2.06,0.00410559,0.4946,Down
209500_x_at,TNFSF12-TNFSF13///TNFSF13,TNFSF12-TNFSF13 readthrough///tumor necrosis factor superfamily member 13,0.195,2.904,-2.06,0.0041065,0.4946,Up
228345_at,CHIC1,cysteine rich hydrophobic domain 1,-0.209,-2.903,-2.063,0.00412097,0.4946,Down
206656_s_at,APMAP,adipocyte plasma membrane associated protein,0.118,2.903,-2.064,0.00412717,0.4946,Up
1557067_s_at,LUC7L,LUC7 like,-0.156,-2.902,-2.065,0.00413079,0.4946,Down
222128_at,NSUN6,NOP2/Sun RNA methyltransferase family member 6,-0.212,-2.902,-2.066,0.00413988,0.4946,Down
202801_at,PRKACA,protein kinase cAMP-activated catalytic subunit alpha,0.14,2.901,-2.067,0.00414277,0.4946,Up
212225_at,EIF1,eukaryotic translation initiation factor 1,-0.181,-2.898,-2.074,0.0041836,0.4952,Down
233489_at,TMEM43,transmembrane protein 43,0.118,2.895,-2.082,0.0042258,0.4952,Up
225959_s_at,ZNRF1,"zinc and ring finger 1, E3 ubiquitin protein ligase",0.194,2.894,-2.084,0.00424086,0.4952,Up
213466_at,RAB40C,"RAB40C, member RAS oncogene family",0.114,2.894,-2.085,0.00424245,0.4952,Up
216956_s_at,ITGA2B,integrin subunit alpha 2b,0.289,2.893,-2.086,0.00425064,0.4952,Up
1558975_at,UBALD1,UBA like domain containing 1,0.143,2.892,-2.088,0.00425969,0.4952,Up
225264_at,RARS2,"arginyl-tRNA synthetase 2, mitochondrial",-0.109,-2.892,-2.089,0.00426537,0.4952,Down
1568871_at,CADM2-AS1,CADM2 antisense RNA 1,-0.116,-2.891,-2.091,0.00428052,0.4952,Down
219255_x_at,IL17RB,interleukin 17 receptor B,0.143,2.891,-2.091,0.00428132,0.4952,Up
211972_x_at,RPLP0,ribosomal protein lateral stalk subunit P0,-0.186,-2.891,-2.092,0.00428208,0.4952,Down
223414_s_at,LYAR,Ly1 antibody reactive,-0.136,-2.89,-2.094,0.00429454,0.4952,Down
202800_at,SLC1A3,solute carrier family 1 member 3,0.235,2.889,-2.095,0.00429982,0.4952,Up
210640_s_at,GPER1,G protein-coupled estrogen receptor 1,0.132,2.889,-2.096,0.00430581,0.4952,Up
224891_at,FOXO3,forkhead box O3,0.165,2.888,-2.096,0.00430987,0.4952,Up
224557_x_at,P2RX2,purinergic receptor P2X 2,0.134,2.888,-2.098,0.00431746,0.4952,Up
1554288_at,FAM160B1,family with sequence similarity 160 member B1,0.156,2.888,-2.098,0.00432002,0.4952,Up
227172_at,TMEM116,transmembrane protein 116,-0.17,-2.886,-2.102,0.0043442,0.4958,Down
226500_at,ZBTB47,zinc finger and BTB domain containing 47,0.132,2.885,-2.104,0.00435418,0.4958,Up
220133_at,ODAM,"odontogenic, ameloblast asssociated",0.117,2.883,-2.108,0.00437547,0.4958,Up
201033_x_at,RPLP0,ribosomal protein lateral stalk subunit P0,-0.19,-2.883,-2.109,0.00438646,0.4958,Down
213593_s_at,TRA2A,transformer 2 alpha homolog,-0.139,-2.88,-2.114,0.00441555,0.4958,Down
219013_at,GALNT11,polypeptide N-acetylgalactosaminyltransferase 11,-0.151,-2.879,-2.117,0.00443035,0.4958,Down
212604_at,MRPS31,mitochondrial ribosomal protein S31,-0.189,-2.879,-2.119,0.00444009,0.4958,Down
1555962_at,B3GNT7,"UDP-GlcNAc:betaGal beta-1,3-N-acetylglucosaminyltransferase 7",-0.199,-2.878,-2.12,0.00444923,0.4958,Down
210998_s_at,HGF,hepatocyte growth factor,0.172,2.878,-2.121,0.00445501,0.4958,Up
235281_x_at,AHNAK,AHNAK nucleoprotein,-0.249,-2.877,-2.122,0.00446271,0.4958,Down
231357_at,CLEC12B,C-type lectin domain family 12 member B,0.282,2.876,-2.125,0.00447913,0.4958,Up
230013_s_at,ARHGAP23,Rho GTPase activating protein 23,0.128,2.875,-2.126,0.00448319,0.4958,Up
238699_s_at,CASK,calcium/calmodulin dependent serine protein kinase,-0.272,-2.875,-2.126,0.00448438,0.4958,Down
208719_s_at,DDX17,DEAD-box helicase 17,-0.236,-2.875,-2.127,0.00449243,0.4958,Down
203753_at,TCF4,transcription factor 4,-0.164,-2.875,-2.128,0.00449542,0.4958,Down
220137_at,LOC101928274///VSIG10,uncharacterized LOC101928274///V-set and immunoglobulin domain containing 10,0.218,2.875,-2.128,0.0044959,0.4958,Up
205033_s_at,DEFA1B///DEFA3///DEFA1,defensin alpha 1B///defensin alpha 3///defensin alpha 1,0.465,2.874,-2.13,0.00450723,0.4958,Up
211513_s_at,OGFR,opioid growth factor receptor,0.139,2.872,-2.133,0.00452642,0.4958,Up
221475_s_at,RPL15,ribosomal protein L15,-0.098,-2.872,-2.134,0.00453166,0.4958,Down
234927_s_at,MAGIX,"MAGI family member, X-linked",0.137,2.871,-2.135,0.00453794,0.4958,Up
202379_s_at,NKTR,natural killer cell triggering receptor,-0.11,-2.871,-2.136,0.0045472,0.4958,Down
240251_at,IFT80,intraflagellar transport 80,-0.146,-2.87,-2.137,0.00455172,0.4958,Down
205987_at,CD1C,CD1c molecule,-0.226,-2.87,-2.137,0.00455222,0.4958,Down
225943_at,NLN,neurolysin,0.176,2.869,-2.141,0.0045739,0.4968,Up
232070_at,LOC100506639,uncharacterized LOC100506639,-0.157,-2.868,-2.142,0.00457936,0.4968,Down
231662_at,ARG1,arginase 1,0.26,2.868,-2.143,0.00458997,0.4969,Up
204560_at,FKBP5,FK506 binding protein 5,0.238,2.865,-2.148,0.00462229,0.4973,Up
236935_at,PTPN4,"protein tyrosine phosphatase, non-receptor type 4",-0.297,-2.865,-2.149,0.00462576,0.4973,Down
215135_at,DNPEP,aspartyl aminopeptidase,-0.21,-2.864,-2.151,0.00463643,0.4973,Down
238910_at,CLUHP3,clustered mitochondria homolog pseudogene 3,-0.247,-2.863,-2.154,0.00465997,0.4973,Down
223526_at,C18orf21,chromosome 18 open reading frame 21,-0.113,-2.863,-2.155,0.0046623,0.4973,Down
201887_at,IL13RA1,interleukin 13 receptor subunit alpha 1,0.176,2.861,-2.158,0.00468001,0.4973,Up
202199_s_at,SRPK1,SRSF protein kinase 1,0.21,2.86,-2.16,0.00469343,0.4973,Up
200099_s_at,SNORD73A///RPS3A,"small nucleolar RNA, C/D box 73A///ribosomal protein S3A",-0.284,-2.86,-2.16,0.00469615,0.4973,Down
239201_at,CDK15,cyclin dependent kinase 15,0.17,2.86,-2.161,0.00469963,0.4973,Up
227245_at,NAA25,"N(alpha)-acetyltransferase 25, NatB auxiliary subunit",-0.155,-2.859,-2.162,0.00470623,0.4973,Down
242028_at,ZNF709,zinc finger protein 709,-0.237,-2.859,-2.163,0.00471421,0.4973,Down
1557038_s_at,UBAC2-AS1,UBAC2 antisense RNA 1,-0.175,-2.857,-2.167,0.00473608,0.4973,Down
201482_at,QSOX1,quiescin sulfhydryl oxidase 1,0.151,2.857,-2.167,0.0047418,0.4973,Up
212391_x_at,SNORD73A///RPS3A,"small nucleolar RNA, C/D box 73A///ribosomal protein S3A",-0.286,-2.857,-2.168,0.00474615,0.4973,Down
226557_at,TTC5,tetratricopeptide repeat domain 5,-0.125,-2.856,-2.17,0.00476047,0.4973,Down
201736_s_at,MARCH6,membrane associated ring-CH-type finger 6,0.106,2.855,-2.172,0.00477271,0.4973,Up
220754_at,ARMC9,armadillo repeat containing 9,-0.134,-2.855,-2.173,0.00477489,0.4973,Down
211144_x_at,TARP///TRGV9///TRGC2,TCR gamma alternate reading frame protein///T cell receptor gamma variable 9///T cell receptor gamma constant 2,-0.278,-2.853,-2.176,0.00479754,0.4975,Down
223143_s_at,AKIRIN2,akirin 2,0.161,2.853,-2.177,0.00480362,0.4975,Up
231579_s_at,TIMP2,TIMP metallopeptidase inhibitor 2,0.113,2.853,-2.177,0.00480442,0.4975,Up
209459_s_at,ABAT,4-aminobutyrate aminotransferase,0.197,2.85,-2.183,0.00484446,0.4977,Up
235953_at,ZNF610,zinc finger protein 610,-0.132,-2.849,-2.185,0.00485274,0.4977,Down
238346_s_at,TGS1,trimethylguanosine synthase 1,-0.117,-2.849,-2.186,0.00486417,0.4977,Down
226475_at,FAM118A,family with sequence similarity 118 member A,-0.261,-2.848,-2.188,0.00487556,0.4977,Down
206019_at,RBM19,RNA binding motif protein 19,-0.144,-2.847,-2.189,0.00488124,0.4977,Down
207000_s_at,PPP3CC,protein phosphatase 3 catalytic subunit gamma,-0.167,-2.845,-2.194,0.00491351,0.4977,Down
212747_at,ANKS1A,ankyrin repeat and sterile alpha motif domain containing 1A,0.132,2.845,-2.194,0.00491384,0.4977,Up
1552875_a_at,CD200R1,CD200 receptor 1,-0.154,-2.844,-2.197,0.00493481,0.4977,Down
202360_at,MAML1,mastermind like transcriptional coactivator 1,0.139,2.843,-2.198,0.0049398,0.4977,Up
50314_i_at,C20orf27,chromosome 20 open reading frame 27,0.113,2.843,-2.199,0.00494567,0.4977,Up
1562442_a_at,SSBP1,single stranded DNA binding protein 1,-0.207,-2.842,-2.202,0.00496402,0.4977,Down
219751_at,SETD6,SET domain containing 6,-0.164,-2.841,-2.203,0.0049711,0.4977,Down
200082_s_at,RPS7,ribosomal protein S7,-0.216,-2.84,-2.205,0.00498686,0.4977,Down
226364_at,HIP1,huntingtin interacting protein 1,0.32,2.84,-2.205,0.00498844,0.4977,Up
224799_at,NDFIP2,Nedd4 family interacting protein 2,-0.176,-2.839,-2.208,0.00500493,0.498,Down
203217_s_at,ST3GAL5,"ST3 beta-galactoside alpha-2,3-sialyltransferase 5",-0.116,-2.839,-2.208,0.00500936,0.498,Down
1552625_a_at,TRNT1,tRNA nucleotidyl transferase 1,-0.201,-2.838,-2.211,0.00502633,0.4988,Down
220885_s_at,CENPJ,centromere protein J,-0.226,-2.837,-2.213,0.00503819,0.499,Down
205314_x_at,SNTB2,syntrophin beta 2,0.125,2.835,-2.216,0.0050635,0.5006,Up
224674_at,TTYH3,tweety family member 3,0.131,2.833,-2.22,0.0050891,0.5007,Up
206494_s_at,ITGA2B,integrin subunit alpha 2b,0.344,2.833,-2.221,0.00509565,0.5007,Up
205758_at,CD8A,CD8a molecule,-0.204,-2.833,-2.222,0.00510224,0.5007,Down
201947_s_at,CCT2,chaperonin containing TCP1 subunit 2,-0.137,-2.833,-2.222,0.00510244,0.5007,Down
1559587_at,SYMPK,symplekin,-0.242,-2.832,-2.223,0.0051101,0.5007,Down
214465_at,ORM2///ORM1,orosomucoid 2///orosomucoid 1,0.296,2.831,-2.226,0.00513015,0.5013,Up
206429_at,F2RL1,F2R like trypsin receptor 1,0.129,2.83,-2.227,0.00513922,0.5013,Up
210714_at,R3HDM1,R3H domain containing 1,-0.269,-2.828,-2.232,0.00517443,0.5034,Down
1570425_s_at,LATS1,large tumor suppressor kinase 1,-0.202,-2.825,-2.239,0.00521891,0.5059,Down
224560_at,TIMP2,TIMP metallopeptidase inhibitor 2,0.119,2.824,-2.241,0.00523679,0.5059,Up
205403_at,IL1R2,interleukin 1 receptor type 2,0.216,2.822,-2.245,0.00526412,0.5064,Up
235169_at,FBXO27,F-box protein 27,0.12,2.822,-2.245,0.00526613,0.5064,Up
217603_at,ATP6V0A2,ATPase H+ transporting V0 subunit a2,-0.147,-2.822,-2.246,0.00526963,0.5064,Down
228565_at,KIAA1804,mixed lineage kinase 4,0.187,2.821,-2.249,0.00528826,0.5073,Up
210933_s_at,FSCN1,fascin actin-bundling protein 1,0.115,2.817,-2.256,0.00534154,0.5097,Up
224229_s_at,AKT3,AKT serine/threonine kinase 3,-0.226,-2.817,-2.257,0.00534722,0.5097,Down
200842_s_at,EPRS,glutamyl-prolyl-tRNA synthetase,-0.135,-2.817,-2.257,0.00534822,0.5097,Down
213355_at,ST3GAL6,"ST3 beta-galactoside alpha-2,3-sialyltransferase 6",0.222,2.816,-2.258,0.00535852,0.5097,Up
209963_s_at,EPOR,erythropoietin receptor,0.0962,2.815,-2.262,0.00538649,0.5097,Up
221485_at,B4GALT5,"beta-1,4-galactosyltransferase 5",0.206,2.814,-2.263,0.00539101,0.5097,Up
207213_s_at,USP2,ubiquitin specific peptidase 2,0.128,2.813,-2.266,0.00541255,0.5097,Up
219890_at,CLEC5A,C-type lectin domain family 5 member A,0.321,2.813,-2.266,0.0054175,0.5097,Up
209616_s_at,LOC100653057///CES1,liver carboxylesterase 1-like///carboxylesterase 1,0.326,2.811,-2.27,0.005442,0.5097,Up
1563245_at,CLYBL-AS2,CLYBL antisense RNA 2,-0.198,-2.81,-2.272,0.00545588,0.5097,Down
213931_at,ID2B///ID2,"inhibitor of DNA binding 2B, HLH protein (pseudogene)///inhibitor of DNA binding 2, HLH protein",-0.166,-2.809,-2.274,0.00547278,0.5097,Down
200998_s_at,CKAP4,cytoskeleton associated protein 4,0.176,2.807,-2.278,0.00550122,0.5097,Up
202838_at,FUCA1,"fucosidase, alpha-L- 1, tissue",0.168,2.807,-2.278,0.00550507,0.5097,Up
228920_at,ZNF260,zinc finger protein 260,-0.193,-2.807,-2.279,0.00550934,0.5097,Down
226820_at,ZNF362,zinc finger protein 362,0.0946,2.806,-2.281,0.00552359,0.5097,Up
210586_x_at,RHD,Rh blood group D antigen,0.255,2.806,-2.281,0.00552836,0.5097,Up
201917_s_at,SLC25A36,solute carrier family 25 member 36,-0.192,-2.804,-2.286,0.00556495,0.5097,Down
226342_at,SPTBN1,"spectrin beta, non-erythrocytic 1",-0.191,-2.803,-2.287,0.00556762,0.5097,Down
233935_at,TNFSF14,tumor necrosis factor superfamily member 14,0.141,2.803,-2.288,0.00558054,0.5097,Up
215879_at,ITGB1,integrin subunit beta 1,-0.18,-2.803,-2.289,0.00558209,0.5097,Down
208130_s_at,TBXAS1,thromboxane A synthase 1,0.167,2.802,-2.289,0.00558487,0.5097,Up
202070_s_at,IDH3A,isocitrate dehydrogenase 3 (NAD(+)) alpha,-0.109,-2.802,-2.289,0.00558492,0.5097,Down
201751_at,JOSD1,Josephin domain containing 1,-0.121,-2.802,-2.289,0.00558534,0.5097,Down
220284_at,DKKL1,dickkopf like acrosomal protein 1,0.137,2.801,-2.292,0.00560453,0.5097,Up
236172_at,LTB4R,leukotriene B4 receptor,0.261,2.801,-2.293,0.00561176,0.5097,Up
204697_s_at,CHGA,chromogranin A,0.136,2.8,-2.294,0.00562139,0.5097,Up
213497_at,ABTB2,ankyrin repeat and BTB domain containing 2,0.143,2.8,-2.294,0.0056234,0.5097,Up
238597_at,ANKRD13C,ankyrin repeat domain 13C,-0.259,-2.8,-2.295,0.00562767,0.5097,Down
202565_s_at,SVIL,supervillin,0.133,2.8,-2.295,0.0056294,0.5097,Up
229347_at,MIR4458///MIR4458HG,microRNA 4458///MIR4458 host gene,-0.128,-2.799,-2.297,0.00564174,0.5097,Down
238677_at,WDR36,WD repeat domain 36,-0.184,-2.799,-2.297,0.00564432,0.5097,Down
236293_at,RHOH,ras homolog family member H,-0.187,-2.799,-2.297,0.00564729,0.5097,Down
222642_s_at,TMEM33,transmembrane protein 33,0.227,2.799,-2.297,0.0056489,0.5097,Up
219859_at,CLEC4E,C-type lectin domain family 4 member E,0.224,2.798,-2.298,0.00565486,0.5097,Up
240361_at,LOC101927972,uncharacterized LOC101927972,-0.125,-2.797,-2.301,0.00567731,0.5097,Down
206155_at,ABCC2,ATP binding cassette subfamily C member 2,0.196,2.797,-2.301,0.00567925,0.5097,Up
223311_s_at,MTA3,metastasis associated 1 family member 3,-0.161,-2.796,-2.304,0.00569699,0.5097,Down
208501_at,GFI1B,growth factor independent 1B transcriptional repressor,0.161,2.795,-2.305,0.00570397,0.5097,Up
238583_at,MSRB3,methionine sulfoxide reductase B3,0.134,2.795,-2.305,0.00570833,0.5097,Up
210896_s_at,ASPH,aspartate beta-hydroxylase,0.331,2.794,-2.307,0.00571865,0.5097,Up
215905_s_at,SNRNP40,small nuclear ribonucleoprotein U5 subunit 40,-0.181,-2.794,-2.309,0.00573391,0.5097,Down
215049_x_at,CD163,CD163 molecule,0.24,2.793,-2.31,0.00574813,0.5097,Up
227374_at,EARS2,"glutamyl-tRNA synthetase 2, mitochondrial",-0.159,-2.792,-2.311,0.0057523,0.5097,Down
1566656_a_at,LOC100507654,uncharacterized LOC100507654,0.111,2.79,-2.316,0.00578942,0.5105,Up
242785_at,EML6,echinoderm microtubule associated protein like 6,-0.255,-2.789,-2.32,0.00582007,0.5124,Down
205367_at,SH2B2,SH2B adaptor protein 2,0.152,2.787,-2.323,0.00584888,0.5136,Up
211209_x_at,SH2D1A,SH2 domain containing 1A,-0.226,-2.787,-2.324,0.00585185,0.5136,Down
230097_at,GART,"phosphoribosylglycinamide formyltransferase, phosphoribosylglycinamide synthetase, phosphoribosylaminoimidazole synthetase",-0.243,-2.786,-2.326,0.00586965,0.5136,Down
211412_at,PADI4,peptidyl arginine deiminase 4,0.206,2.785,-2.327,0.00587994,0.5136,Up
237540_at,LINC00644,long intergenic non-protein coding RNA 644,0.112,2.784,-2.33,0.00590456,0.5141,Up
220257_x_at,NXF2B///NXF2,nuclear RNA export factor 2B///nuclear RNA export factor 2,0.123,2.783,-2.331,0.00591314,0.5141,Up
205346_at,ST3GAL2,"ST3 beta-galactoside alpha-2,3-sialyltransferase 2",0.14,2.783,-2.331,0.00591403,0.5141,Up
209670_at,TRAC,T-cell receptor alpha constant,-0.104,-2.782,-2.334,0.00593433,0.515,Down
230695_s_at,RSPH9,radial spoke head 9 homolog,0.233,2.777,-2.344,0.0060136,0.5202,Up
227891_s_at,TAF15,TATA-box binding protein associated factor 15,-0.137,-2.777,-2.346,0.00603032,0.5202,Down
210837_s_at,PDE4D,phosphodiesterase 4D,-0.201,-2.776,-2.346,0.00603396,0.5202,Down
224762_at,SERINC2,serine incorporator 2,0.147,2.775,-2.349,0.00605232,0.5202,Up
202701_at,BMP1,bone morphogenetic protein 1,0.132,2.775,-2.349,0.00605733,0.5202,Up
220930_s_at,SMIM2,small integral membrane protein 2,0.177,2.774,-2.351,0.00607372,0.5202,Up
206254_at,EGF,epidermal growth factor,0.329,2.774,-2.352,0.00607969,0.5202,Up
230724_s_at,C11orf57,chromosome 11 open reading frame 57,-0.218,-2.773,-2.354,0.00609754,0.5209,Down
240187_at,PPP1R3C,protein phosphatase 1 regulatory subunit 3C,0.118,2.772,-2.356,0.00611076,0.5212,Up
222894_x_at,NDUFAF5,NADH:ubiquinone oxidoreductase complex assembly factor 5,-0.17,-2.771,-2.358,0.00612849,0.5219,Down
222208_s_at,POLR2J4,"RNA polymerase II subunit J4, pseudogene",-0.171,-2.77,-2.36,0.00614367,0.5221,Down
219410_at,TMEM45A,transmembrane protein 45A,0.334,2.77,-2.361,0.00615553,0.5221,Up
223660_at,ADORA3,adenosine A3 receptor,0.296,2.769,-2.362,0.00615955,0.5221,Up
204614_at,SERPINB2,serpin family B member 2,0.339,2.767,-2.366,0.00619973,0.5247,Up
235736_at,SMKR1,small lysine rich protein 1,-0.211,-2.765,-2.371,0.00623414,0.5265,Down
1557065_at,YLPM1,YLP motif containing 1,-0.157,-2.764,-2.373,0.00625356,0.5265,Down
239854_at,SYCE3,synaptonemal complex central element protein 3,0.103,2.764,-2.374,0.00625924,0.5265,Up
37986_at,EPOR,erythropoietin receptor,0.159,2.763,-2.375,0.00627363,0.5269,Up
229696_at,FECH,ferrochelatase,0.227,2.763,-2.376,0.00628432,0.5269,Up
1558795_at,LOC101928307,uncharacterized LOC101928307,0.298,2.762,-2.378,0.00629317,0.5269,Up
216519_s_at,PROSC,proline synthetase cotranscribed homolog (bacterial),-0.177,-2.761,-2.38,0.0063119,0.527,Down
242429_at,ZNF567,zinc finger protein 567,-0.29,-2.761,-2.38,0.00631374,0.527,Down
201108_s_at,THBS1,thrombospondin 1,0.36,2.76,-2.383,0.00634109,0.5284,Up
212247_at,NUP205,nucleoporin 205,-0.15,-2.759,-2.384,0.00634898,0.5284,Down
238602_at,DIS3L2,DIS3 like 3'-5' exoribonuclease 2,-0.178,-2.757,-2.389,0.00639054,0.531,Down
224517_at,POLR2J4,"RNA polymerase II subunit J4, pseudogene",-0.173,-2.755,-2.393,0.00642987,0.531,Down
216317_x_at,RHD///RHCE,Rh blood group D antigen///Rh blood group CcEe antigens,0.201,2.755,-2.394,0.00643112,0.531,Up
1569009_s_at,LOC648761///FAM201B,uncharacterized LOC648761///family with sequence similarity 201 member B,0.106,2.754,-2.394,0.00643944,0.531,Up
1555595_at,SCRN3,secernin 3,-0.221,-2.753,-2.396,0.00645674,0.5317,Down
1560861_at,THRA1/BTR,uncharacterized LOC105371807,-0.28,-2.752,-2.4,0.00648807,0.5326,Down
201258_at,RPS16,ribosomal protein S16,-0.0996,-2.751,-2.402,0.00650283,0.5326,Down
206259_at,PROC,"protein C, inactivator of coagulation factors Va and VIIIa",0.124,2.751,-2.402,0.00650534,0.5326,Up
201203_s_at,RRBP1,ribosome binding protein 1,0.126,2.75,-2.403,0.0065127,0.5326,Up
1568815_a_at,DDX50,DEAD-box helicase 50,-0.175,-2.75,-2.403,0.00651649,0.5326,Down
237158_s_at,MPHOSPH9,M-phase phosphoprotein 9,-0.214,-2.749,-2.405,0.00653462,0.5332,Down
210709_at,ZC3H15,zinc finger CCCH-type containing 15,-0.169,-2.748,-2.408,0.00655361,0.5332,Down
238807_at,GAPDHP62///ANKRD46,glyceraldehyde 3 phosphate dehydrogenase pseudogene 62///ankyrin repeat domain 46,-0.205,-2.746,-2.412,0.00658933,0.5353,Down
205819_at,MARCO,macrophage receptor with collagenous structure,0.216,2.746,-2.413,0.00660041,0.5354,Up
204097_s_at,RBMX2,"RNA binding motif protein, X-linked 2",-0.115,-2.744,-2.417,0.00664008,0.5378,Down
226169_at,SBF2,SET binding factor 2,0.231,2.743,-2.418,0.00665127,0.5378,Up
1559239_s_at,ACAT1,acetyl-CoA acetyltransferase 1,-0.267,-2.743,-2.42,0.00666168,0.5378,Down
200716_x_at,RPL13AP5///SNORD32A///SNORD33///SNORD34///SNORD35A///RPL13A,"ribosomal protein L13a pseudogene 5///small nucleolar RNA, C/D box 32A///small nucleolar RNA, C/D box 33///small nucleolar RNA, C/D box 34///small nucleolar RNA, C/D box 35A///ribosomal protein L13a",-0.0846,-2.742,-2.421,0.00667738,0.5378,Down
213201_s_at,TNNT1,"troponin T1, slow skeletal type",0.35,2.741,-2.424,0.0067002,0.5378,Up
210430_x_at,RHD,Rh blood group D antigen,0.264,2.74,-2.425,0.00671331,0.5378,Up
1566505_at,ERVK13-1,endogenous retrovirus group K13 member 1,-0.202,-2.74,-2.426,0.0067192,0.5378,Down
243151_at,LOC100506282,uncharacterized LOC100506282,0.113,2.739,-2.427,0.00672626,0.5378,Up
217958_at,MIR3656///TRAPPC4,microRNA 3656///trafficking protein particle complex 4,-0.136,-2.739,-2.427,0.00673047,0.5378,Down
222817_at,HSD3B7,"hydroxy-delta-5-steroid dehydrogenase, 3 beta- and steroid delta-isomerase 7",0.225,2.739,-2.428,0.00673729,0.5378,Up
237299_at,NARF,nuclear prelamin A recognition factor,0.371,2.738,-2.431,0.00676104,0.538,Up
1562764_at,LOC100507351,uncharacterized LOC100507351,0.108,2.738,-2.431,0.00676162,0.538,Up
212202_s_at,TMEM87A,transmembrane protein 87A,-0.0887,-2.736,-2.435,0.00679783,0.538,Down
231821_x_at,LOC729218///GTF2IP20///LINC01061,uncharacterized LOC729218///general transcription factor IIi pseudogene 20///long intergenic non-protein coding RNA 1061,0.132,2.735,-2.437,0.00681829,0.538,Up
234849_at,YME1L1,YME1 like 1 ATPase,-0.245,-2.735,-2.437,0.00682357,0.538,Down
209135_at,ASPH,aspartate beta-hydroxylase,0.325,2.734,-2.439,0.0068419,0.538,Up
207808_s_at,PROS1,protein S (alpha),0.41,2.734,-2.439,0.00684195,0.538,Up
228643_at,RAB30-AS1,RAB30 antisense RNA 1 (head to head),-0.291,-2.733,-2.44,0.0068508,0.538,Down
1568377_x_at,DEFB124,defensin beta 124,0.146,2.733,-2.441,0.00685789,0.538,Up
211720_x_at,RPLP0,ribosomal protein lateral stalk subunit P0,-0.189,-2.731,-2.444,0.00688956,0.538,Down
1552497_a_at,SLAMF6,SLAM family member 6,-0.133,-2.729,-2.449,0.00693021,0.538,Down
222626_at,RBM26,RNA binding motif protein 26,-0.138,-2.729,-2.449,0.00693314,0.538,Down
227554_at,MAGI2-AS3,MAGI2 antisense RNA 3,0.181,2.728,-2.451,0.00695355,0.538,Up
218250_s_at,CNOT7,CCR4-NOT transcription complex subunit 7,-0.0913,-2.728,-2.452,0.00695578,0.538,Down
219930_at,KLF8,Kruppel like factor 8,-0.13,-2.725,-2.458,0.00701505,0.538,Down
204772_s_at,TTF1,transcription termination factor 1,-0.167,-2.725,-2.458,0.00701729,0.538,Down
231672_at,LOC100653086,uncharacterized LOC100653086,0.35,2.725,-2.458,0.00701764,0.538,Up
219686_at,STK32B,serine/threonine kinase 32B,0.179,2.725,-2.459,0.00702292,0.538,Up
212607_at,AKT3,AKT serine/threonine kinase 3,-0.192,-2.724,-2.459,0.00702596,0.538,Down
227140_at,INHBA,inhibin beta A subunit,0.344,2.724,-2.459,0.00702727,0.538,Up
203006_at,INPP5A,inositol polyphosphate-5-phosphatase A,0.159,2.724,-2.46,0.00703974,0.538,Up
1561607_at,LOC101929384,uncharacterized LOC101929384,0.108,2.724,-2.461,0.00704263,0.538,Up
209378_s_at,CCSER2,coiled-coil serine rich protein 2,-0.18,-2.723,-2.462,0.00705158,0.538,Down
238480_at,TTC39C,tetratricopeptide repeat domain 39C,-0.101,-2.723,-2.463,0.00706701,0.538,Down
204630_s_at,GOSR1,golgi SNAP receptor complex member 1,-0.114,-2.721,-2.466,0.00709319,0.538,Down
232851_at,FBXO3,F-box protein 3,-0.201,-2.721,-2.467,0.00710133,0.538,Down
1570542_a_at,PMPCB,"peptidase, mitochondrial processing beta subunit",-0.19,-2.721,-2.467,0.00710371,0.538,Down
215848_at,SCAPER,S-phase cyclin A associated protein in the ER,-0.264,-2.721,-2.467,0.00710388,0.538,Down
244699_at,AHI1,Abelson helper integration site 1,-0.161,-2.719,-2.471,0.00714182,0.5394,Down
210537_s_at,TADA2A,transcriptional adaptor 2A,-0.159,-2.718,-2.472,0.00715256,0.5394,Down
204067_at,SUOX,sulfite oxidase,0.18,2.714,-2.482,0.00724645,0.5457,Up
212816_s_at,CBS,cystathionine-beta-synthase,0.288,2.713,-2.484,0.00726645,0.546,Up
231689_at,TRPM7,transient receptor potential cation channel subfamily M member 7,-0.17,-2.713,-2.484,0.00727061,0.546,Down
223392_s_at,TSHZ3,teashirt zinc finger homeobox 3,0.229,2.712,-2.486,0.00728497,0.5464,Up
1554273_a_at,ERAP2,endoplasmic reticulum aminopeptidase 2,-0.21,-2.711,-2.488,0.00730845,0.5467,Down
212894_at,SUPV3L1,Suv3 like RNA helicase,-0.129,-2.711,-2.489,0.00731533,0.5467,Down
219159_s_at,SLAMF7,SLAM family member 7,-0.32,-2.71,-2.489,0.00731987,0.5467,Down
219167_at,RASL12,RAS like family 12,0.126,2.709,-2.492,0.00734351,0.5467,Up
234893_s_at,DNAH6,dynein axonemal heavy chain 6,-0.144,-2.709,-2.492,0.00735134,0.5467,Down
205790_at,SKAP1,src kinase associated phosphoprotein 1,-0.183,-2.709,-2.493,0.0073587,0.5467,Down
205003_at,DOCK4,dedicator of cytokinesis 4,0.4,2.708,-2.494,0.0073639,0.5467,Up
32541_at,PPP3CC,protein phosphatase 3 catalytic subunit gamma,-0.115,-2.707,-2.496,0.00738362,0.5467,Down
241625_at,LOC389834,ankyrin repeat domain 57 pseudogene,-0.323,-2.707,-2.496,0.00738546,0.5467,Down
218850_s_at,LIMD1,LIM domains containing 1,-0.18,-2.707,-2.496,0.00738947,0.5467,Down
1557248_at,ZNF814,zinc finger protein 814,-0.198,-2.706,-2.499,0.00741653,0.5468,Down
227194_at,FAM3B,family with sequence similarity 3 member B,-0.582,-2.705,-2.501,0.00743526,0.5468,Down
231128_at,FAM181B,family with sequence similarity 181 member B,0.121,2.705,-2.501,0.00744048,0.5468,Up
212993_at,NACC2,NACC family member 2,0.118,2.704,-2.502,0.00745125,0.5468,Up
209725_at,UTP20,"UTP20, small subunit processome component",-0.148,-2.704,-2.504,0.00746488,0.5471,Down
222844_s_at,SRR,serine racemase,-0.203,-2.702,-2.506,0.00749062,0.5483,Down
212790_x_at,RPL13AP5///SNORD32A///SNORD33///SNORD34///SNORD35A///RPL13A,"ribosomal protein L13a pseudogene 5///small nucleolar RNA, C/D box 32A///small nucleolar RNA, C/D box 33///small nucleolar RNA, C/D box 34///small nucleolar RNA, C/D box 35A///ribosomal protein L13a",-0.0772,-2.699,-2.514,0.0075659,0.5497,Down
203936_s_at,MMP9,matrix metallopeptidase 9,0.335,2.699,-2.514,0.00757315,0.5497,Up
225866_at,RPF2,ribosome production factor 2 homolog,-0.145,-2.698,-2.516,0.0075935,0.5497,Down
228485_s_at,SLC44A1,solute carrier family 44 member 1,0.15,2.696,-2.52,0.00762888,0.5497,Up
221780_s_at,DDX27,DEAD-box helicase 27,-0.129,-2.696,-2.52,0.00763459,0.5497,Down
232480_at,MIRLET7BHG,MIRLET7B host gene,0.108,2.696,-2.52,0.00763671,0.5497,Up
221802_s_at,SHTN1,shootin 1,0.29,2.695,-2.521,0.00764441,0.5497,Up
238491_at,TAF1A-AS1,TAF1A antisense RNA 1,-0.22,-2.695,-2.522,0.00765781,0.5497,Down
205640_at,ALDH3B1,aldehyde dehydrogenase 3 family member B1,0.176,2.695,-2.523,0.00766205,0.5497,Up
1559109_a_at,VPS53,"VPS53, GARP complex subunit",-0.121,-2.693,-2.526,0.00769161,0.5497,Down
201559_s_at,CLIC4,chloride intracellular channel 4,0.202,2.693,-2.527,0.00770281,0.5497,Up
212169_at,FKBP9,FK506 binding protein 9,0.262,2.692,-2.528,0.00771135,0.5497,Up
222139_at,ERV3-2,endogenous retrovirus group 3 member 2,0.335,2.692,-2.528,0.00772043,0.5497,Up
1555931_at,TSGA10,testis specific 10,-0.187,-2.692,-2.529,0.00772947,0.5497,Down
235282_at,LOC102724532///SP2-AS1,uncharacterized LOC102724532///SP2 antisense RNA 1,-0.139,-2.691,-2.53,0.0077388,0.5497,Down
242550_at,EIF3B,eukaryotic translation initiation factor 3 subunit B,-0.2,-2.691,-2.532,0.00775207,0.5497,Down
238055_at,LOC100505549,uncharacterized LOC100505549,-0.117,-2.69,-2.533,0.00776799,0.5497,Down
222762_x_at,LIMD1,LIM domains containing 1,-0.0983,-2.69,-2.533,0.00776925,0.5497,Down
220243_at,ZBTB44,zinc finger and BTB domain containing 44,-0.171,-2.689,-2.535,0.00778992,0.5497,Down
1552622_s_at,UPK3BL///POLR2J3///LOC441259///POLR2J2///POLR2J,"uroplakin 3B-like///RNA polymerase II subunit J3///PMS1 homolog 2, mismatch repair system component pseudogene///RNA polymerase II subunit J2///RNA polymerase II subunit J",-0.151,-2.689,-2.535,0.00779028,0.5497,Down
240862_at,RASGRP4,RAS guanyl releasing protein 4,0.108,2.688,-2.537,0.00781129,0.5497,Up
210244_at,CAMP,cathelicidin antimicrobial peptide,0.287,2.688,-2.538,0.00781566,0.5497,Up
200766_at,CTSD,cathepsin D,0.159,2.688,-2.538,0.00782032,0.5497,Up
216684_s_at,SS18,"SS18, nBAF chromatin remodeling complex subunit",-0.128,-2.687,-2.539,0.00782745,0.5497,Down
219975_x_at,OLAH,oleoyl-ACP hydrolase,0.238,2.687,-2.539,0.00782915,0.5497,Up
213286_at,ZFR,zinc finger RNA binding protein,-0.176,-2.686,-2.541,0.00784895,0.5497,Down
224950_at,PTGFRN,prostaglandin F2 receptor inhibitor,0.173,2.686,-2.541,0.00784903,0.5497,Up
1553952_at,ZDHHC19,zinc finger DHHC-type containing 19,0.137,2.685,-2.544,0.00788264,0.5497,Up
216119_s_at,SPEF1,sperm flagellar 1,0.104,2.684,-2.546,0.00790399,0.5497,Up
1559419_at,CACNB2,calcium voltage-gated channel auxiliary subunit beta 2,-0.27,-2.684,-2.546,0.00790835,0.5497,Down
209992_at,PFKFB2,"6-phosphofructo-2-kinase/fructose-2,6-biphosphatase 2",0.279,2.684,-2.546,0.00790939,0.5497,Up
210116_at,SH2D1A,SH2 domain containing 1A,-0.25,-2.683,-2.548,0.00792529,0.5497,Down
211307_s_at,FCAR,Fc fragment of IgA receptor,0.134,2.682,-2.549,0.00794008,0.5497,Up
230171_at,LOC105377348,uncharacterized LOC105377348,-0.153,-2.682,-2.55,0.00794404,0.5497,Down
207408_at,SLC22A14,solute carrier family 22 member 14,0.142,2.682,-2.551,0.00795702,0.5497,Up
235927_at,XPO1,exportin 1,-0.219,-2.681,-2.552,0.00796647,0.5497,Down
208948_s_at,STAU1,staufen double-stranded RNA binding protein 1,0.0859,2.681,-2.552,0.00797411,0.5497,Up
1557399_at,LOC284009///METTL16,uncharacterized LOC284009///methyltransferase like 16,-0.161,-2.68,-2.553,0.00798205,0.5497,Down
1554149_at,CLDND1,claudin domain containing 1,-0.147,-2.68,-2.554,0.0079902,0.5497,Down
238158_at,MEIG1,meiosis/spermiogenesis associated 1,0.11,2.68,-2.555,0.00800134,0.5497,Up
226318_at,TBRG1,transforming growth factor beta regulator 1,-0.0951,-2.68,-2.555,0.00800185,0.5497,Down
209127_s_at,SART3,squamous cell carcinoma antigen recognized by T-cells 3,-0.142,-2.679,-2.555,0.00800689,0.5497,Down
222058_at,RNF130,ring finger protein 130,0.222,2.679,-2.557,0.00802194,0.5497,Up
225856_at,CLOCK,clock circadian regulator,-0.203,-2.679,-2.557,0.00802351,0.5497,Down
243224_at,LOC100506302,uncharacterized LOC100506302,-0.146,-2.678,-2.558,0.00803237,0.5497,Down
204677_at,CDH5,cadherin 5,0.0978,2.678,-2.558,0.00803493,0.5497,Up
229703_at,DLG1,discs large MAGUK scaffold protein 1,-0.136,-2.678,-2.559,0.00804167,0.5497,Down
211028_s_at,KHK,ketohexokinase,0.111,2.677,-2.56,0.00805474,0.5497,Up
228544_s_at,PET117///KAT14,PET117 homolog///lysine acetyltransferase 14,-0.149,-2.677,-2.56,0.00805997,0.5497,Down
226234_at,GDF11,growth differentiation factor 11,-0.152,-2.677,-2.561,0.00806375,0.5497,Down
235659_at,TMEM127,transmembrane protein 127,0.143,2.675,-2.564,0.00810477,0.5512,Up
213198_at,ACVR1B,activin A receptor type 1B,0.21,2.675,-2.565,0.00811555,0.5512,Up
202906_s_at,NBN,nibrin,0.12,2.674,-2.566,0.00812306,0.5512,Up
212332_at,RBL2,RB transcriptional corepressor like 2,-0.159,-2.674,-2.566,0.00812514,0.5512,Down
218349_s_at,ZWILCH,zwilch kinetochore protein,-0.16,-2.673,-2.57,0.00816265,0.553,Down
224060_s_at,DPH5,diphthamide biosynthesis 5,-0.16,-2.67,-2.575,0.00822479,0.5565,Down
213200_at,SYP,synaptophysin,0.151,2.668,-2.58,0.00828047,0.5591,Up
233748_x_at,PRKAG2,protein kinase AMP-activated non-catalytic subunit gamma 2,-0.107,-2.666,-2.583,0.00830953,0.5602,Down
223661_at,NUCKS1,nuclear casein kinase and cyclin dependent kinase substrate 1,-0.203,-2.666,-2.584,0.00832141,0.5603,Down
232732_at,LOC100652999,uncharacterized LOC100652999,0.105,2.664,-2.588,0.00836798,0.5621,Up
214798_at,ATP2C2,ATPase secretory pathway Ca2+ transporting 2,0.12,2.663,-2.589,0.00838176,0.5621,Up
226102_at,ZKSCAN8,zinc finger with KRAB and SCAN domains 8,-0.11,-2.663,-2.59,0.00838918,0.5621,Down
202607_at,NDST1,N-deacetylase and N-sulfotransferase 1,0.179,2.663,-2.591,0.00840064,0.5621,Up
235388_at,CHD9,chromodomain helicase DNA binding protein 9,-0.187,-2.662,-2.591,0.00840895,0.5621,Down
227835_at,LOC389831,uncharacterized LOC389831,-0.312,-2.662,-2.592,0.00841009,0.5621,Down
201382_at,CACYBP,calcyclin binding protein,-0.158,-2.661,-2.595,0.00845083,0.564,Down
218665_at,FZD4,frizzled class receptor 4,0.131,2.66,-2.596,0.00845814,0.564,Up
1563474_at,ETFBKMT,electron transfer flavoprotein beta subunit lysine methyltransferase,0.278,2.66,-2.597,0.00847208,0.5641,Up
207384_at,PGLYRP1,peptidoglycan recognition protein 1,0.291,2.659,-2.598,0.00848047,0.5641,Up
224196_x_at,DPH5,diphthamide biosynthesis 5,-0.145,-2.659,-2.599,0.00849953,0.5647,Down
224963_at,SLC26A2,solute carrier family 26 member 2,-0.207,-2.657,-2.603,0.00854337,0.5652,Down
243813_at,LINC00968,long intergenic non-protein coding RNA 968,0.123,2.657,-2.604,0.00854979,0.5652,Up
217650_x_at,ST3GAL2,"ST3 beta-galactoside alpha-2,3-sialyltransferase 2",0.088,2.656,-2.604,0.00855312,0.5652,Up
243366_s_at,ITGA4,integrin subunit alpha 4,-0.252,-2.656,-2.604,0.0085548,0.5652,Down
209151_x_at,TCF3,transcription factor 3,0.104,2.656,-2.605,0.00856667,0.5652,Up
213522_s_at,CSNK1D,casein kinase 1 delta,0.168,2.655,-2.606,0.00858127,0.5652,Up
229346_at,NES,nestin,0.119,2.653,-2.611,0.00863897,0.566,Up
1557724_a_at,LOC285847,uncharacterized LOC285847,0.148,2.652,-2.612,0.00864963,0.566,Up
228012_at,SNHG4///MATR3,small nucleolar RNA host gene 4///matrin 3,-0.207,-2.652,-2.612,0.00865213,0.566,Down
208549_x_at,PTMA,"prothymosin, alpha",-0.0824,-2.652,-2.613,0.0086538,0.566,Down
221432_s_at,SLC25A28,solute carrier family 25 member 28,-0.104,-2.652,-2.614,0.00866789,0.5661,Down
229260_at,C5orf15,chromosome 5 open reading frame 15,0.12,2.651,-2.615,0.00868583,0.5661,Up
235014_at,ILF3-AS1,ILF3 antisense RNA 1 (head to head),-0.204,-2.651,-2.615,0.00868679,0.5661,Down
227875_at,KLHL13,kelch like family member 13,0.121,2.65,-2.617,0.00870675,0.5661,Up
214122_at,PDLIM7,PDZ and LIM domain 7,0.147,2.65,-2.618,0.00871753,0.5661,Up
201257_x_at,SNORD73A///RPS3A,"small nucleolar RNA, C/D box 73A///ribosomal protein S3A",-0.264,-2.649,-2.62,0.00874151,0.5661,Down
202856_s_at,MIR6787///SLC16A3,microRNA 6787///solute carrier family 16 member 3,0.145,2.649,-2.62,0.008744,0.5661,Up
208663_s_at,TTC3P1///TTC3,tetratricopeptide repeat domain 3 pseudogene 1///tetratricopeptide repeat domain 3,-0.149,-2.648,-2.621,0.00874835,0.5661,Down
235352_at,MR1,"major histocompatibility complex, class I-related",0.216,2.648,-2.622,0.00877137,0.5669,Up
228015_s_at,TRIM8,tripartite motif containing 8,0.0852,2.645,-2.627,0.00882904,0.5699,Up
206934_at,SIRPB1,signal regulatory protein beta 1,0.166,2.642,-2.634,0.00890432,0.5707,Up
214987_at,GAB1,GRB2 associated binding protein 1,0.139,2.642,-2.634,0.00891291,0.5707,Up
242281_at,GLUL,glutamate-ammonia ligase,0.23,2.642,-2.634,0.00891407,0.5707,Up
206497_at,COA1,cytochrome c oxidase assembly factor 1 homolog,-0.183,-2.642,-2.635,0.00891912,0.5707,Down
1564356_at,ZNF568,zinc finger protein 568,-0.27,-2.641,-2.636,0.00892965,0.5707,Down
1554159_a_at,ZMYND11,zinc finger MYND-type containing 11,-0.177,-2.641,-2.637,0.00894471,0.5707,Down
229374_at,EPHA4,EPH receptor A4,-0.24,-2.64,-2.639,0.00896503,0.5707,Down
242873_at,LOC101928100,uncharacterized LOC101928100,-0.139,-2.64,-2.639,0.00897221,0.5707,Down
221359_at,GDNF,glial cell derived neurotrophic factor,0.0916,2.639,-2.64,0.00897808,0.5707,Up
218140_x_at,SRPRB,SRP receptor beta subunit,-0.106,-2.639,-2.64,0.00898524,0.5707,Down
212741_at,MAOA,monoamine oxidase A,0.311,2.639,-2.641,0.00899174,0.5707,Up
224347_x_at,UBE2J2,ubiquitin conjugating enzyme E2 J2,0.114,2.639,-2.641,0.0089973,0.5707,Up
205479_s_at,PLAU,"plasminogen activator, urokinase",0.125,2.638,-2.643,0.00901416,0.5707,Up
232521_at,PCSK7,proprotein convertase subtilisin/kexin type 7,-0.143,-2.637,-2.645,0.00904255,0.5707,Down
221204_s_at,CRTAC1,cartilage acidic protein 1,0.151,2.637,-2.645,0.00904321,0.5707,Up
233158_at,KRT82,keratin 82,0.109,2.637,-2.645,0.00904967,0.5707,Up
215275_at,TRAF3IP3,TRAF3 interacting protein 3,-0.15,-2.636,-2.646,0.00905332,0.5707,Down
33148_at,ZFR,zinc finger RNA binding protein,-0.17,-2.636,-2.646,0.00905872,0.5707,Down
225347_at,ARL8A,ADP ribosylation factor like GTPase 8A,0.0921,2.636,-2.647,0.00906524,0.5707,Up
213903_s_at,CNOT9,CCR4-NOT transcription complex subunit 9,-0.126,-2.635,-2.648,0.0090853,0.5707,Down
218273_s_at,PDP1,pyruvate dehyrogenase phosphatase catalytic subunit 1,-0.195,-2.635,-2.649,0.00908896,0.5707,Down
242037_at,ASPH,aspartate beta-hydroxylase,0.179,2.635,-2.649,0.00909075,0.5707,Up
223435_s_at,PCDHA1///PCDHA2///PCDHA3///PCDHA4///PCDHA5///PCDHA6///PCDHA7///PCDHA8///PCDHA10///PCDHA11///PCDHA12///PCDHA13///PCDHAC1///PCDHAC2///PCDHA9,"protocadherin alpha 1///protocadherin alpha 2///protocadherin alpha 3///protocadherin alpha 4///protocadherin alpha 5///protocadherin alpha 6///protocadherin alpha 7///protocadherin alpha 8///protocadherin alpha 10///protocadherin alpha 11///protocadherin alpha 12///protocadherin alpha 13///protocadherin alpha subfamily C, 1///protocadherin alpha subfamily C, 2///protocadherin alpha 9",-0.098,-2.635,-2.649,0.00909741,0.5707,Down
206100_at,CPM,carboxypeptidase M,0.253,2.635,-2.649,0.00909795,0.5707,Up
201094_at,RPS29,ribosomal protein S29,-0.118,-2.635,-2.65,0.00910264,0.5707,Down
201125_s_at,ITGB5,integrin subunit beta 5,0.269,2.634,-2.65,0.00911245,0.5707,Up
220240_s_at,TMCO3,transmembrane and coiled-coil domains 3,0.173,2.633,-2.652,0.00913047,0.5711,Up
237179_at,PCMTD2,protein-L-isoaspartate (D-aspartate) O-methyltransferase domain containing 2,-0.25,-2.633,-2.653,0.00913931,0.5711,Down
208545_x_at,TAF4,TATA-box binding protein associated factor 4,0.112,2.629,-2.661,0.00924408,0.5734,Up
204268_at,S100A2,S100 calcium binding protein A2,0.117,2.629,-2.662,0.00925037,0.5734,Up
229126_at,TMEM19,transmembrane protein 19,-0.193,-2.628,-2.663,0.00926951,0.5736,Down
222457_s_at,LIMA1,LIM domain and actin binding 1,-0.185,-2.628,-2.663,0.00927506,0.5736,Down
221722_x_at,LZTS1,leucine zipper tumor suppressor 1,0.109,2.627,-2.664,0.00928732,0.5736,Up
222291_at,FAM149A,family with sequence similarity 149 member A,-0.192,-2.627,-2.665,0.00930054,0.5736,Down
207721_x_at,HINT1,histidine triad nucleotide binding protein 1,-0.182,-2.627,-2.666,0.00930725,0.5736,Down
213799_s_at,PTPRA,"protein tyrosine phosphatase, receptor type A",-0.16,-2.626,-2.667,0.0093168,0.5736,Down
205170_at,STAT2,signal transducer and activator of transcription 2,0.137,2.625,-2.67,0.00935749,0.5755,Up
225869_s_at,UNC93B1,unc-93 homolog B1 (C. elegans),0.102,2.624,-2.672,0.00938077,0.5758,Up
236310_at,ZNF37BP,"zinc finger protein 37B, pseudogene",-0.213,-2.624,-2.672,0.00938893,0.5758,Down
222092_at,PTPN21,"protein tyrosine phosphatase, non-receptor type 21",0.12,2.623,-2.673,0.00939394,0.5758,Up
210646_x_at,RPL13AP5///SNORD32A///SNORD33///SNORD34///SNORD35A///RPL13A,"ribosomal protein L13a pseudogene 5///small nucleolar RNA, C/D box 32A///small nucleolar RNA, C/D box 33///small nucleolar RNA, C/D box 34///small nucleolar RNA, C/D box 35A///ribosomal protein L13a",-0.0816,-2.622,-2.675,0.00942712,0.5771,Down
226625_at,TGFBR3,transforming growth factor beta receptor 3,-0.225,-2.622,-2.676,0.00943689,0.5771,Down
222588_s_at,C11orf57,chromosome 11 open reading frame 57,-0.153,-2.621,-2.677,0.00945257,0.5773,Down
1554080_at,CNOT9,CCR4-NOT transcription complex subunit 9,-0.191,-2.621,-2.678,0.00946112,0.5773,Down
206017_at,KIAA0319,KIAA0319,0.184,2.62,-2.68,0.00948954,0.5775,Up
1570411_at,LOC100133131,uncharacterized LOC100133131,-0.205,-2.62,-2.681,0.00949823,0.5775,Down
225282_at,SMAP2,small ArfGAP2,0.0929,2.62,-2.681,0.00949919,0.5775,Up
211121_s_at,DOK1,docking protein 1,0.115,2.619,-2.682,0.00950589,0.5775,Up
205127_at,PTGS1,prostaglandin-endoperoxide synthase 1,0.195,2.617,-2.686,0.00955837,0.58,Up
235245_at,TMEM92,transmembrane protein 92,0.194,2.616,-2.688,0.00958896,0.5807,Up
204064_at,THOC1,THO complex 1,-0.147,-2.616,-2.688,0.00959081,0.5807,Down
238935_at,RPS27L,ribosomal protein S27 like,-0.279,-2.615,-2.69,0.00962266,0.5809,Down
240312_at,LOC389895,chromosome 16 open reading frame 72-like,0.13,2.614,-2.692,0.00964456,0.5809,Up
202206_at,ARL4C,ADP ribosylation factor like GTPase 4C,-0.189,-2.613,-2.695,0.00967614,0.5809,Down
208860_s_at,ATRX,"ATRX, chromatin remodeler",-0.114,-2.612,-2.696,0.00969499,0.5809,Down
205345_at,BARD1,BRCA1 associated RING domain 1,-0.176,-2.612,-2.696,0.00970133,0.5809,Down
206523_at,CYTH3,cytohesin 3,0.114,2.612,-2.697,0.00970346,0.5809,Up
227250_at,KREMEN1,kringle containing transmembrane protein 1,0.308,2.611,-2.699,0.00973124,0.5809,Up
208636_at,ACTN1,actinin alpha 1,0.0823,2.61,-2.7,0.00975226,0.5809,Up
215124_at,ZNF550,zinc finger protein 550,-0.133,-2.609,-2.703,0.009788,0.5809,Down
211252_x_at,PTCRA,pre T-cell antigen receptor alpha,0.12,2.609,-2.703,0.00978981,0.5809,Up
205645_at,REPS2,RALBP1 associated Eps domain containing 2,0.2,2.608,-2.704,0.00980199,0.5809,Up
217552_x_at,CR1,complement component 3b/4b receptor 1 (Knops blood group),0.195,2.608,-2.706,0.00982244,0.5809,Up
60815_at,POLR2J4,"RNA polymerase II subunit J4, pseudogene",-0.184,-2.607,-2.706,0.0098299,0.5809,Down
240239_at,ZNF566,zinc finger protein 566,-0.213,-2.607,-2.707,0.00984248,0.5809,Down
222146_s_at,TCF4,transcription factor 4,-0.162,-2.606,-2.71,0.00987543,0.5809,Down
211181_x_at,LOC101928269///LOC100506403///RUNX1,uncharacterized LOC101928269///uncharacterized LOC100506403///runt related transcription factor 1,-0.102,-2.605,-2.71,0.00988736,0.5809,Down
211921_x_at,LOC100506248///MIR1244-2///MIR1244-3///MIR1244-1///LOC728026///PTMA,"prothymosin alpha///microRNA 1244-2///microRNA 1244-3///microRNA 1244-1///prothymosin alpha-like///prothymosin, alpha",-0.0701,-2.605,-2.711,0.00989129,0.5809,Down
238474_at,NUP43,nucleoporin 43,-0.166,-2.604,-2.713,0.00992822,0.5809,Down
213438_at,NFASC,neurofascin,0.154,2.603,-2.715,0.00994724,0.5809,Up
211902_x_at,YME1L1,YME1 like 1 ATPase,-0.131,-2.603,-2.715,0.00994769,0.5809,Down
218910_at,ANO10,anoctamin 10,0.211,2.602,-2.716,0.00996693,0.5809,Up
201185_at,HTRA1,HtrA serine peptidase 1,0.18,2.601,-2.719,0.01000331,0.5809,Up
211210_x_at,SH2D1A,SH2 domain containing 1A,-0.232,-2.6,-2.721,0.01003338,0.5809,Down
221714_s_at,RRN3P1,"RRN3 homolog, RNA polymerase I transcription factor pseudogene 1",-0.272,-2.599,-2.723,0.0100561,0.5809,Down
1568770_at,MYLK,myosin light chain kinase,0.137,2.599,-2.724,0.01007176,0.5809,Up
207776_s_at,CACNB2,calcium voltage-gated channel auxiliary subunit beta 2,-0.154,-2.599,-2.724,0.01007763,0.5809,Down
212879_x_at,PIAS4,protein inhibitor of activated STAT 4,0.112,2.598,-2.725,0.01008468,0.5809,Up
230480_at,PIWIL4,piwi like RNA-mediated gene silencing 4,0.194,2.598,-2.725,0.0100887,0.5809,Up
204912_at,IL10RA,interleukin 10 receptor subunit alpha,-0.0989,-2.598,-2.726,0.01010017,0.5809,Down
1566447_at,CD6,CD6 molecule,-0.136,-2.598,-2.726,0.0101028,0.5809,Down
202106_at,GOLGA3,golgin A3,-0.0922,-2.598,-2.726,0.01010466,0.5809,Down
228570_at,BTBD11,BTB domain containing 11,-0.183,-2.597,-2.727,0.01011771,0.5809,Down
238635_at,TMEM267,transmembrane protein 267,-0.211,-2.597,-2.729,0.01013507,0.5809,Down
205171_at,PTPN4,"protein tyrosine phosphatase, non-receptor type 4",-0.163,-2.596,-2.729,0.01014271,0.5809,Down
223276_at,SMIM3,small integral membrane protein 3,0.179,2.596,-2.729,0.01014807,0.5809,Up
232727_at,UCKL1,uridine-cytidine kinase 1 like 1,0.136,2.596,-2.73,0.01015665,0.5809,Up
230375_at,PNISR,PNN interacting serine and arginine rich protein,-0.0962,-2.595,-2.731,0.0101708,0.5809,Down
204293_at,SGSH,N-sulfoglucosamine sulfohydrolase,0.125,2.594,-2.733,0.01020153,0.5809,Up
214230_at,CDC42,cell division cycle 42,-0.13,-2.594,-2.735,0.01021926,0.5809,Down
228152_s_at,DDX60L,DEAD-box helicase 60-like,0.251,2.593,-2.735,0.0102222,0.5809,Up
211930_at,HNRNPA3,heterogeneous nuclear ribonucleoprotein A3,-0.0864,-2.593,-2.736,0.01023348,0.5809,Down
231865_at,NCKAP5L,NCK associated protein 5 like,0.129,2.593,-2.736,0.01024004,0.5809,Up
234023_s_at,CENPJ,centromere protein J,-0.148,-2.593,-2.737,0.01024928,0.5809,Down
1554432_x_at,SMIM11A,small integral membrane protein 11A,-0.102,-2.592,-2.737,0.01025813,0.5809,Down
223694_at,TRIM7,tripartite motif containing 7,0.132,2.591,-2.739,0.01028704,0.5809,Up
227030_at,IKZF3,IKAROS family zinc finger 3,-0.137,-2.591,-2.74,0.01028837,0.5809,Down
226526_s_at,CKAP4,cytoskeleton associated protein 4,0.105,2.591,-2.74,0.01029138,0.5809,Up
235369_at,C14orf28,chromosome 14 open reading frame 28,-0.221,-2.59,-2.742,0.01032377,0.5809,Down
209929_s_at,IKBKG,"inhibitor of kappa light polypeptide gene enhancer in B-cells, kinase gamma",0.111,2.59,-2.742,0.01032487,0.5809,Up
210512_s_at,VEGFA,vascular endothelial growth factor A,0.24,2.59,-2.742,0.01032795,0.5809,Up
1554181_at,SNX32,sorting nexin 32,0.116,2.59,-2.743,0.01033379,0.5809,Up
231713_s_at,ELP2,elongator acetyltransferase complex subunit 2,-0.152,-2.589,-2.743,0.01033777,0.5809,Down
214552_s_at,RABEP1,"rabaptin, RAB GTPase binding effector protein 1",-0.131,-2.589,-2.743,0.01034376,0.5809,Down
240344_x_at,LYRM7,LYR motif containing 7,-0.163,-2.589,-2.745,0.01035991,0.5809,Down
202397_at,NUTF2P4///NUTF2,nuclear transport factor 2 pseudogene 4///nuclear transport factor 2,-0.122,-2.588,-2.745,0.0103673,0.5809,Down
220035_at,NUP210,nucleoporin 210,-0.112,-2.588,-2.745,0.01037049,0.5809,Down
222538_s_at,APPL1,"adaptor protein, phosphotyrosine interacting with PH domain and leucine zipper 1",-0.189,-2.588,-2.745,0.01037188,0.5809,Down
1566134_at,CARHSP1,calcium regulated heat stable protein 1,0.121,2.588,-2.746,0.01037398,0.5809,Up
227977_at,ZADH2,zinc binding alcohol dehydrogenase domain containing 2,-0.18,-2.588,-2.746,0.01037661,0.5809,Down
241709_s_at,DOCK1,dedicator of cytokinesis 1,0.103,2.587,-2.748,0.01040513,0.5809,Up
1555347_at,PDXDC1,pyridoxal dependent decarboxylase domain containing 1,-0.166,-2.587,-2.748,0.01041191,0.5809,Down
236371_s_at,TGS1,trimethylguanosine synthase 1,-0.126,-2.587,-2.748,0.01041411,0.5809,Down
211211_x_at,SH2D1A,SH2 domain containing 1A,-0.214,-2.586,-2.749,0.01042766,0.5809,Down
222193_at,LDAH,lipid droplet associated hydrolase,-0.156,-2.586,-2.75,0.01044246,0.5809,Down
1559856_s_at,KMT2A,lysine methyltransferase 2A,-0.18,-2.585,-2.752,0.01046487,0.5809,Down
208466_at,RAB3D,"RAB3D, member RAS oncogene family",0.137,2.585,-2.753,0.01048177,0.5809,Up
229295_at,IL17RA,interleukin 17 receptor A,0.159,2.584,-2.755,0.01050213,0.5809,Up
224775_at,IWS1,"IWS1, SUPT6H interacting protein",-0.123,-2.584,-2.755,0.01050411,0.5809,Down
218886_at,PAK1IP1,PAK1 interacting protein 1,-0.169,-2.584,-2.755,0.01050703,0.5809,Down
205053_at,PRIM1,primase (DNA) subunit 1,-0.214,-2.583,-2.756,0.01051735,0.5809,Down
1554554_at,CCDC57,coiled-coil domain containing 57,0.122,2.583,-2.756,0.01052136,0.5809,Up
203313_s_at,TGIF1,TGFB induced factor homeobox 1,-0.173,-2.583,-2.757,0.01053299,0.5809,Down
219325_s_at,ELAC1,elaC ribonuclease Z 1,-0.204,-2.582,-2.759,0.01056895,0.5809,Down
206371_at,FOLR3,folate receptor 3,0.554,2.581,-2.76,0.010581,0.5809,Up
204924_at,TLR2,toll like receptor 2,0.186,2.581,-2.761,0.01059629,0.5809,Up
221906_at,TXNRD3NB///TXNRD3,thioredoxin reductase 3 neighbor///thioredoxin reductase 3,0.104,2.58,-2.762,0.01060647,0.5809,Up
233999_s_at,TTC26,tetratricopeptide repeat domain 26,0.163,2.58,-2.762,0.01060718,0.5809,Up
204503_at,EVPL,envoplakin,0.115,2.58,-2.762,0.01061073,0.5809,Up
210601_at,CDH6,cadherin 6,0.139,2.58,-2.762,0.01061109,0.5809,Up
218208_at,PQLC1,PQ loop repeat containing 1,0.142,2.58,-2.762,0.01061208,0.5809,Up
207509_s_at,LAIR2,leukocyte associated immunoglobulin like receptor 2,-0.407,-2.58,-2.763,0.01061683,0.5809,Down
226417_at,RHOB,ras homolog family member B,0.0979,2.579,-2.764,0.01063592,0.5809,Up
231873_at,BMPR2,bone morphogenetic protein receptor type 2,-0.246,-2.579,-2.764,0.01064418,0.5809,Down
234863_x_at,FBXO5,F-box protein 5,-0.159,-2.579,-2.765,0.01065212,0.5809,Down
242685_at,GTPBP8,GTP binding protein 8 (putative),-0.176,-2.579,-2.765,0.01065328,0.5809,Down
238691_at,SCARNA13///SNHG10,small Cajal body-specific RNA 13///small nucleolar RNA host gene 10,-0.159,-2.578,-2.766,0.01066601,0.5809,Down
1557985_s_at,CEP78,centrosomal protein 78,-0.18,-2.578,-2.767,0.01068111,0.5809,Down
222826_at,BLOC1S6,biogenesis of lysosomal organelles complex 1 subunit 6,-0.22,-2.577,-2.768,0.01069536,0.5809,Down
208895_s_at,DDX18,DEAD-box helicase 18,-0.122,-2.577,-2.769,0.0107107,0.5809,Down
223520_s_at,KIF13A,kinesin family member 13A,0.172,2.577,-2.77,0.0107202,0.5809,Up
215162_at,RALGAPA1,Ral GTPase activating protein catalytic alpha subunit 1,-0.257,-2.576,-2.77,0.01073258,0.5809,Down
208826_x_at,HINT1,histidine triad nucleotide binding protein 1,-0.182,-2.576,-2.771,0.0107439,0.5809,Down
208923_at,CYFIP1,cytoplasmic FMR1 interacting protein 1,0.144,2.575,-2.772,0.01075474,0.5809,Up
222915_s_at,BANK1,B-cell scaffold protein with ankyrin repeats 1,-0.252,-2.575,-2.773,0.01077609,0.5809,Down
222409_at,CORO1C,coronin 1C,0.133,2.575,-2.773,0.01077643,0.5809,Up
1556670_at,GTF3C2-AS1,GTF3C2 antisense RNA 1,0.105,2.574,-2.774,0.01078384,0.5809,Up
204177_s_at,KLHL20,kelch like family member 20,-0.119,-2.574,-2.774,0.0107884,0.5809,Down
210568_s_at,RECQL,RecQ like helicase,-0.156,-2.574,-2.775,0.01079742,0.5809,Down
208493_at,HOXA11,homeobox A11,0.133,2.574,-2.776,0.01080844,0.5809,Up
237189_at,HOXB-AS1,HOXB cluster antisense RNA 1,-0.248,-2.573,-2.777,0.01082703,0.5809,Down
234742_at,SIRPG,signal regulatory protein gamma,-0.121,-2.573,-2.777,0.01082773,0.5809,Down
1569194_at,ZNF789,zinc finger protein 789,-0.14,-2.573,-2.777,0.01083392,0.5809,Down
1562321_at,PDK4,pyruvate dehydrogenase kinase 4,-0.282,-2.573,-2.778,0.0108404,0.5809,Down
221340_at,CDX4,caudal type homeobox 4,0.114,2.572,-2.778,0.01084248,0.5809,Up
231204_at,ZGRF1,zinc finger GRF-type containing 1,-0.208,-2.572,-2.779,0.01085392,0.5809,Down
220507_s_at,UPB1,beta-ureidopropionase 1,0.182,2.572,-2.779,0.0108648,0.5809,Up
230337_at,SOS1,SOS Ras/Rac guanine nucleotide exchange factor 1,-0.16,-2.572,-2.78,0.01086848,0.5809,Down
219576_at,MAP7D3,MAP7 domain containing 3,-0.136,-2.572,-2.78,0.01087082,0.5809,Down
1555679_a_at,RTN4IP1,reticulon 4 interacting protein 1,-0.171,-2.571,-2.78,0.01087877,0.5809,Down
200778_s_at,SEPT2,septin 2,0.128,2.571,-2.782,0.01089878,0.5814,Up
206579_at,ZKSCAN8,zinc finger with KRAB and SCAN domains 8,-0.138,-2.569,-2.785,0.01095195,0.5823,Down
219737_s_at,PCDH9,protocadherin 9,-0.256,-2.569,-2.785,0.01095469,0.5823,Down
232364_at,LOC100506235,uncharacterized LOC100506235,-0.181,-2.569,-2.786,0.01095748,0.5823,Down
202435_s_at,CYP1B1,cytochrome P450 family 1 subfamily B member 1,0.227,2.568,-2.786,0.01096637,0.5823,Up
1552698_at,TUBA3FP,tubulin alpha 3f pseudogene,-0.135,-2.568,-2.787,0.01098113,0.5823,Down
210004_at,OLR1,oxidized low density lipoprotein receptor 1,0.272,2.567,-2.789,0.01100198,0.5823,Up
211138_s_at,KMO,kynurenine 3-monooxygenase (kynurenine 3-hydroxylase),-0.2,-2.567,-2.789,0.01100502,0.5823,Down
200806_s_at,HSPD1,heat shock protein family D (Hsp60) member 1,-0.165,-2.567,-2.789,0.0110125,0.5823,Down
209460_at,ABAT,4-aminobutyrate aminotransferase,0.195,2.564,-2.796,0.01111126,0.5859,Up
206026_s_at,TNFAIP6,TNF alpha induced protein 6,0.332,2.563,-2.797,0.01112403,0.5859,Up
210002_at,GATA6,GATA binding protein 6,-0.196,-2.562,-2.8,0.0111684,0.5877,Down
209264_s_at,TSPAN4,tetraspanin 4,0.157,2.561,-2.801,0.01118496,0.588,Up
224933_s_at,JMJD1C,jumonji domain containing 1C,-0.096,-2.561,-2.802,0.01120478,0.5885,Down
234539_at,ADARB1,"adenosine deaminase, RNA specific B1",0.108,2.56,-2.803,0.01122232,0.5885,Up
226463_at,ATP6V1C1,ATPase H+ transporting V1 subunit C1,0.137,2.56,-2.803,0.01122586,0.5885,Up
234427_at,YME1L1,YME1 like 1 ATPase,-0.27,-2.559,-2.806,0.0112698,0.5902,Down
222708_s_at,STX17,syntaxin 17,-0.163,-2.557,-2.809,0.01131836,0.5909,Down
203491_s_at,CEP57,centrosomal protein 57,-0.186,-2.557,-2.81,0.01132436,0.5909,Down
1555037_a_at,IDH1,"isocitrate dehydrogenase (NADP(+)) 1, cytosolic",0.148,2.557,-2.81,0.01132636,0.5909,Up
201968_s_at,PGM1,phosphoglucomutase 1,0.124,2.556,-2.811,0.01134838,0.5909,Up
231811_at,LOC100653296///LOC100288778///WASH1///LOC100134445///WASH7P///WASH5P///WASH2P///WASH3P,uncharacterized LOC100653296///WAS protein family homolog 1 pseudogene///WAS protein family homolog 1///uncharacterized LOC100134445///WAS protein family homolog 7 pseudogene///WAS protein family homolog 5 pseudogene///WAS protein family homolog 2 pseudogene///WAS protein family homolog 3 pseudogene,0.0945,2.556,-2.811,0.01135125,0.5909,Up
209889_at,SEC31B,"SEC31 homolog B, COPII coat complex component",-0.161,-2.556,-2.812,0.01135812,0.5909,Down
225372_at,C10orf54,chromosome 10 open reading frame 54,0.138,2.555,-2.813,0.01136989,0.5909,Up
206404_at,FGF9,fibroblast growth factor 9,-0.16,-2.555,-2.814,0.0113938,0.5916,Down
204420_at,FOSL1,"FOS like 1, AP-1 transcription factor subunit",0.105,2.554,-2.815,0.01140412,0.5916,Up
226682_at,RORA,RAR related orphan receptor A,-0.294,-2.554,-2.816,0.01141843,0.5917,Down
201593_s_at,ZC3H15,zinc finger CCCH-type containing 15,-0.17,-2.554,-2.816,0.0114284,0.5917,Down
1555938_x_at,VIM,vimentin,0.209,2.552,-2.82,0.01147809,0.5929,Up
244198_at,RANBP17,RAN binding protein 17,0.129,2.552,-2.82,0.01148933,0.5929,Up
235039_x_at,LIN9,lin-9 DREAM MuvB core complex component,-0.195,-2.551,-2.821,0.01150375,0.5929,Down
237271_at,C7orf77,chromosome 7 open reading frame 77,0.141,2.551,-2.822,0.01151689,0.5929,Up
235272_at,SBSN,suprabasin,0.108,2.55,-2.823,0.01153906,0.5929,Up
223344_s_at,MS4A7,membrane spanning 4-domains A7,-0.203,-2.55,-2.824,0.01155295,0.5929,Down
204809_at,CLPX,caseinolytic mitochondrial matrix peptidase chaperone subunit,0.132,2.548,-2.828,0.01161044,0.5929,Up
221513_s_at,ALG11///UTP14A///UTP14C,"ALG11, alpha-1,2-mannosyltransferase///UTP14A small subunit processome component///UTP14, small subunit processome component homolog C (S. cerevisiae)",-0.149,-2.548,-2.829,0.0116199,0.5929,Down
230107_at,HM13,histocompatibility minor 13,0.116,2.548,-2.829,0.01162028,0.5929,Up
213048_s_at,SET,SET nuclear proto-oncogene,-0.0609,-2.547,-2.83,0.01163732,0.5929,Down
226634_at,METTL10,methyltransferase like 10,-0.197,-2.547,-2.83,0.01163796,0.5929,Down
219316_s_at,FLVCR2,feline leukemia virus subgroup C cellular receptor family member 2,0.193,2.546,-2.831,0.01166221,0.5929,Up
224996_at,ASPH,aspartate beta-hydroxylase,0.374,2.546,-2.832,0.01168196,0.5929,Up
227498_at,SOX6,SRY-box 6,0.208,2.546,-2.833,0.01168592,0.5929,Up
223732_at,SLC23A1,solute carrier family 23 member 1,-0.173,-2.545,-2.834,0.01170218,0.5929,Down
240070_at,TIGIT,T-cell immunoreceptor with Ig and ITIM domains,-0.229,-2.545,-2.834,0.01170548,0.5929,Down
209457_at,DUSP5,dual specificity phosphatase 5,-0.199,-2.545,-2.834,0.01171203,0.5929,Down
1553972_a_at,CBS,cystathionine-beta-synthase,0.229,2.544,-2.835,0.01171921,0.5929,Up
211469_s_at,CXCR6,C-X-C motif chemokine receptor 6,-0.174,-2.544,-2.835,0.01172131,0.5929,Down
228497_at,SLC22A15,solute carrier family 22 member 15,0.229,2.544,-2.836,0.01174608,0.5935,Up
204731_at,TGFBR3,transforming growth factor beta receptor 3,-0.243,-2.542,-2.84,0.01179771,0.595,Down
1557684_at,ZNF286A,zinc finger protein 286A,-0.133,-2.542,-2.84,0.01180622,0.595,Down
201749_at,ECE1,endothelin converting enzyme 1,0.119,2.542,-2.84,0.01180722,0.595,Up
220231_at,PPP1R17,protein phosphatase 1 regulatory subunit 17,-0.283,-2.541,-2.842,0.01182912,0.5953,Down
211462_s_at,TBL1Y,"transducin (beta)-like 1, Y-linked",0.13,2.541,-2.843,0.01184603,0.5953,Up
225532_at,CABLES1,Cdk5 and Abl enzyme substrate 1,0.111,2.541,-2.843,0.01184655,0.5953,Up
216205_s_at,MFN2,mitofusin 2,0.114,2.539,-2.847,0.01191003,0.598,Up
243042_at,MIGA1,mitoguardin 1,-0.137,-2.538,-2.848,0.01193046,0.5982,Down
212744_at,BBS4,Bardet-Biedl syndrome 4,-0.127,-2.537,-2.851,0.01197786,0.5986,Down
230796_at,LINC01191,long intergenic non-protein coding RNA 1191,0.17,2.536,-2.852,0.0120039,0.5986,Up
1554393_a_at,AZIN2,antizyme inhibitor 2,0.118,2.536,-2.853,0.01201287,0.5986,Up
203450_at,CBY1,"chibby family member 1, beta catenin antagonist",-0.114,-2.535,-2.853,0.0120147,0.5986,Down
220155_s_at,BRD9,bromodomain containing 9,-0.0897,-2.535,-2.853,0.0120204,0.5986,Down
206049_at,SELP,selectin P,0.233,2.535,-2.855,0.01204351,0.5992,Up
204276_at,TK2,"thymidine kinase 2, mitochondrial",0.123,2.534,-2.856,0.01206485,0.5997,Up
204440_at,CD83,CD83 molecule,-0.172,-2.533,-2.857,0.01208459,0.5998,Down
241995_at,DGUOK,deoxyguanosine kinase,-0.171,-2.532,-2.859,0.0121142,0.5998,Down
228618_at,PEAR1,platelet endothelial aggregation receptor 1,0.263,2.532,-2.859,0.01211535,0.5998,Up
228660_x_at,SEMA4F,ssemaphorin 4F,-0.135,-2.532,-2.859,0.01211993,0.5998,Down
235960_at,FXR1,FMR1 autosomal homolog 1,-0.171,-2.532,-2.86,0.01212337,0.5998,Down
203176_s_at,TFAM,"transcription factor A, mitochondrial",-0.12,-2.532,-2.861,0.01214719,0.5998,Down
223531_x_at,GPR89A///GPR89B,G protein-coupled receptor 89A///G protein-coupled receptor 89B,-0.117,-2.531,-2.863,0.01217342,0.5998,Down
1562638_at,LOC339874,uncharacterized LOC339874,0.244,2.53,-2.864,0.01219047,0.5998,Up
1554274_a_at,SSH1,slingshot protein phosphatase 1,0.157,2.53,-2.864,0.01219995,0.5998,Up
224719_s_at,C12orf57,chromosome 12 open reading frame 57,-0.16,-2.53,-2.864,0.01220444,0.5998,Down
220475_at,SLC28A3,solute carrier family 28 member 3,0.111,2.53,-2.865,0.01221102,0.5998,Up
230918_at,GALK2,galactokinase 2,-0.131,-2.528,-2.868,0.01226008,0.5998,Down
241353_s_at,LOC100507507,uncharacterized LOC100507507,0.166,2.528,-2.868,0.01227226,0.5998,Up
1569773_at,ATP8A1,ATPase phospholipid transporting 8A1,-0.293,-2.528,-2.869,0.01227692,0.5998,Down
227601_at,METTL14,methyltransferase like 14,-0.193,-2.527,-2.869,0.0122824,0.5998,Down
231875_at,KIF21A,kinesin family member 21A,-0.234,-2.527,-2.87,0.01230365,0.5998,Down
230712_at,LOC102724250///LOC101930059///NBPF15///NBPF11///NBPF1,neuroblastoma breakpoint family member 1///uncharacterized LOC101930059///neuroblastoma breakpoint family member 15///neuroblastoma breakpoint family member 11///neuroblastoma breakpoint family member 1,-0.151,-2.525,-2.873,0.0123533,0.5998,Down
235580_at,ZNF141,zinc finger protein 141,-0.136,-2.525,-2.873,0.01235503,0.5998,Down
201138_s_at,SSB,Sjogren syndrome antigen B,-0.146,-2.524,-2.875,0.01238983,0.5998,Down
205698_s_at,MAP2K6,mitogen-activated protein kinase kinase 6,0.144,2.524,-2.876,0.01239474,0.5998,Up
210519_s_at,NQO1,NAD(P)H quinone dehydrogenase 1,-0.154,-2.524,-2.876,0.01240115,0.5998,Down
235478_at,DCLRE1C,DNA cross-link repair 1C,-0.145,-2.524,-2.876,0.01240719,0.5998,Down
211189_x_at,CD84,CD84 molecule,-0.11,-2.524,-2.877,0.01241831,0.5998,Down
1554704_at,ATP8B3,ATPase phospholipid transporting 8B3,0.128,2.523,-2.877,0.01242273,0.5998,Up
203048_s_at,TTC37,tetratricopeptide repeat domain 37,-0.176,-2.523,-2.878,0.01242831,0.5998,Down
212804_s_at,GAPVD1,GTPase activating protein and VPS9 domains 1,0.138,2.523,-2.878,0.0124305,0.5998,Up
217645_at,SYNJ2BP-COX16///COX16,"SYNJ2BP-COX16 readthrough///COX16, cytochrome c oxidase assembly homolog",-0.17,-2.523,-2.879,0.01244819,0.5998,Down
214575_s_at,AZU1,azurocidin 1,0.191,2.522,-2.88,0.01246228,0.5998,Up
200680_x_at,HMGB1,high mobility group box 1,-0.0595,-2.522,-2.88,0.01246813,0.5998,Down
244272_s_at,TC2N,"tandem C2 domains, nuclear",-0.18,-2.522,-2.88,0.01247612,0.5998,Down
224479_s_at,MRPL45,mitochondrial ribosomal protein L45,-0.0934,-2.522,-2.881,0.01248475,0.5998,Down
225830_at,PDZD8,PDZ domain containing 8,0.195,2.521,-2.881,0.012493,0.5998,Up
201229_s_at,ARIH2,ariadne RBR E3 ubiquitin protein ligase 2,-0.132,-2.521,-2.882,0.01249519,0.5998,Down
207167_at,CD101,CD101 molecule,0.176,2.521,-2.882,0.01250731,0.5998,Up
238609_at,FAM200A,family with sequence similarity 200 member A,-0.184,-2.521,-2.883,0.01251771,0.5998,Down
203837_at,MAP3K5,mitogen-activated protein kinase kinase kinase 5,0.125,2.52,-2.883,0.01252382,0.5998,Up
235296_at,EIF5A2,eukaryotic translation initiation factor 5A2,-0.355,-2.52,-2.885,0.01255046,0.5998,Down
1562019_at,NT5DC4,5'-nucleotidase domain containing 4,0.204,2.519,-2.886,0.01257818,0.5998,Up
205488_at,GZMA,granzyme A,-0.291,-2.519,-2.886,0.01258008,0.5998,Down
228837_at,TCF4,transcription factor 4,-0.241,-2.519,-2.887,0.01258671,0.5998,Down
177_at,PLD1,phospholipase D1,0.19,2.518,-2.888,0.01260064,0.5998,Up
230447_at,FAXC,failed axon connections homolog,0.121,2.518,-2.888,0.01261249,0.5998,Up
218109_s_at,MFSD1,major facilitator superfamily domain containing 1,0.117,2.517,-2.889,0.01262553,0.5998,Up
207529_at,DEFA5,defensin alpha 5,0.125,2.517,-2.889,0.01262657,0.5998,Up
201058_s_at,MYL9,myosin light chain 9,0.295,2.517,-2.889,0.01262696,0.5998,Up
1554022_at,CCDC13,coiled-coil domain containing 13,0.0944,2.517,-2.89,0.01263535,0.5998,Up
226050_at,TMCO3,transmembrane and coiled-coil domains 3,0.189,2.517,-2.89,0.01264102,0.5998,Up
207389_at,GP1BA,glycoprotein Ib platelet alpha subunit,0.194,2.515,-2.894,0.01271375,0.5998,Up
235526_at,SOX6,SRY-box 6,-0.198,-2.515,-2.894,0.01271506,0.5998,Down
213830_at,YME1L1,YME1 like 1 ATPase,-0.244,-2.515,-2.895,0.01272466,0.5998,Down
219298_at,ECHDC3,enoyl-CoA hydratase domain containing 3,0.258,2.514,-2.895,0.01273098,0.5998,Up
200729_s_at,ACTR2,ARP2 actin related protein 2 homolog,0.153,2.514,-2.895,0.01273136,0.5998,Up
219156_at,SYNJ2BP-COX16///SYNJ2BP,SYNJ2BP-COX16 readthrough///synaptojanin 2 binding protein,-0.151,-2.514,-2.896,0.01273826,0.5998,Down
216191_s_at,TRDV3,T cell receptor delta variable 3,-0.282,-2.514,-2.896,0.01274065,0.5998,Down
210461_s_at,ABLIM1,actin binding LIM protein 1,-0.139,-2.514,-2.896,0.01274468,0.5998,Down
219360_s_at,TRPM4,transient receptor potential cation channel subfamily M member 4,0.127,2.514,-2.897,0.01275738,0.5998,Up
238914_at,DCC,DCC netrin 1 receptor,0.0865,2.513,-2.899,0.01279525,0.5998,Up
218947_s_at,MTPAP,mitochondrial poly(A) polymerase,-0.183,-2.513,-2.899,0.01279774,0.5998,Down
207519_at,SLC6A4,solute carrier family 6 member 4,0.132,2.512,-2.9,0.01281167,0.5998,Up
224422_x_at,PMCHL2,pro-melanin concentrating hormone like 2 (pseudogene),0.0929,2.512,-2.901,0.01282773,0.5998,Up
202729_s_at,LTBP1,latent transforming growth factor beta binding protein 1,0.341,2.511,-2.901,0.01284108,0.5998,Up
205776_at,FMO5,flavin containing monooxygenase 5,0.189,2.511,-2.902,0.01284861,0.5998,Up
217773_s_at,NDUFA4,"NDUFA4, mitochondrial complex associated",-0.162,-2.511,-2.902,0.012852,0.5998,Down
227041_at,SESTD1,SEC14 and spectrin domain containing 1,0.221,2.511,-2.903,0.01286735,0.5998,Up
215028_at,SEMA6A,semaphorin 6A,-0.158,-2.51,-2.903,0.01287721,0.5998,Down
203390_s_at,KIF3C,kinesin family member 3C,0.203,2.51,-2.904,0.01287815,0.5998,Up
237685_at,LOC101929926,uncharacterized LOC101929926,0.124,2.51,-2.905,0.01290047,0.6003,Up
210951_x_at,RAB27A,"RAB27A, member RAS oncogene family",0.156,2.509,-2.906,0.01291596,0.6003,Up
208483_x_at,KRT33A,keratin 33A,0.113,2.509,-2.906,0.01292554,0.6003,Up
1558322_a_at,PAQR9,progestin and adipoQ receptor family member 9,0.234,2.509,-2.907,0.01293442,0.6003,Up
223049_at,GRB2,growth factor receptor bound protein 2,0.0688,2.508,-2.907,0.01294779,0.6004,Up
214216_s_at,LARP4B,La ribonucleoprotein domain family member 4B,-0.155,-2.507,-2.91,0.01299607,0.6005,Down
208765_s_at,HNRNPR,heterogeneous nuclear ribonucleoprotein R,-0.131,-2.507,-2.911,0.01300554,0.6005,Down
222275_at,MRPS30,mitochondrial ribosomal protein S30,-0.15,-2.507,-2.911,0.01300734,0.6005,Down
240377_at,LOC101930075///LOC101930013///NPIPA8///NPIPA7///NPIPA5///NPIPA2///NPIPA3///PKD1P1///NPIPA1///PKD1,"polycystin-1-like///polycystin-1-like///nuclear pore complex interacting protein family member A8///nuclear pore complex interacting protein family member A7///nuclear pore complex interacting protein family member A5///nuclear pore complex interacting protein family member A2///nuclear pore complex interacting protein family member A3///polycystin 1, transient receptor potential channel interacting pseudogene 1///nuclear pore complex interacting protein family member A1///polycystin 1, transient receptor potential channel interacting",0.157,2.506,-2.911,0.01301502,0.6005,Up
207050_at,CACNA2D1,calcium voltage-gated channel auxiliary subunit alpha2delta 1,0.0929,2.506,-2.911,0.01301516,0.6005,Up
223557_s_at,TMEFF2,transmembrane protein with EGF like and two follistatin like domains 2,0.0879,2.505,-2.914,0.0130649,0.6009,Up
234891_at,LOC81787,uncharacterized LOC81787,0.119,2.505,-2.914,0.01306807,0.6009,Up
218582_at,MARCH5,membrane associated ring-CH-type finger 5,0.14,2.504,-2.917,0.01311292,0.6025,Up
1556567_at,NAP1L4,nucleosome assembly protein 1 like 4,-0.17,-2.503,-2.919,0.01314819,0.6031,Down
208316_s_at,OCRL,"OCRL, inositol polyphosphate-5-phosphatase",0.103,2.502,-2.919,0.01315539,0.6031,Up
228232_s_at,VSIG2,V-set and immunoglobulin domain containing 2,0.19,2.502,-2.92,0.01316974,0.6031,Up
219004_s_at,MIS18A,MIS18 kinetochore protein A,-0.145,-2.501,-2.921,0.01319589,0.6031,Down
206090_s_at,TSNAX-DISC1///DISC1,TSNAX-DISC1 readthrough (NMD candidate)///disrupted in schizophrenia 1,0.192,2.501,-2.922,0.0132139,0.6031,Up
1555503_a_at,TMCC2,transmembrane and coiled-coil domain family 2,0.121,2.5,-2.923,0.01323227,0.6031,Up
230461_s_at,MUM1,melanoma associated antigen (mutated) 1,-0.185,-2.5,-2.923,0.0132353,0.6031,Down
213583_x_at,EEF1A1,eukaryotic translation elongation factor 1 alpha 1,-0.0508,-2.5,-2.924,0.01323594,0.6031,Down
228979_at,SFTA3,surfactant associated 3,-0.0857,-2.5,-2.924,0.01324084,0.6031,Down
214876_s_at,TUBGCP5,tubulin gamma complex associated protein 5,-0.177,-2.5,-2.924,0.01324723,0.6031,Down
207185_at,SLC10A1,solute carrier family 10 member 1,-0.126,-2.5,-2.924,0.01324726,0.6031,Down
1555164_at,KIF26B,kinesin family member 26B,0.113,2.499,-2.927,0.01329721,0.6046,Up
213379_at,COQ2,"coenzyme Q2, polyprenyltransferase",0.159,2.498,-2.927,0.01330338,0.6046,Up
205864_at,SLC7A4,solute carrier family 7 member 4,0.128,2.498,-2.929,0.01332847,0.6048,Up
230175_s_at,DCBLD2,"discoidin, CUB and LCCL domain containing 2",0.225,2.498,-2.929,0.01332924,0.6048,Up
1553605_a_at,ABCA13,ATP binding cassette subfamily A member 13,0.268,2.497,-2.93,0.01336021,0.6057,Up
1563750_at,LRRC37A8P,"leucine rich repeat containing 37 member A8, pseudogene",-0.212,-2.496,-2.932,0.01340045,0.607,Down
223149_s_at,PTPN23,"protein tyrosine phosphatase, non-receptor type 23",0.11,2.494,-2.936,0.01346578,0.6083,Up
236591_at,MIR4458///MIR4458HG,microRNA 4458///MIR4458 host gene,-0.177,-2.494,-2.937,0.01348012,0.6083,Down
228932_at,AGO3,"argonaute 3, RISC catalytic component",0.154,2.493,-2.937,0.01348372,0.6083,Up
207320_x_at,STAU1,staufen double-stranded RNA binding protein 1,0.0758,2.493,-2.938,0.01349522,0.6083,Up
212693_at,MDN1,midasin AAA ATPase 1,-0.104,-2.493,-2.938,0.01351015,0.6083,Down
212807_s_at,SORT1,sortilin 1,0.181,2.492,-2.94,0.013536,0.6083,Up
217981_s_at,TIMM10B,translocase of inner mitochondrial membrane 10 homolog B (yeast),-0.137,-2.492,-2.941,0.01355512,0.6083,Down
222675_s_at,BAIAP2L1,BAI1 associated protein 2 like 1,0.105,2.491,-2.942,0.01356787,0.6083,Up
1554309_at,EIF4G3,eukaryotic translation initiation factor 4 gamma 3,0.2,2.491,-2.942,0.01356804,0.6083,Up
214488_at,RAP2B,"RAP2B, member of RAS oncogene family",0.0963,2.491,-2.942,0.01358062,0.6083,Up
202619_s_at,PLOD2,"procollagen-lysine,2-oxoglutarate 5-dioxygenase 2",0.153,2.491,-2.942,0.01358282,0.6083,Up
223804_s_at,THUMPD3,THUMP domain containing 3,-0.124,-2.491,-2.942,0.01358464,0.6083,Down
210001_s_at,SOCS1,suppressor of cytokine signaling 1,0.171,2.489,-2.945,0.01363632,0.6094,Up
213839_at,CLMN,calmin,0.181,2.489,-2.946,0.01366007,0.6094,Up
244313_at,CR1,complement component 3b/4b receptor 1 (Knops blood group),0.178,2.488,-2.947,0.0136789,0.6094,Up
235305_s_at,ECHDC2,enoyl-CoA hydratase domain containing 2,-0.157,-2.488,-2.948,0.01368201,0.6094,Down
233831_at,LOC100291666,serologically defined breast cancer antigen NY-BR-40,0.179,2.488,-2.948,0.01368299,0.6094,Up
204714_s_at,F5,coagulation factor V,0.271,2.488,-2.948,0.01368976,0.6094,Up
229193_at,LUC7L3,LUC7 like 3 pre-mRNA splicing factor,-0.324,-2.487,-2.949,0.01370655,0.6094,Down
211022_s_at,ATRX,"ATRX, chromatin remodeler",-0.187,-2.487,-2.949,0.01370917,0.6094,Down
221814_at,ADGRA2,adhesion G protein-coupled receptor A2,0.138,2.487,-2.95,0.01371746,0.6094,Up
210109_at,SND1-IT1,SND1 intronic transcript 1,-0.16,-2.486,-2.951,0.01374682,0.6094,Down
1554671_a_at,SRRM2,serine/arginine repetitive matrix 2,-0.186,-2.486,-2.952,0.01376789,0.6094,Down
228990_at,SNORA16A///SNORA61///SNORA44///SNHG12,"small nucleolar RNA, H/ACA box 16A///small nucleolar RNA, H/ACA box 61///small nucleolar RNA, H/ACA box 44///small nucleolar RNA host gene 12",-0.157,-2.486,-2.952,0.01376807,0.6094,Down
227425_at,REPS2,RALBP1 associated Eps domain containing 2,0.198,2.485,-2.953,0.01378641,0.6094,Up
229808_at,CHAF1A,chromatin assembly factor 1 subunit A,-0.113,-2.483,-2.958,0.01387846,0.6119,Down
239483_at,FLJ37035,uncharacterized LOC399821,-0.18,-2.482,-2.959,0.01390392,0.6121,Down
215091_s_at,GTF3A,general transcription factor IIIA,-0.119,-2.482,-2.96,0.01391932,0.6121,Down
210128_s_at,LTB4R,leukotriene B4 receptor,0.162,2.482,-2.961,0.01392848,0.6121,Up
219403_s_at,HPSE,heparanase,0.205,2.481,-2.962,0.01394773,0.6121,Up
200841_s_at,EPRS,glutamyl-prolyl-tRNA synthetase,-0.162,-2.481,-2.963,0.01396543,0.6121,Down
228277_at,FBXL19,F-box and leucine rich repeat protein 19,0.101,2.48,-2.963,0.01398252,0.6121,Up
221280_s_at,PARD3,par-3 family cell polarity regulator,0.125,2.48,-2.964,0.01398504,0.6121,Up
1569723_a_at,SPIRE2,spire type actin nucleation factor 2,-0.254,-2.479,-2.966,0.01402365,0.6125,Down
238094_at,LOC101928728,uncharacterized LOC101928728,-0.154,-2.479,-2.966,0.01402582,0.6125,Down
224247_s_at,MRPS10,mitochondrial ribosomal protein S10,-0.167,-2.478,-2.967,0.01404588,0.6125,Down
220572_at,LOC100506282,uncharacterized LOC100506282,-0.14,-2.478,-2.968,0.01406589,0.6125,Down
221036_s_at,APH1B,"aph-1 homolog B, gamma-secretase subunit",0.122,2.477,-2.969,0.01409207,0.6125,Up
213474_at,KCTD7///RABGEF1,potassium channel tetramerization domain containing 7///RAB guanine nucleotide exchange factor 1,-0.135,-2.477,-2.969,0.01409332,0.6125,Down
1553222_at,OXER1,oxoeicosanoid receptor 1,0.116,2.477,-2.97,0.01410023,0.6125,Up
221457_s_at,BTNL2,butyrophilin like 2,0.107,2.477,-2.97,0.01410969,0.6125,Up
211561_x_at,MAPK14,mitogen-activated protein kinase 14,0.164,2.476,-2.971,0.01412186,0.6125,Up
236399_at,LOC101927851,uncharacterized LOC101927851,0.245,2.476,-2.971,0.01413023,0.6125,Up
219331_s_at,KLHDC8A,kelch domain containing 8A,0.156,2.476,-2.971,0.01413594,0.6125,Up
204344_s_at,SEC23A,"Sec23 homolog A, coat complex II component",0.116,2.476,-2.971,0.01413749,0.6125,Up
229326_at,TNFSF12-TNFSF13///TNFSF12///TNFSF13,TNFSF12-TNFSF13 readthrough///tumor necrosis factor superfamily member 12///tumor necrosis factor superfamily member 13,0.162,2.476,-2.972,0.01415799,0.6125,Up
224874_at,POLR1D,RNA polymerase I subunit D,0.11,2.475,-2.973,0.01416355,0.6125,Up
1557066_at,LUC7L,LUC7 like,-0.134,-2.475,-2.973,0.01417057,0.6125,Down
206240_s_at,ZNF136,zinc finger protein 136,-0.119,-2.474,-2.975,0.01421248,0.6132,Down
1555243_x_at,C8orf59,chromosome 8 open reading frame 59,-0.21,-2.474,-2.976,0.01422845,0.6132,Down
203021_at,SLPI,secretory leukocyte peptidase inhibitor,0.32,2.474,-2.976,0.01423402,0.6132,Up
212885_at,MPHOSPH10,M-phase phosphoprotein 10,-0.121,-2.473,-2.977,0.014244,0.6132,Down
239454_at,SCARF2,scavenger receptor class F member 2,0.103,2.472,-2.979,0.01428813,0.614,Up
209262_s_at,NR2F6,nuclear receptor subfamily 2 group F member 6,0.19,2.472,-2.979,0.01429492,0.614,Up
213718_at,RBM14-RBM4///RBM4,RBM14-RBM4 readthrough///RNA binding motif protein 4,-0.0978,-2.472,-2.979,0.01429525,0.614,Down
207929_at,GRPR,gastrin releasing peptide receptor,-0.123,-2.469,-2.984,0.01439232,0.6165,Down
214825_at,FAM155A,family with sequence similarity 155 member A,0.111,2.469,-2.985,0.01439486,0.6165,Up
1568853_at,LOC101927929,uncharacterized LOC101927929,-0.211,-2.469,-2.985,0.01440066,0.6165,Down
1555057_at,NDUFS4,NADH:ubiquinone oxidoreductase subunit S4,-0.176,-2.469,-2.985,0.0144051,0.6165,Down
235582_at,E2F2,E2F transcription factor 2,0.141,2.469,-2.986,0.01442925,0.6168,Up
203955_at,PPP1R26,protein phosphatase 1 regulatory subunit 26,0.148,2.468,-2.988,0.0144689,0.618,Up
222122_s_at,THOC2,THO complex 2,-0.0797,-2.466,-2.992,0.01454276,0.6193,Down
203293_s_at,LMAN1,"lectin, mannose binding 1",-0.153,-2.466,-2.992,0.01454602,0.6193,Down
228309_at,APMAP,adipocyte plasma membrane associated protein,0.0963,2.465,-2.992,0.01455132,0.6193,Up
223802_s_at,RBBP6,"RB binding protein 6, ubiquitin ligase",-0.128,-2.465,-2.993,0.014563,0.6193,Down
205986_at,AATK,apoptosis associated tyrosine kinase,0.152,2.465,-2.994,0.01457639,0.6193,Up
200931_s_at,VCL,vinculin,0.0961,2.465,-2.994,0.01458685,0.6193,Up
205435_s_at,AAK1,AP2 associated kinase 1,-0.145,-2.464,-2.995,0.01459648,0.6193,Down
204646_at,DPYD,dihydropyrimidine dehydrogenase,0.169,2.464,-2.995,0.01460697,0.6193,Up
213258_at,TFPI,tissue factor pathway inhibitor,0.246,2.464,-2.995,0.0146112,0.6193,Up
241525_at,LOC200772,uncharacterized LOC200772,-0.247,-2.463,-2.998,0.01466403,0.6205,Down
1554277_s_at,FANCM,Fanconi anemia complementation group M,-0.158,-2.462,-2.999,0.01467825,0.6205,Down
218049_s_at,MRPL13,mitochondrial ribosomal protein L13,-0.254,-2.462,-2.999,0.01467885,0.6205,Down
224997_x_at,MIR675///H19,"microRNA 675///H19, imprinted maternally expressed transcript (non-protein coding)",-0.231,-2.462,-2.999,0.01468506,0.6205,Down
232161_x_at,PTPN4,"protein tyrosine phosphatase, non-receptor type 4",-0.231,-2.461,-3.001,0.01471753,0.6213,Down
1566832_at,TOP1P2,topoisomerase (DNA) I pseudogene 2,0.0792,2.461,-3.001,0.01472595,0.6213,Up
227901_at,LOC648987,uncharacterized LOC648987,-0.105,-2.46,-3.002,0.01475023,0.6218,Down
211685_s_at,NCALD,neurocalcin delta,-0.186,-2.46,-3.003,0.01477156,0.622,Down
218211_s_at,MLPH,melanophilin,0.127,2.459,-3.004,0.01478763,0.622,Up
211488_s_at,ITGB8,integrin subunit beta 8,-0.0996,-2.459,-3.004,0.01478805,0.622,Down
235518_at,SLC8A1,solute carrier family 8 member A1,0.232,2.459,-3.005,0.01481256,0.6225,Up
208116_s_at,MAN1A1,mannosidase alpha class 1A member 1,0.261,2.457,-3.01,0.01490174,0.6252,Up
1562543_at,LOC101927660,uncharacterized LOC101927660,0.113,2.456,-3.011,0.01492948,0.6252,Up
211865_s_at,FZR1,fizzy/cell division cycle 20 related 1,0.115,2.455,-3.012,0.01495088,0.6252,Up
226764_at,ZNF827,zinc finger protein 827,-0.222,-2.455,-3.012,0.01495908,0.6252,Down
210655_s_at,FOXO3B///FOXO3,forkhead box O3B pseudogene///forkhead box O3,0.19,2.455,-3.013,0.01497531,0.6252,Up
215652_at,SDHD,succinate dehydrogenase complex subunit D,0.432,2.455,-3.013,0.01497575,0.6252,Up
209042_s_at,UBE2G2,ubiquitin conjugating enzyme E2 G2,-0.111,-2.455,-3.013,0.0149803,0.6252,Down
211788_s_at,HAUS7///TREX2,HAUS augmin like complex subunit 7///three prime repair exonuclease 2,0.115,2.454,-3.015,0.0150024,0.6257,Up
202866_at,DNAJB12,DnaJ heat shock protein family (Hsp40) member B12,0.123,2.454,-3.015,0.01501885,0.6259,Up
212796_s_at,TBC1D2B,TBC1 domain family member 2B,0.0899,2.453,-3.017,0.01504722,0.6263,Up
211960_s_at,RAB7A,"RAB7A, member RAS oncogene family",0.113,2.453,-3.017,0.0150516,0.6263,Up
226303_at,PGM5,phosphoglucomutase 5,0.412,2.452,-3.018,0.01506996,0.6264,Up
239147_at,ARSK,arylsulfatase family member K,-0.176,-2.452,-3.019,0.01508701,0.6264,Down
203305_at,F13A1,coagulation factor XIII A chain,0.202,2.452,-3.019,0.0150924,0.6264,Up
205821_at,KLRC4-KLRK1///KLRK1,KLRC4-KLRK1 readthrough///killer cell lectin like receptor K1,-0.238,-2.452,-3.019,0.0151042,0.6264,Down
212334_at,GNS,glucosamine (N-acetyl)-6-sulfatase,0.0779,2.451,-3.02,0.01511086,0.6264,Up
229981_at,SNX5,sorting nexin 5,-0.175,-2.451,-3.021,0.01513499,0.6264,Down
232245_at,SLC25A34,solute carrier family 25 member 34,0.146,2.45,-3.022,0.01515356,0.6264,Up
228278_at,NFIX,nuclear factor I X,0.149,2.45,-3.023,0.0151875,0.6264,Up
235257_at,ODF3B,outer dense fiber of sperm tails 3B,0.113,2.45,-3.023,0.01518802,0.6264,Up
205254_x_at,TCF7,"transcription factor 7 (T-cell specific, HMG-box)",-0.197,-2.449,-3.024,0.01519537,0.6264,Down
1566323_at,MAF,MAF bZIP transcription factor,-0.276,-2.449,-3.024,0.01520083,0.6264,Down
218561_s_at,LYRM4,LYR motif containing 4,-0.167,-2.449,-3.025,0.01521557,0.6264,Down
224573_at,RNASEK-C17orf49///RNASEK///C17orf49,RNASEK-C17orf49 readthrough///ribonuclease K///chromosome 17 open reading frame 49,0.088,2.448,-3.026,0.01525016,0.6264,Up
1560156_at,LOC101928054,uncharacterized LOC101928054,-0.139,-2.448,-3.026,0.01525178,0.6264,Down
238848_at,OTUD4,OTU deubiquitinase 4,-0.164,-2.447,-3.028,0.01528362,0.6264,Down
227995_at,PLXDC2,plexin domain containing 2,0.157,2.447,-3.028,0.01528371,0.6264,Up
227217_at,WNK2,WNK lysine deficient protein kinase 2,0.127,2.447,-3.028,0.01529346,0.6264,Up
235567_at,RORA,RAR related orphan receptor A,-0.231,-2.447,-3.028,0.01529355,0.6264,Down
1568801_at,VWA9,von Willebrand factor A domain containing 9,-0.208,-2.447,-3.029,0.01529802,0.6264,Down
221046_s_at,GTPBP8,GTP binding protein 8 (putative),-0.096,-2.447,-3.029,0.01530879,0.6264,Down
222798_at,PTER,phosphotriesterase related,-0.173,-2.445,-3.033,0.01538329,0.6264,Down
227160_s_at,NDUFAF5,NADH:ubiquinone oxidoreductase complex assembly factor 5,-0.144,-2.445,-3.033,0.01538633,0.6264,Down
225168_at,FRMD4A,FERM domain containing 4A,0.256,2.445,-3.033,0.01539136,0.6264,Up
209682_at,CBLB,Cbl proto-oncogene B,-0.114,-2.444,-3.034,0.0154047,0.6264,Down
222934_s_at,CLEC4E,C-type lectin domain family 4 member E,0.14,2.444,-3.034,0.01541326,0.6264,Up
200610_s_at,NCL,nucleolin,-0.112,-2.444,-3.034,0.01541614,0.6264,Down
223665_at,ACTRT3,actin related protein T3,0.0981,2.444,-3.035,0.01542782,0.6264,Up
203389_at,KIF3C,kinesin family member 3C,0.138,2.444,-3.035,0.01542956,0.6264,Up
1560034_a_at,FCN1,ficolin 1,0.175,2.443,-3.036,0.01545163,0.6264,Up
201055_s_at,HNRNPA0,heterogeneous nuclear ribonucleoprotein A0,0.0693,2.443,-3.036,0.01545547,0.6264,Up
220416_at,ATP8B4,ATPase phospholipid transporting 8B4 (putative),0.253,2.443,-3.036,0.01545588,0.6264,Up
226250_at,ZBTB20,zinc finger and BTB domain containing 20,-0.14,-2.442,-3.038,0.01549388,0.627,Down
213539_at,CD3D,CD3d molecule,-0.183,-2.442,-3.039,0.01551038,0.627,Down
226152_at,TTC7B,tetratricopeptide repeat domain 7B,0.224,2.442,-3.039,0.01551343,0.627,Up
202741_at,PRKACB,protein kinase cAMP-activated catalytic subunit beta,-0.247,-2.441,-3.039,0.01552417,0.627,Down
223631_s_at,C19orf33,chromosome 19 open reading frame 33,0.144,2.441,-3.039,0.01552675,0.627,Up
231600_at,CLEC12B,C-type lectin domain family 12 member B,0.428,2.44,-3.042,0.0155818,0.6287,Up
208416_s_at,SPTB,"spectrin beta, erythrocytic",0.215,2.439,-3.043,0.01560993,0.6293,Up
202559_x_at,CHTOP,chromatin target of PRMT1,-0.0601,-2.438,-3.045,0.01564787,0.6293,Down
211571_s_at,VCAN,versican,0.182,2.438,-3.046,0.01566627,0.6293,Up
232233_at,SLC22A16,solute carrier family 22 member 16,0.215,2.437,-3.047,0.01568897,0.6293,Up
234445_at,ZNRD1ASP,"zinc ribbon domain containing 1 antisense, pseudogene",-0.199,-2.437,-3.048,0.01571387,0.6293,Down
213109_at,TNIK,TRAF2 and NCK interacting kinase,-0.158,-2.437,-3.048,0.01571917,0.6293,Down
231106_at,BMS1P6,"BMS1, ribosome biogenesis factor pseudogene 6",-0.256,-2.437,-3.048,0.0157212,0.6293,Down
222447_at,METTL9,methyltransferase like 9,0.11,2.437,-3.048,0.01572199,0.6293,Up
1560181_at,LDLRAD4-AS1,LDLRAD4 antisense RNA 1,-0.187,-2.437,-3.049,0.01572606,0.6293,Down
1569857_s_at,TPP2,tripeptidyl peptidase 2,-0.142,-2.436,-3.05,0.01574378,0.6293,Down
220590_at,ITFG2,integrin alpha FG-GAP repeat containing 2,-0.104,-2.436,-3.05,0.01575359,0.6293,Down
213890_x_at,RPS16,ribosomal protein S16,-0.0609,-2.436,-3.051,0.01576683,0.6293,Down
237747_at,LOC100507281,uncharacterized LOC100507281,-0.214,-2.435,-3.051,0.0157763,0.6293,Down
1555526_a_at,SEPT6,septin 6,-0.217,-2.435,-3.052,0.01579064,0.6293,Down
207355_at,SLC1A7,solute carrier family 1 member 7,0.108,2.435,-3.052,0.01579528,0.6293,Up
203823_at,RGS3,regulator of G-protein signaling 3,0.119,2.434,-3.054,0.0158332,0.6293,Up
229881_at,KLF12,Kruppel like factor 12,-0.229,-2.434,-3.054,0.01583748,0.6293,Down
209164_s_at,CYB561,cytochrome b561,-0.188,-2.434,-3.054,0.01584256,0.6293,Down
207759_s_at,TSNAX-DISC1///DISC1,TSNAX-DISC1 readthrough (NMD candidate)///disrupted in schizophrenia 1,0.21,2.434,-3.054,0.01584587,0.6293,Up
39854_r_at,PNPLA2,patatin like phospholipase domain containing 2,0.135,2.433,-3.055,0.01586704,0.6293,Up
218488_at,EIF2B3,eukaryotic translation initiation factor 2B subunit gamma,-0.135,-2.433,-3.056,0.01587538,0.6293,Down
220090_at,CRNN,cornulin,0.0956,2.432,-3.057,0.01590986,0.6293,Up
206493_at,ITGA2B,integrin subunit alpha 2b,0.347,2.432,-3.057,0.01591047,0.6293,Up
1569714_at,RBSN,"rabenosyn, RAB effector",-0.122,-2.432,-3.057,0.01591623,0.6293,Down
201594_s_at,PPP4R1,protein phosphatase 4 regulatory subunit 1,0.147,2.432,-3.058,0.0159191,0.6293,Up
223481_s_at,MRPL47,mitochondrial ribosomal protein L47,-0.183,-2.431,-3.059,0.01595509,0.6299,Down
224976_at,NFIA,nuclear factor I A,0.163,2.43,-3.062,0.0160142,0.6308,Up
200956_s_at,SSRP1,structure specific recognition protein 1,-0.138,-2.43,-3.062,0.01602184,0.6308,Down
200013_at,RPL24,ribosomal protein L24,-0.0479,-2.429,-3.063,0.01603386,0.6308,Down
208693_s_at,GARS,glycyl-tRNA synthetase,-0.102,-2.429,-3.063,0.01603579,0.6308,Down
226732_at,RBM33,RNA binding motif protein 33,0.104,2.428,-3.066,0.01609729,0.6318,Up
208158_s_at,OSBPL1A,oxysterol binding protein like 1A,0.222,2.427,-3.066,0.01611715,0.6318,Up
242124_at,CHST1,carbohydrate sulfotransferase 1,0.101,2.427,-3.067,0.01612124,0.6318,Up
208456_s_at,RRAS2,related RAS viral (r-ras) oncogene homolog 2,-0.192,-2.427,-3.067,0.01612627,0.6318,Down
210850_s_at,ELK1,"ELK1, ETS transcription factor",0.0951,2.427,-3.068,0.01615563,0.6318,Up
222382_x_at,NUP205,nucleoporin 205,-0.0859,-2.426,-3.069,0.01616458,0.6318,Down
228217_s_at,PSMG4,proteasome assembly chaperone 4,-0.13,-2.426,-3.069,0.01616542,0.6318,Down
213107_at,TNIK,TRAF2 and NCK interacting kinase,-0.223,-2.426,-3.069,0.01618144,0.6318,Down
210438_x_at,TROVE2,TROVE domain family member 2,-0.0926,-2.425,-3.071,0.01621331,0.6318,Down
1552490_at,LACE1,lactation elevated 1,-0.13,-2.425,-3.071,0.01621496,0.6318,Down
216953_s_at,WT1,Wilms tumor 1,0.135,2.425,-3.071,0.01622802,0.6318,Up
211707_s_at,IQCB1,IQ motif containing B1,-0.151,-2.425,-3.072,0.01623153,0.6318,Down
220095_at,CNTLN,centlein,0.148,2.424,-3.072,0.01624695,0.6318,Up
217930_s_at,TOLLIP,toll interacting protein,0.158,2.424,-3.073,0.01625324,0.6318,Up
221410_x_at,PCDHB3,protocadherin beta 3,0.112,2.424,-3.073,0.01625976,0.6318,Up
203374_s_at,TPP2,tripeptidyl peptidase 2,-0.133,-2.424,-3.073,0.01627398,0.6319,Down
240837_at,FNDC7,fibronectin type III domain containing 7,0.109,2.423,-3.076,0.01631985,0.6319,Up
244478_at,LRRC37A3,leucine rich repeat containing 37 member A3,0.106,2.423,-3.076,0.01632309,0.6319,Up
213397_x_at,RNASE4,ribonuclease A family member 4,0.254,2.422,-3.076,0.01633059,0.6319,Up
210124_x_at,SEMA4F,ssemaphorin 4F,-0.109,-2.422,-3.077,0.01634818,0.6321,Down
227400_at,NFIX,nuclear factor I X,0.154,2.421,-3.079,0.01639402,0.6329,Up
243153_at,CDK5RAP2,CDK5 regulatory subunit associated protein 2,-0.101,-2.421,-3.079,0.01639866,0.6329,Down
212998_x_at,LOC101060835///HLA-DQB1,"HLA class II histocompatibility antigen, DQ beta 1 chain-like///major histocompatibility complex, class II, DQ beta 1",-0.207,-2.421,-3.08,0.01641276,0.6329,Down
225137_at,NFATC3,nuclear factor of activated T-cells 3,-0.113,-2.42,-3.08,0.01641938,0.6329,Down
205774_at,F12,coagulation factor XII,0.139,2.42,-3.081,0.01643626,0.6329,Up
229764_at,TPRG1,tumor protein p63 regulated 1,-0.204,-2.419,-3.082,0.01646987,0.6331,Down
222141_at,KLHL22,kelch like family member 22,-0.22,-2.419,-3.083,0.01648545,0.6331,Down
201625_s_at,INSIG1,insulin induced gene 1,-0.173,-2.419,-3.083,0.01648637,0.6331,Down
218551_at,MIIP,migration and invasion inhibitory protein,0.125,2.418,-3.084,0.01650913,0.6331,Up
229735_s_at,NIPAL3,NIPA like domain containing 3,-0.153,-2.418,-3.084,0.01651227,0.6331,Down
1555544_a_at,CADM2,cell adhesion molecule 2,0.133,2.418,-3.085,0.01652991,0.6331,Up
220925_at,NAA35,"N(alpha)-acetyltransferase 35, NatC auxiliary subunit",-0.124,-2.418,-3.085,0.01654263,0.6331,Down
227379_at,MBOAT1,membrane bound O-acyltransferase domain containing 1,0.119,2.417,-3.087,0.01658337,0.6331,Up
228420_at,PDCD2,programmed cell death 2,-0.167,-2.417,-3.087,0.01658886,0.6331,Down
239651_at,ANAPC5,anaphase promoting complex subunit 5,-0.193,-2.417,-3.088,0.01659236,0.6331,Down
208698_s_at,NONO,"non-POU domain containing, octamer-binding",-0.0978,-2.416,-3.088,0.01659414,0.6331,Down
220684_at,TBX21,T-box 21,-0.177,-2.416,-3.089,0.01661936,0.6331,Down
230998_at,CBX3,chromobox 3,-0.138,-2.415,-3.091,0.01667036,0.6331,Down
208213_s_at,KCNAB1,potassium voltage-gated channel subfamily A member regulatory beta subunit 1,0.0892,2.414,-3.092,0.01670253,0.6331,Up
229701_at,DNAJC9,DnaJ heat shock protein family (Hsp40) member C9,0.107,2.414,-3.093,0.01671586,0.6331,Up
236672_at,ZNF681,zinc finger protein 681,-0.128,-2.414,-3.093,0.01671709,0.6331,Down
219590_x_at,DPH5,diphthamide biosynthesis 5,-0.132,-2.414,-3.093,0.01672097,0.6331,Down
228003_at,RAB30,"RAB30, member RAS oncogene family",-0.202,-2.413,-3.094,0.01673574,0.6331,Down
230296_at,LOC101930115///C16orf52///VWA3A,von Willebrand factor A domain-containing protein 3A///chromosome 16 open reading frame 52///von Willebrand factor A domain containing 3A,-0.115,-2.413,-3.095,0.01675426,0.6331,Down
214943_s_at,ARID4B///RBM34,AT-rich interaction domain 4B///RNA binding motif protein 34,-0.149,-2.412,-3.096,0.01678277,0.6331,Down
228495_at,GPATCH11,G-patch domain containing 11,-0.142,-2.412,-3.096,0.01678598,0.6331,Down
241117_at,LOXHD1,lipoxygenase homology domains 1,0.105,2.412,-3.096,0.01679695,0.6331,Up
200992_at,IPO7,importin 7,-0.162,-2.412,-3.097,0.01680806,0.6331,Down
226252_at,ZBTB20,zinc finger and BTB domain containing 20,-0.128,-2.411,-3.097,0.01682125,0.6331,Down
207992_s_at,AMPD3,adenosine monophosphate deaminase 3,0.121,2.411,-3.098,0.01683083,0.6331,Up
233062_at,GMDS-AS1,GMDS antisense RNA 1 (head to head),0.128,2.41,-3.1,0.01688014,0.6331,Up
226466_s_at,FAM58A,family with sequence similarity 58 member A,-0.0939,-2.41,-3.1,0.0168835,0.6331,Down
209363_s_at,LOC101928625///MED21,uncharacterized LOC101928625///mediator complex subunit 21,-0.195,-2.41,-3.101,0.01689486,0.6331,Down
236250_at,AFG3L1P,"AFG3 like matrix AAA peptidase subunit 1, pseudogene",-0.152,-2.41,-3.101,0.01689585,0.6331,Down
235621_at,FAHD2A,fumarylacetoacetate hydrolase domain containing 2A,-0.119,-2.41,-3.101,0.01690233,0.6331,Down
239012_at,RNF144B,ring finger protein 144B,0.199,2.409,-3.102,0.01692167,0.6331,Up
1554992_at,RASGRF1,Ras protein specific guanine nucleotide releasing factor 1,0.0958,2.409,-3.102,0.0169234,0.6331,Up
226729_at,USP37,ubiquitin specific peptidase 37,-0.112,-2.409,-3.102,0.01693354,0.6331,Down
216017_s_at,NAB2,NGFI-A binding protein 2,0.119,2.409,-3.102,0.01693817,0.6331,Up
212419_at,ZCCHC24,zinc finger CCHC-type containing 24,0.162,2.409,-3.103,0.01694242,0.6331,Up
222073_at,COL4A3,collagen type IV alpha 3 chain,-0.351,-2.408,-3.103,0.01695724,0.6331,Down
221905_at,CYLD,CYLD lysine 63 deubiquitinase,-0.127,-2.408,-3.104,0.01696454,0.6331,Down
243084_at,CALD1,caldesmon 1,0.0989,2.408,-3.105,0.01698988,0.6336,Up
220784_s_at,UTS2,urotensin 2,-0.354,-2.407,-3.105,0.01700708,0.6339,Down
1554465_s_at,ZNF674///KRBOX4,zinc finger protein 674///KRAB box domain containing 4,-0.174,-2.407,-3.106,0.01702647,0.6341,Down
218983_at,C1RL,complement C1r subcomponent like,0.188,2.406,-3.107,0.01704768,0.6341,Up
219882_at,TTLL7,tubulin tyrosine ligase like 7,0.119,2.406,-3.107,0.01704903,0.6341,Up
1553720_a_at,AMER2,APC membrane recruitment protein 2,0.101,2.406,-3.108,0.01707692,0.6346,Up
216111_x_at,PMS2P3,"PMS1 homolog 2, mismatch repair system component pseudogene 3",-0.0862,-2.405,-3.109,0.01708613,0.6346,Down
242734_x_at,GALT,galactose-1-phosphate uridylyltransferase,-0.208,-2.404,-3.111,0.01713966,0.6358,Down
208530_s_at,RARB,retinoic acid receptor beta,-0.172,-2.404,-3.112,0.01716452,0.6358,Down
232933_at,KIAA1656,KIAA1656 protein,0.128,2.404,-3.112,0.01717554,0.6358,Up
220029_at,ELOVL2,ELOVL fatty acid elongase 2,0.103,2.403,-3.114,0.01720377,0.636,Up
212999_x_at,LOC101060835///HLA-DQB1,"HLA class II histocompatibility antigen, DQ beta 1 chain-like///major histocompatibility complex, class II, DQ beta 1",-0.484,-2.403,-3.114,0.0172125,0.636,Down
209906_at,C3AR1,complement component 3a receptor 1,0.211,2.403,-3.114,0.01721504,0.636,Up
224388_s_at,COL25A1,collagen type XXV alpha 1 chain,0.106,2.402,-3.116,0.01726607,0.6368,Up
212544_at,ZNHIT3,zinc finger HIT-type containing 3,-0.174,-2.401,-3.117,0.01727457,0.6368,Down
204232_at,FCER1G,Fc fragment of IgE receptor Ig,0.0586,2.401,-3.118,0.01729531,0.6368,Up
229354_at,AHRR,aryl-hydrocarbon receptor repressor,0.149,2.401,-3.118,0.01730362,0.6368,Up
206851_at,RNASE3,ribonuclease A family member 3,0.386,2.401,-3.118,0.01730787,0.6368,Up
228413_s_at,SFRP1,secreted frizzled related protein 1,0.093,2.4,-3.118,0.01731786,0.6368,Up
213594_x_at,SRSF10,serine and arginine rich splicing factor 10,-0.136,-2.4,-3.119,0.01733182,0.6368,Down
212252_at,CAMKK2,calcium/calmodulin dependent protein kinase kinase 2,0.132,2.4,-3.119,0.01733864,0.6368,Up
206130_s_at,ASGR2,asialoglycoprotein receptor 2,0.233,2.399,-3.121,0.01737256,0.6368,Up
214999_s_at,RAB11FIP3,RAB11 family interacting protein 3,-0.104,-2.399,-3.122,0.01739757,0.6368,Down
222310_at,SCAF4,SR-related CTD associated factor 4,-0.126,-2.399,-3.122,0.01739821,0.6368,Down
228917_at,ZNF510,zinc finger protein 510,-0.149,-2.399,-3.122,0.01739874,0.6368,Down
224534_at,KREMEN1,kringle containing transmembrane protein 1,0.176,2.399,-3.122,0.01740459,0.6368,Up
212467_at,DNAJC13,DnaJ heat shock protein family (Hsp40) member C13,0.107,2.398,-3.122,0.01741183,0.6368,Up
208151_x_at,DDX17,DEAD-box helicase 17,-0.185,-2.397,-3.124,0.01746068,0.6381,Down
209558_s_at,HIP1R,huntingtin interacting protein 1 related,-0.137,-2.397,-3.125,0.01748268,0.6385,Down
1557113_at,LOC283588,uncharacterized LOC283588,0.169,2.396,-3.127,0.01751385,0.6386,Up
213998_s_at,DDX17,DEAD-box helicase 17,-0.141,-2.396,-3.127,0.01751936,0.6386,Down
229033_s_at,MUM1,melanoma associated antigen (mutated) 1,-0.176,-2.394,-3.13,0.01759795,0.6404,Down
223139_s_at,DHX36,DEAH-box helicase 36,-0.113,-2.393,-3.133,0.01766271,0.6415,Down
229994_at,NFIA,nuclear factor I A,0.172,2.393,-3.133,0.01766744,0.6415,Up
222930_s_at,AGMAT,agmatinase,-0.135,-2.393,-3.133,0.01766898,0.6415,Down
212433_x_at,SNORA64///RPS2,"small nucleolar RNA, H/ACA box 64///ribosomal protein S2",-0.0817,-2.393,-3.133,0.01768156,0.6415,Down
1557783_at,MAP3K14-AS1,MAP3K14 antisense RNA 1,-0.115,-2.392,-3.135,0.01771549,0.6423,Down
239647_at,CHST13,carbohydrate sulfotransferase 13,0.277,2.392,-3.135,0.01772781,0.6423,Up
219090_at,SLC24A3,solute carrier family 24 member 3,0.222,2.391,-3.136,0.01774787,0.6426,Up
222806_s_at,EMSY,"EMSY, BRCA2 interacting transcriptional repressor",-0.11,-2.391,-3.137,0.01777752,0.6426,Down
223004_s_at,TIMMDC1,translocase of inner mitochondrial membrane domain containing 1,-0.0961,-2.39,-3.139,0.01780923,0.6426,Down
227686_at,OXNAD1,oxidoreductase NAD binding domain containing 1,-0.144,-2.39,-3.139,0.0178223,0.6426,Down
209831_x_at,DNASE2,"deoxyribonuclease 2, lysosomal",0.121,2.389,-3.14,0.01783837,0.6426,Up
40093_at,BCAM,basal cell adhesion molecule (Lutheran blood group),0.106,2.389,-3.14,0.01784078,0.6426,Up
222737_s_at,BRD7,bromodomain containing 7,-0.104,-2.389,-3.141,0.01787184,0.6426,Down
1561288_at,LINC00536,long intergenic non-protein coding RNA 536,0.111,2.388,-3.142,0.01788044,0.6426,Up
219600_s_at,TMEM50B,transmembrane protein 50B,-0.178,-2.388,-3.143,0.01790577,0.6426,Down
211168_s_at,UPF1,"UPF1, RNA helicase and ATPase",0.0905,2.388,-3.143,0.01791461,0.6426,Up
229283_at,LOC728613,programmed cell death 6 pseudogene,-0.182,-2.387,-3.143,0.01792849,0.6426,Down
211009_s_at,ZNF271P,"zinc finger protein 271, pseudogene",-0.142,-2.387,-3.144,0.01793201,0.6426,Down
221250_s_at,MXD3,MAX dimerization protein 3,0.111,2.387,-3.144,0.01793235,0.6426,Up
240452_at,GSPT1,G1 to S phase transition 1,-0.157,-2.387,-3.144,0.01794351,0.6426,Down
206974_at,CXCR6,C-X-C motif chemokine receptor 6,-0.211,-2.386,-3.145,0.01797895,0.6426,Down
224922_at,CSNK2A2,casein kinase 2 alpha 2,-0.0731,-2.386,-3.146,0.0179873,0.6426,Down
225220_at,SNHG8///SNORA24,"small nucleolar RNA host gene 8///small nucleolar RNA, H/ACA box 24",-0.125,-2.386,-3.146,0.01799187,0.6426,Down
210555_s_at,NFATC3,nuclear factor of activated T-cells 3,-0.125,-2.386,-3.146,0.01799285,0.6426,Down
244609_at,LOC102724487,uncharacterized LOC102724487,-0.181,-2.386,-3.147,0.01801201,0.6426,Down
221915_s_at,RANBP1,RAN binding protein 1,-0.134,-2.385,-3.148,0.01803012,0.6426,Down
232277_at,SLC28A3,solute carrier family 28 member 3,0.206,2.385,-3.148,0.01804629,0.6428,Up
240313_at,DMRTB1,DMRT like family B with proline rich C-terminal 1,0.0837,2.384,-3.15,0.01809589,0.6437,Up
237033_at,FAM159A,family with sequence similarity 159 member A,-0.187,-2.383,-3.151,0.018116,0.6437,Down
210189_at,HSPA1L,heat shock protein family A (Hsp70) member 1 like,0.113,2.383,-3.151,0.01812231,0.6437,Up
221135_s_at,ASTE1,asteroid homolog 1 (Drosophila),-0.0902,-2.382,-3.153,0.01816982,0.6443,Down
232562_at,OTUD7A,OTU deubiquitinase 7A,-0.232,-2.382,-3.154,0.01819577,0.6443,Down
1558953_s_at,CEP164,centrosomal protein 164,-0.169,-2.381,-3.156,0.01823434,0.6443,Down
218764_at,PRKCH,protein kinase C eta,-0.131,-2.381,-3.156,0.01823706,0.6443,Down
208079_s_at,AURKA,aurora kinase A,0.167,2.381,-3.156,0.01823949,0.6443,Up
220429_at,NDST3,N-deacetylase and N-sulfotransferase 3,0.0921,2.381,-3.156,0.01825308,0.6443,Up
235899_at,LOC100507258///CA13,uncharacterized LOC100507258///carbonic anhydrase 13,0.119,2.38,-3.156,0.01825447,0.6443,Up
1568898_at,LOC101928140,uncharacterized LOC101928140,-0.109,-2.38,-3.158,0.01828632,0.6446,Down
237510_at,MYNN,myoneurin,-0.235,-2.379,-3.158,0.01830414,0.6448,Down
203282_at,GBE1,"glucan (1,4-alpha-), branching enzyme 1",0.144,2.379,-3.159,0.01831573,0.6448,Up
227462_at,ERAP2,endoplasmic reticulum aminopeptidase 2,-0.4,-2.379,-3.16,0.01833163,0.6449,Down
206648_at,ZNF571,zinc finger protein 571,-0.202,-2.379,-3.16,0.01834144,0.6449,Down
243263_at,LINC00482,long intergenic non-protein coding RNA 482,0.115,2.378,-3.161,0.01837414,0.6456,Up
215444_s_at,TRIM31,tripartite motif containing 31,0.0966,2.377,-3.162,0.01840286,0.6462,Up
1570352_at,ATM,ATM serine/threonine kinase,-0.199,-2.377,-3.163,0.01842418,0.6466,Down
239770_at,ESYT3,extended synaptotagmin 3,0.111,2.376,-3.165,0.01845954,0.647,Up
1558002_at,STRAP,serine/threonine kinase receptor associated protein,-0.103,-2.376,-3.165,0.01848071,0.647,Down
220003_at,LRRC36,leucine rich repeat containing 36,-0.136,-2.375,-3.166,0.01849785,0.647,Down
241976_at,TCEA3,transcription elongation factor A3,0.113,2.375,-3.166,0.01850293,0.647,Up
241926_s_at,ERG,"ERG, ETS transcription factor",0.198,2.375,-3.166,0.01850855,0.647,Up
211282_x_at,TNFRSF25,TNF receptor superfamily member 25,-0.118,-2.375,-3.167,0.01851349,0.647,Down
201139_s_at,SSB,Sjogren syndrome antigen B,-0.0972,-2.375,-3.167,0.01852037,0.647,Down
210678_s_at,AGPAT2,1-acylglycerol-3-phosphate O-acyltransferase 2,0.101,2.375,-3.168,0.01854428,0.6475,Up
1554808_at,ACP1,"acid phosphatase 1, soluble",-0.177,-2.374,-3.169,0.01857935,0.6483,Down
34187_at,RBMS2,RNA binding motif single stranded interacting protein 2,0.136,2.373,-3.171,0.01862346,0.6487,Up
202411_at,IFI27,interferon alpha inducible protein 27,0.384,2.373,-3.171,0.01862696,0.6487,Up
238325_s_at,ODF3B,outer dense fiber of sperm tails 3B,0.0939,2.372,-3.172,0.0186595,0.6488,Up
242774_at,SYNE2,spectrin repeat containing nuclear envelope protein 2,-0.167,-2.372,-3.173,0.01868262,0.6488,Down
210449_x_at,MAPK14,mitogen-activated protein kinase 14,0.157,2.372,-3.173,0.01868684,0.6488,Up
232931_at,SNRNP200,small nuclear ribonucleoprotein U5 subunit 200,-0.142,-2.372,-3.173,0.01868921,0.6488,Down
204452_s_at,FZD1,frizzled class receptor 1,0.104,2.371,-3.175,0.01873139,0.649,Up
224233_s_at,MSTO1,"misato 1, mitochondrial distribution and morphology regulator",-0.0729,-2.37,-3.176,0.01876232,0.6494,Down
1568870_at,SLC24A4,solute carrier family 24 member 4,0.166,2.37,-3.177,0.01877614,0.6494,Up
208095_s_at,SRP72,signal recognition particle 72,-0.117,-2.37,-3.177,0.01878382,0.6494,Down
243260_x_at,XKR6,XK related 6,-0.168,-2.369,-3.177,0.01879002,0.6494,Down
227667_at,CUEDC1,CUE domain containing 1,0.128,2.369,-3.178,0.01882017,0.6494,Up
1553375_at,BTBD9,BTB domain containing 9,0.124,2.369,-3.179,0.01882431,0.6494,Up
221483_s_at,ARPP19,cAMP regulated phosphoprotein 19,-0.0863,-2.369,-3.179,0.01882709,0.6494,Down
235193_at,FAM214A,family with sequence similarity 214 member A,-0.225,-2.368,-3.18,0.01886958,0.6502,Down
209758_s_at,MFAP5,microfibrillar associated protein 5,0.141,2.368,-3.18,0.01887243,0.6502,Up
222895_s_at,BCL11B,B-cell CLL/lymphoma 11B,-0.097,-2.367,-3.182,0.01890082,0.6502,Down
232969_at,CARD8,caspase recruitment domain family member 8,0.248,2.367,-3.182,0.01890479,0.6502,Up
221807_s_at,TRABD,TraB domain containing,0.0895,2.367,-3.182,0.01890839,0.6502,Up
244627_at,TKFC,triokinase and FMN cyclase,0.138,2.366,-3.184,0.01896264,0.651,Up
209525_at,HDGFRP3,"hepatoma-derived growth factor, related protein 3",0.213,2.365,-3.186,0.01902428,0.651,Up
1566448_at,CD6,CD6 molecule,-0.209,-2.364,-3.187,0.019039,0.651,Down
236019_at,RAB12,"RAB12, member RAS oncogene family",-0.117,-2.364,-3.187,0.01905537,0.651,Down
226216_at,INSR,insulin receptor,0.131,2.364,-3.188,0.0190582,0.651,Up
221011_s_at,LBH,limb bud and heart development,-0.0905,-2.364,-3.188,0.01906251,0.651,Down
242752_at,PPM1K,"protein phosphatase, Mg2+/Mn2+ dependent 1K",-0.15,-2.362,-3.191,0.01916068,0.6531,Down
229675_at,MINA,MYC induced nuclear antigen,-0.116,-2.362,-3.191,0.01916122,0.6531,Down
215412_x_at,PMS2P8,"PMS1 homolog 2, mismatch repair system component pseudogene 8",-0.0938,-2.362,-3.192,0.01918026,0.6534,Down
212262_at,QKI,"QKI, KH domain containing RNA binding",0.313,2.361,-3.194,0.01922436,0.6543,Up
230972_at,ANKRD9,ankyrin repeat domain 9,0.267,2.361,-3.194,0.01923066,0.6543,Up
225961_at,KLHL42,kelch like family member 42,-0.175,-2.36,-3.195,0.01926012,0.6547,Down
1555963_x_at,B3GNT7,"UDP-GlcNAc:betaGal beta-1,3-N-acetylglucosaminyltransferase 7",-0.193,-2.36,-3.195,0.01926816,0.6547,Down
209635_at,AP1S1,adaptor related protein complex 1 sigma 1 subunit,0.124,2.359,-3.196,0.01929146,0.6549,Up
223422_s_at,ARHGAP24,Rho GTPase activating protein 24,0.161,2.359,-3.196,0.01929721,0.6549,Up
241999_at,SFXN5,sideroflexin 5,0.0887,2.359,-3.197,0.01931404,0.6551,Up
1553604_at,ABCA13,ATP binding cassette subfamily A member 13,0.248,2.358,-3.199,0.01936449,0.6559,Up
230661_at,LOC286191,uncharacterized LOC286191,-0.139,-2.358,-3.199,0.01937083,0.6559,Down
233126_s_at,OLAH,oleoyl-ACP hydrolase,0.218,2.358,-3.2,0.01938435,0.6559,Up
221723_s_at,SLC4A5,solute carrier family 4 member 5,0.118,2.357,-3.201,0.0194194,0.6559,Up
1560255_at,CELF2-AS1,CELF2 antisense RNA 1,-0.159,-2.356,-3.202,0.01944151,0.6559,Down
214974_x_at,CXCL5,C-X-C motif chemokine ligand 5,0.25,2.356,-3.203,0.01947892,0.6559,Up
1564381_s_at,CEBPZOS,CEBPZ opposite strand,-0.242,-2.356,-3.203,0.01948362,0.6559,Down
211498_s_at,NKX3-1,NK3 homeobox 1,0.086,2.356,-3.204,0.0194909,0.6559,Up
204624_at,ATP7B,ATPase copper transporting beta,0.175,2.355,-3.205,0.01951862,0.6559,Up
239704_at,RNF144B,ring finger protein 144B,0.106,2.355,-3.205,0.01952441,0.6559,Up
207635_s_at,KCNH1,potassium voltage-gated channel subfamily H member 1,0.0989,2.354,-3.206,0.01954521,0.6559,Up
229290_at,DAPL1,death associated protein like 1,0.102,2.354,-3.206,0.01954782,0.6559,Up
234513_at,ELOVL3,ELOVL fatty acid elongase 3,0.105,2.354,-3.206,0.01956142,0.6559,Up
229783_at,AKAP13,A-kinase anchoring protein 13,-0.184,-2.354,-3.206,0.01956181,0.6559,Down
204589_at,NUAK1,NUAK family kinase 1,-0.287,-2.354,-3.206,0.01956208,0.6559,Down
219819_s_at,MRPS28,mitochondrial ribosomal protein S28,-0.194,-2.354,-3.206,0.01956579,0.6559,Down
214412_at,H2AFB1///H2AFB2///H2AFB3,H2A histone family member B1///H2A histone family member B2///H2A histone family member B3,0.0973,2.354,-3.206,0.01956713,0.6559,Up
207884_at,GUCY2D,"guanylate cyclase 2D, retinal",0.129,2.353,-3.208,0.01960814,0.6568,Up
205705_at,ANKRD26,ankyrin repeat domain 26,-0.164,-2.353,-3.208,0.01961698,0.6568,Down
204255_s_at,VDR,"vitamin D (1,25- dihydroxyvitamin D3) receptor",0.113,2.352,-3.209,0.01964802,0.6569,Up
203242_s_at,PDLIM5,PDZ and LIM domain 5,0.118,2.352,-3.21,0.0196569,0.6569,Up
225391_at,LOC93622,Morf4 family associated protein 1 like 1 pseudogene,-0.102,-2.352,-3.21,0.01966292,0.6569,Down
222072_at,ADD3-AS1,ADD3 antisense RNA 1,0.141,2.352,-3.21,0.01966937,0.6569,Up
222481_at,TIMM10B,translocase of inner mitochondrial membrane 10 homolog B (yeast),-0.0895,-2.352,-3.211,0.01969249,0.6569,Down
1563335_at,IRGM,immunity related GTPase M,-0.177,-2.351,-3.212,0.01970607,0.657,Down
223283_s_at,TSHZ1,teashirt zinc finger homeobox 1,-0.18,-2.351,-3.212,0.01972487,0.6571,Down
205972_at,SLC38A3,solute carrier family 38 member 3,0.125,2.351,-3.213,0.01973338,0.6571,Up
220499_at,FNDC8,fibronectin type III domain containing 8,0.0923,2.349,-3.215,0.01980398,0.6578,Up
203295_s_at,ATP1A2,ATPase Na+/K+ transporting subunit alpha 2,0.1,2.349,-3.215,0.0198123,0.6578,Up
227722_at,RPS23,ribosomal protein S23,-0.222,-2.349,-3.216,0.01982016,0.6578,Down
202441_at,ERLIN1,ER lipid raft associated 1,0.108,2.348,-3.218,0.01987297,0.6578,Up
232929_at,ZBTB20,zinc finger and BTB domain containing 20,-0.139,-2.347,-3.219,0.01992183,0.6578,Down
211564_s_at,PDLIM4,PDZ and LIM domain 4,0.125,2.347,-3.22,0.01993586,0.6578,Up
207360_s_at,NTSR1,neurotensin receptor 1 (high affinity),0.112,2.346,-3.221,0.0199599,0.6578,Up
212478_at,RMND5A,required for meiotic nuclear division 5 homolog A,0.141,2.346,-3.221,0.01996098,0.6578,Up
227978_s_at,ZADH2,zinc binding alcohol dehydrogenase domain containing 2,-0.21,-2.346,-3.221,0.01996499,0.6578,Down
215819_s_at,RHD///RHCE,Rh blood group D antigen///Rh blood group CcEe antigens,0.287,2.346,-3.222,0.01998101,0.6578,Up
208781_x_at,SNX3,sorting nexin 3,0.118,2.346,-3.222,0.0199963,0.6578,Up
233572_s_at,BCORL1,BCL6 corepressor-like 1,0.116,2.345,-3.223,0.02002305,0.6578,Up
1553196_a_at,FCRL3,Fc receptor like 3,-0.241,-2.345,-3.224,0.02003877,0.6578,Down
226498_at,FLT1,fms related tyrosine kinase 1,0.149,2.345,-3.224,0.02004847,0.6578,Up
215001_s_at,GLUL,glutamate-ammonia ligase,0.0524,2.345,-3.224,0.02005239,0.6578,Up
209114_at,TSPAN1,tetraspanin 1,0.0986,2.344,-3.225,0.0200653,0.6578,Up
225178_at,TTC14,tetratricopeptide repeat domain 14,-0.161,-2.344,-3.225,0.02006748,0.6578,Down
212917_x_at,RECQL,RecQ like helicase,-0.12,-2.344,-3.225,0.02007993,0.6578,Down
213582_at,ATP11A,ATPase phospholipid transporting 11A,0.183,2.344,-3.225,0.02008361,0.6578,Up
225640_at,EBLN3P,"endogenous Bornavirus-like nucleoprotein 3, pseudogene",-0.146,-2.344,-3.225,0.0200869,0.6578,Down
221450_x_at,PCDHB13,protocadherin beta 13,0.108,2.344,-3.226,0.0201103,0.6578,Up
212229_s_at,FBXO21,F-box protein 21,-0.154,-2.343,-3.226,0.02011748,0.6578,Down
202986_at,ARNT2,aryl hydrocarbon receptor nuclear translocator 2,0.113,2.343,-3.227,0.02012275,0.6578,Up
220444_at,ZNF557,zinc finger protein 557,-0.178,-2.343,-3.227,0.02012953,0.6578,Down
1569190_at,LOC101927137///SCLT1,uncharacterized LOC101927137///sodium channel and clathrin linker 1,0.247,2.342,-3.228,0.02016761,0.6578,Up
229196_at,FAM111A,family with sequence similarity 111 member A,-0.176,-2.342,-3.229,0.0201924,0.6578,Down
225331_at,CCDC50,coiled-coil domain containing 50,-0.144,-2.342,-3.23,0.02020806,0.6578,Down
200986_at,SERPING1,serpin family G member 1,0.344,2.342,-3.23,0.02021496,0.6578,Up
1555463_a_at,CHD6,chromodomain helicase DNA binding protein 6,-0.144,-2.341,-3.231,0.02025622,0.6578,Down
1555961_a_at,HINT1,histidine triad nucleotide binding protein 1,-0.137,-2.341,-3.232,0.02025972,0.6578,Down
1562425_at,STK24,serine/threonine kinase 24,0.114,2.341,-3.232,0.02026628,0.6578,Up
231775_at,TNFRSF10A,TNF receptor superfamily member 10a,-0.104,-2.34,-3.232,0.02028409,0.6578,Down
229453_at,PDIA3,protein disulfide isomerase family A member 3,-0.121,-2.34,-3.232,0.02028739,0.6578,Down
238188_at,IBA57-AS1,IBA57 antisense RNA 1 (head to head),-0.141,-2.34,-3.233,0.0203069,0.6578,Down
243110_x_at,NPW,neuropeptide W,0.168,2.34,-3.233,0.02030979,0.6578,Up
241624_at,LOC389834,ankyrin repeat domain 57 pseudogene,-0.326,-2.339,-3.234,0.02032435,0.6578,Down
217104_at,ST20,suppressor of tumorigenicity 20,0.214,2.339,-3.234,0.02032762,0.6578,Up
219010_at,C1orf106,chromosome 1 open reading frame 106,0.119,2.339,-3.234,0.02033798,0.6578,Up
203247_s_at,ZNF24,zinc finger protein 24,-0.111,-2.339,-3.234,0.02034362,0.6578,Down
227936_at,TMEM68,transmembrane protein 68,-0.113,-2.339,-3.235,0.02035809,0.6578,Down
208223_s_at,ACVR1B,activin A receptor type 1B,-0.175,-2.339,-3.235,0.02036098,0.6578,Down
1558404_at,LINC00622,long intergenic non-protein coding RNA 622,0.26,2.338,-3.236,0.02039195,0.6582,Up
221009_s_at,ANGPTL4,angiopoietin like 4,0.133,2.337,-3.238,0.02043216,0.6591,Up
201195_s_at,SLC7A5,solute carrier family 7 member 5,0.186,2.336,-3.24,0.02049771,0.6597,Up
1554173_at,CD300LB,CD300 molecule like family member b,0.148,2.336,-3.24,0.02050501,0.6597,Up
215677_s_at,BRF1,"BRF1, RNA polymerase III transcription initiation factor 90 kDa subunit",0.11,2.336,-3.241,0.02053282,0.6597,Up
220581_at,CCDC170,coiled-coil domain containing 170,0.117,2.336,-3.241,0.02053411,0.6597,Up
200869_at,SNORA68///RPL18A,"small nucleolar RNA, H/ACA box 68///ribosomal protein L18a",-0.104,-2.335,-3.242,0.02056496,0.6597,Down
232284_at,PSMD6-AS2,PSMD6 antisense RNA 2,0.169,2.335,-3.243,0.02057925,0.6597,Up
1554342_s_at,HELQ,"helicase, POLQ-like",-0.172,-2.335,-3.243,0.0205822,0.6597,Down
222311_s_at,SCAF4,SR-related CTD associated factor 4,-0.148,-2.334,-3.243,0.02058883,0.6597,Down
244065_at,CNTNAP3B///CNTNAP3,contactin associated protein-like 3B///contactin associated protein-like 3,0.392,2.334,-3.243,0.02059338,0.6597,Up
229709_at,ATP1B3,ATPase Na+/K+ transporting subunit beta 3,0.0963,2.334,-3.243,0.02059883,0.6597,Up
211004_s_at,ALDH3B1,aldehyde dehydrogenase 3 family member B1,0.108,2.333,-3.245,0.02064347,0.6597,Up
236089_at,HECW2,"HECT, C2 and WW domain containing E3 ubiquitin protein ligase 2",0.299,2.333,-3.245,0.02065046,0.6597,Up
231642_at,C6orf201,chromosome 6 open reading frame 201,-0.113,-2.333,-3.245,0.02065598,0.6597,Down
215723_s_at,PLD1,phospholipase D1,0.131,2.333,-3.245,0.02065732,0.6597,Up
223592_s_at,RNF135,ring finger protein 135,0.154,2.333,-3.246,0.02068212,0.6597,Up
218884_s_at,GUF1,"GUF1 homolog, GTPase",-0.19,-2.333,-3.247,0.02068696,0.6597,Down
212251_at,MTDH,metadherin,-0.09,-2.332,-3.247,0.02069634,0.6597,Down
234370_at,VSIG1,V-set and immunoglobulin domain containing 1,-0.205,-2.332,-3.247,0.0206972,0.6597,Down
242949_x_at,CCDC157,coiled-coil domain containing 157,0.0919,2.332,-3.248,0.02073043,0.6597,Up
221455_s_at,LOC101929777///WNT3,uncharacterized LOC101929777///Wnt family member 3,0.127,2.331,-3.249,0.02075702,0.6597,Up
219927_at,FCF1,FCF1 rRNA-processing protein,-0.151,-2.331,-3.249,0.02076182,0.6597,Down
211954_s_at,IPO5,importin 5,-0.125,-2.331,-3.249,0.02077157,0.6597,Down
221701_s_at,STRA6,stimulated by retinoic acid 6,0.123,2.331,-3.25,0.020779,0.6597,Up
201707_at,PEX19,peroxisomal biogenesis factor 19,-0.119,-2.33,-3.252,0.02084473,0.6597,Down
241299_at,LOC102724611,uncharacterized LOC102724611,-0.139,-2.329,-3.253,0.02086222,0.6597,Down
218717_s_at,P3H2,prolyl 3-hydroxylase 2,-0.156,-2.329,-3.253,0.02086885,0.6597,Down
238945_at,ACER3,alkaline ceramidase 3,-0.129,-2.329,-3.253,0.0208797,0.6597,Down
209514_s_at,RAB27A,"RAB27A, member RAS oncogene family",0.14,2.328,-3.254,0.02091805,0.6597,Up
243602_at,MGC40069,uncharacterized protein MGC40069,-0.295,-2.328,-3.255,0.02093265,0.6597,Down
223939_at,SUCNR1,succinate receptor 1,0.221,2.328,-3.256,0.0209514,0.6597,Up
1555830_s_at,ESYT2,extended synaptotagmin 2,-0.191,-2.327,-3.256,0.02096689,0.6597,Down
1566917_at,HPYR1,Helicobacter pylori responsive 1 (non-protein coding),0.115,2.327,-3.257,0.02098684,0.6597,Up
232787_at,HELZ2,helicase with zinc finger 2,0.101,2.327,-3.257,0.02099476,0.6597,Up
202656_s_at,SERTAD2,SERTA domain containing 2,-0.128,-2.327,-3.257,0.02100566,0.6597,Down
228788_at,YPEL1,yippee like 1,-0.109,-2.327,-3.258,0.02101732,0.6597,Down
212671_s_at,LOC100509457///HLA-DQA2///HLA-DQA1,"HLA class II histocompatibility antigen, DQ alpha 1 chain-like///major histocompatibility complex, class II, DQ alpha 2///major histocompatibility complex, class II, DQ alpha 1",-0.356,-2.327,-3.258,0.02101903,0.6597,Down
213033_s_at,NFIB,nuclear factor I B,0.118,2.326,-3.259,0.02103881,0.6597,Up
242946_at,CD53,CD53 molecule,-0.113,-2.326,-3.259,0.02104004,0.6597,Down
209086_x_at,MIR6756///MCAM,microRNA 6756///melanoma cell adhesion molecule,0.106,2.326,-3.259,0.02105123,0.6597,Up
212044_s_at,RPL27A,ribosomal protein L27a,-0.0607,-2.325,-3.26,0.02108212,0.6597,Down
224877_s_at,MRPS5,mitochondrial ribosomal protein S5,-0.0996,-2.325,-3.261,0.02110323,0.6597,Down
230328_at,LOC101930306///RRN3P1///RRN3P2///RRN3,"uncharacterized LOC101930306///RRN3 homolog, RNA polymerase I transcription factor pseudogene 1///RRN3 homolog, RNA polymerase I transcription factor pseudogene 2///RRN3 homolog, RNA polymerase I transcription factor",-0.13,-2.325,-3.262,0.02112418,0.6597,Down
1554376_s_at,HACD1,3-hydroxyacyl-CoA dehydratase 1,0.0997,2.324,-3.262,0.02113505,0.6597,Up
223204_at,FAM198B,family with sequence similarity 198 member B,0.246,2.324,-3.263,0.0211559,0.6597,Up
239743_at,SP8,Sp8 transcription factor,0.115,2.324,-3.263,0.02116033,0.6597,Up
234093_at,ZNF326,zinc finger protein 326,0.121,2.324,-3.263,0.02116816,0.6597,Up
202746_at,ITM2A,integral membrane protein 2A,-0.153,-2.324,-3.263,0.02117913,0.6597,Down
236123_at,WNT2B,Wnt family member 2B,-0.154,-2.324,-3.264,0.02118285,0.6597,Down
209569_x_at,NSG1,neuron specific gene family member 1,-0.303,-2.323,-3.264,0.02119401,0.6597,Down
232227_at,HSPC324,uncharacterized LOC101928612,0.094,2.323,-3.264,0.021198,0.6597,Up
243951_at,ABCB1,ATP binding cassette subfamily B member 1,-0.165,-2.323,-3.264,0.02119805,0.6597,Down
228790_at,FAM110B,family with sequence similarity 110 member B,0.186,2.323,-3.264,0.02120045,0.6597,Up
217989_at,HSD17B11,hydroxysteroid 17-beta dehydrogenase 11,0.0861,2.323,-3.264,0.02120446,0.6597,Up
224708_at,KIAA2013,KIAA2013,0.0776,2.323,-3.265,0.02121925,0.6597,Up
1555736_a_at,AGTRAP,angiotensin II receptor associated protein,0.15,2.323,-3.265,0.02122595,0.6597,Up
224042_at,UPB1,beta-ureidopropionase 1,0.109,2.323,-3.265,0.02122898,0.6597,Up
209467_s_at,MKNK1,MAP kinase interacting serine/threonine kinase 1,0.169,2.323,-3.265,0.02123538,0.6597,Up
203712_at,PUM3,pumilio RNA binding family member 3,-0.1,-2.323,-3.265,0.02123917,0.6597,Down
214890_s_at,FAM149A,family with sequence similarity 149 member A,-0.123,-2.322,-3.265,0.02123975,0.6597,Down
219498_s_at,BCL11A,B-cell CLL/lymphoma 11A,-0.142,-2.322,-3.266,0.02125018,0.6597,Down
236027_at,SFR1,SWI5 dependent homologous recombination repair protein 1,-0.156,-2.322,-3.266,0.02126138,0.6597,Down
233643_at,FAM90A2P///FAM90A25P///FAM86B3P///FAM90A1,"family with sequence similarity 90, member A2 pseudogene///family with sequence similarity 90, member A7 pseudogene///family with sequence similarity 86, member A pseudogene///family with sequence similarity 90 member A1",0.104,2.321,-3.268,0.0213208,0.6601,Up
214296_x_at,IZUMO4,IZUMO family member 4,0.0973,2.321,-3.268,0.0213252,0.6601,Up
232599_at,EXOC6,exocyst complex component 6,0.192,2.32,-3.27,0.02138898,0.6601,Up
201750_s_at,ECE1,endothelin converting enzyme 1,0.103,2.32,-3.271,0.02139406,0.6601,Up
224714_at,NIFK,nucleolar protein interacting with the FHA domain of MKI67,-0.127,-2.32,-3.271,0.0213982,0.6601,Down
211717_at,ANKRD40,ankyrin repeat domain 40,-0.121,-2.32,-3.271,0.02140309,0.6601,Down
1554678_s_at,HNRNPDL,heterogeneous nuclear ribonucleoprotein D like,-0.111,-2.318,-3.273,0.02146423,0.6601,Down
219257_s_at,SPHK1,sphingosine kinase 1,0.153,2.318,-3.273,0.02146453,0.6601,Up
238478_at,BNC2,basonuclin 2,-0.254,-2.318,-3.274,0.02148321,0.6601,Down
226373_at,SFXN5,sideroflexin 5,0.135,2.318,-3.274,0.02148769,0.6601,Up
1559469_s_at,SIPA1L2,signal induced proliferation associated 1 like 2,0.184,2.318,-3.274,0.02149194,0.6601,Up
216856_s_at,DLEU2,deleted in lymphocytic leukemia 2 (non-protein coding),-0.158,-2.318,-3.274,0.02149323,0.6601,Down
204627_s_at,ITGB3,integrin subunit beta 3,0.342,2.318,-3.274,0.02149499,0.6601,Up
224178_s_at,SOX6,SRY-box 6,0.137,2.318,-3.274,0.02150612,0.6601,Up
242009_at,SLC6A4,solute carrier family 6 member 4,0.159,2.317,-3.275,0.02152084,0.6601,Up
238790_at,LOC374443,C-type lectin domain family 2 member D pseudogene,-0.223,-2.317,-3.276,0.02155184,0.6601,Down
202122_s_at,PLIN3,perilipin 3,0.149,2.317,-3.276,0.02156571,0.6601,Up
207440_at,SLC35A2,solute carrier family 35 member A2,0.172,2.316,-3.277,0.02158433,0.6601,Up
57588_at,SLC24A3,solute carrier family 24 member 3,0.244,2.316,-3.278,0.02160017,0.6601,Up
223016_x_at,ZRANB2,zinc finger RANBP2-type containing 2,-0.143,-2.315,-3.279,0.02163203,0.6601,Down
211106_at,SUPT3H,"SPT3 homolog, SAGA and STAGA complex component",-0.233,-2.315,-3.279,0.02164063,0.6601,Down
206427_s_at,MLANA,melan-A,-0.108,-2.315,-3.28,0.021668,0.6601,Down
202099_s_at,DGCR2,DiGeorge syndrome critical region gene 2,0.101,2.315,-3.28,0.02167906,0.6601,Up
240902_at,LINC00641,long intergenic non-protein coding RNA 641,-0.125,-2.314,-3.282,0.02172053,0.6601,Down
229909_at,B4GALNT3,"beta-1,4-N-acetyl-galactosaminyltransferase 3",0.204,2.314,-3.282,0.02173526,0.6601,Up
225211_at,NECTIN1,nectin cell adhesion molecule 1,0.093,2.313,-3.283,0.02175254,0.6601,Up
203580_s_at,SLC7A6,solute carrier family 7 member 6,-0.101,-2.313,-3.283,0.02177907,0.6601,Down
201791_s_at,DHCR7,7-dehydrocholesterol reductase,0.131,2.312,-3.284,0.02180342,0.6601,Up
1558011_at,LOC441081,POM121 membrane glycoprotein (rat) pseudogene,0.106,2.312,-3.285,0.02184152,0.6601,Up
204688_at,SGCE,sarcoglycan epsilon,-0.169,-2.312,-3.286,0.02184724,0.6601,Down
210440_s_at,CDC14A,cell division cycle 14A,-0.114,-2.312,-3.286,0.02184882,0.6601,Down
218284_at,SMAD3,SMAD family member 3,-0.111,-2.311,-3.286,0.02186743,0.6601,Down
201928_at,PKP4,plakophilin 4,0.112,2.311,-3.286,0.02186888,0.6601,Up
201365_at,OAZ2,ornithine decarboxylase antizyme 2,0.0597,2.311,-3.287,0.02188306,0.6601,Up
232406_at,LOC105372526,uncharacterized LOC105372526,0.138,2.311,-3.288,0.02190419,0.6601,Up
1559050_at,HCG27,HLA complex group 27 (non-protein coding),0.152,2.31,-3.288,0.02191275,0.6601,Up
206160_at,APOBEC2,apolipoprotein B mRNA editing enzyme catalytic subunit 2,-0.115,-2.31,-3.288,0.02192417,0.6601,Down
232729_at,FBXO32,F-box protein 32,-0.181,-2.31,-3.288,0.02192947,0.6601,Down
207330_at,PZP,"PZP, alpha-2-macroglobulin like",-0.16,-2.31,-3.288,0.0219309,0.6601,Down
234318_x_at,NDOR1,NADPH dependent diflavin oxidoreductase 1,0.102,2.31,-3.289,0.0219608,0.6603,Up
209750_at,NR1D2,nuclear receptor subfamily 1 group D member 2,-0.21,-2.309,-3.29,0.02196708,0.6603,Down
238981_at,TMEM223,transmembrane protein 223,-0.137,-2.308,-3.292,0.02202795,0.6613,Down
227090_at,PHF21A,PHD finger protein 21A,0.114,2.308,-3.292,0.02203074,0.6613,Up
216551_x_at,PLCG1,phospholipase C gamma 1,-0.0757,-2.308,-3.292,0.02203787,0.6613,Down
228605_at,UBXN2A,UBX domain protein 2A,-0.19,-2.308,-3.293,0.02206829,0.6619,Down
221967_at,NXPH4,neurexophilin 4,0.106,2.307,-3.295,0.02211903,0.6625,Up
222222_s_at,HOMER3,homer scaffolding protein 3,0.106,2.306,-3.295,0.02213608,0.6625,Up
208425_s_at,TANC2,"tetratricopeptide repeat, ankyrin repeat and coiled-coil containing 2",0.162,2.306,-3.295,0.02214119,0.6625,Up
231093_at,FCRL3,Fc receptor like 3,-0.17,-2.306,-3.296,0.02215795,0.6625,Down
238681_at,GDPD1,glycerophosphodiester phosphodiesterase domain containing 1,-0.234,-2.306,-3.296,0.02216337,0.6625,Down
203660_s_at,PCNT,pericentrin,-0.106,-2.306,-3.296,0.02217251,0.6625,Down
221358_at,NPBWR2,neuropeptides B/W receptor 2,0.0982,2.306,-3.296,0.02217486,0.6625,Up
225057_at,SLC15A4,solute carrier family 15 member 4,0.133,2.305,-3.297,0.0222098,0.6631,Up
211045_s_at,KCNH6,potassium voltage-gated channel subfamily H member 6,0.11,2.305,-3.299,0.02224176,0.6631,Up
205967_at,HIST2H4B///HIST4H4///HIST2H4A///HIST1H4L///HIST1H4E///HIST1H4B///HIST1H4H///HIST1H4C///HIST1H4J///HIST1H4K///HIST1H4F///HIST1H4D///HIST1H4A///HIST1H4I,"histone cluster 2, H4b///histone cluster 4, H4///histone cluster 2, H4a///histone cluster 1, H4l///histone cluster 1, H4e///histone cluster 1, H4b///histone cluster 1, H4h///histone cluster 1, H4c///histone cluster 1, H4j///histone cluster 1, H4k///histone cluster 1, H4f///histone cluster 1, H4d///histone cluster 1, H4a///histone cluster 1, H4i",-0.218,-2.305,-3.299,0.02224323,0.6631,Down
211873_s_at,PCDHGA9,"protocadherin gamma subfamily A, 9",0.119,2.305,-3.299,0.02224599,0.6631,Up
244267_at,SATB1,SATB homeobox 1,-0.145,-2.304,-3.299,0.02226547,0.6631,Down
203408_s_at,SATB1,SATB homeobox 1,-0.108,-2.304,-3.299,0.02226807,0.6631,Down
232119_at,SYNPO2,synaptopodin 2,0.11,2.304,-3.301,0.02230438,0.6635,Up
202192_s_at,GAS7,growth arrest specific 7,0.145,2.303,-3.301,0.02231761,0.6635,Up
207236_at,ZNF345,zinc finger protein 345,-0.122,-2.303,-3.301,0.02232977,0.6635,Down
1556929_at,PAPOLG,poly(A) polymerase gamma,-0.142,-2.303,-3.302,0.02236178,0.6641,Down
227055_at,METTL7B,methyltransferase like 7B,0.143,2.302,-3.303,0.02238769,0.6645,Up
210636_at,PPARD,peroxisome proliferator activated receptor delta,0.108,2.302,-3.304,0.02241043,0.6645,Up
203167_at,TIMP2,TIMP metallopeptidase inhibitor 2,0.223,2.301,-3.306,0.0224648,0.6657,Up
211654_x_at,HLA-DQB1,"major histocompatibility complex, class II, DQ beta 1",-0.262,-2.3,-3.307,0.02250282,0.666,Down
207717_s_at,PKP2,plakophilin 2,0.164,2.3,-3.307,0.02251396,0.666,Up
210986_s_at,TPM1,tropomyosin 1 (alpha),0.184,2.3,-3.307,0.02251973,0.666,Up
37793_r_at,RAD51D,RAD51 paralog D,-0.174,-2.3,-3.308,0.02253159,0.666,Down
214976_at,SNORD68///RPL13,"small nucleolar RNA, C/D box 68///ribosomal protein L13",-0.162,-2.299,-3.309,0.02256694,0.666,Down
216261_at,ITGB3,integrin subunit beta 3,0.186,2.299,-3.309,0.02258313,0.666,Up
238424_at,ADAL,adenosine deaminase like,-0.157,-2.298,-3.31,0.02259605,0.666,Down
238783_at,TMEM161B,transmembrane protein 161B,-0.169,-2.298,-3.31,0.02259735,0.666,Down
231348_s_at,LMO3,LIM domain only 3,0.0959,2.298,-3.31,0.02260049,0.666,Up
202310_s_at,COL1A1,collagen type I alpha 1 chain,0.106,2.298,-3.31,0.02260829,0.666,Up
203849_s_at,KIF1A,kinesin family member 1A,0.111,2.298,-3.311,0.02264113,0.666,Up
215646_s_at,VCAN,versican,0.219,2.298,-3.312,0.02265227,0.666,Up
212031_at,RBM25,RNA binding motif protein 25,0.0808,2.297,-3.312,0.02265426,0.666,Up
219858_s_at,MFSD6,major facilitator superfamily domain containing 6,-0.17,-2.297,-3.312,0.02266531,0.666,Down
241918_at,ANO7,anoctamin 7,0.107,2.297,-3.312,0.02267397,0.666,Up
243938_x_at,DNAH5,dynein axonemal heavy chain 5,0.0842,2.296,-3.314,0.02271653,0.666,Up
200631_s_at,SETSIP///SET,SET-like protein///SET nuclear proto-oncogene,-0.102,-2.296,-3.314,0.02271809,0.666,Down
227445_at,ZNF689,zinc finger protein 689,-0.116,-2.296,-3.314,0.02273741,0.666,Down
212057_at,GSE1,Gse1 coiled-coil protein,-0.103,-2.296,-3.315,0.02276919,0.6662,Down
1557062_at,ZSCAN16-AS1,ZSCAN16 antisense RNA 1,-0.16,-2.295,-3.316,0.02279537,0.6662,Down
202742_s_at,PRKACB,protein kinase cAMP-activated catalytic subunit beta,-0.201,-2.295,-3.316,0.02279972,0.6662,Down
234924_s_at,ZNF687,zinc finger protein 687,0.134,2.295,-3.317,0.02281081,0.6662,Up
221476_s_at,RPL15,ribosomal protein L15,-0.0768,-2.293,-3.319,0.02288997,0.6662,Down
226919_at,LYRM2,LYR motif containing 2,-0.121,-2.293,-3.319,0.02289757,0.6662,Down
204225_at,HDAC4,histone deacetylase 4,0.118,2.293,-3.319,0.02289807,0.6662,Up
219854_at,ZNF14,zinc finger protein 14,-0.195,-2.293,-3.32,0.02290819,0.6662,Down
214529_at,TSHB,thyroid stimulating hormone beta,0.156,2.293,-3.32,0.02290863,0.6662,Up
211711_s_at,PTEN,phosphatase and tensin homolog,0.11,2.293,-3.32,0.02292854,0.6662,Up
219038_at,MORC4,MORC family CW-type zinc finger 4,-0.173,-2.293,-3.321,0.0229392,0.6662,Down
229743_at,ZNF438,zinc finger protein 438,0.159,2.292,-3.321,0.02294626,0.6662,Up
222522_x_at,MRPS10,mitochondrial ribosomal protein S10,-0.123,-2.292,-3.321,0.02295691,0.6662,Down
230676_s_at,TMEM19,transmembrane protein 19,-0.118,-2.291,-3.324,0.02304125,0.6663,Down
236124_at,LOC153546,uncharacterized LOC153546,0.136,2.291,-3.324,0.02306208,0.6663,Up
211560_s_at,ALAS2,5'-aminolevulinate synthase 2,0.314,2.29,-3.325,0.023075,0.6663,Up
238909_at,S100A10,S100 calcium binding protein A10,-0.118,-2.29,-3.325,0.02309108,0.6663,Down
233366_at,FBXO4,F-box protein 4,-0.172,-2.29,-3.325,0.02309123,0.6663,Down
243814_at,LOC101927377,uncharacterized LOC101927377,-0.133,-2.29,-3.325,0.02309356,0.6663,Down
206661_at,DBF4B,DBF4 zinc finger B,-0.121,-2.29,-3.326,0.02309766,0.6663,Down
231706_s_at,EVX1,even-skipped homeobox 1,0.116,2.29,-3.326,0.0230996,0.6663,Up
1555439_at,GTF3C3,general transcription factor IIIC subunit 3,-0.204,-2.29,-3.326,0.02310045,0.6663,Down
1558173_a_at,LUZP1,leucine zipper protein 1,-0.104,-2.289,-3.326,0.02312665,0.6663,Down
202974_at,MPP1,membrane palmitoylated protein 1,0.181,2.289,-3.327,0.02312973,0.6663,Up
208452_x_at,MYO9B,myosin IXB,0.0964,2.289,-3.327,0.0231431,0.6663,Up
214648_at,GPX5,glutathione peroxidase 5,0.101,2.289,-3.327,0.02314625,0.6663,Up
240607_at,MIAT,myocardial infarction associated transcript (non-protein coding),-0.203,-2.289,-3.327,0.02315337,0.6663,Down
207520_at,TROVE2,TROVE domain family member 2,-0.223,-2.288,-3.328,0.02318472,0.6668,Down
1555343_at,MEGF10,multiple EGF like domains 10,0.101,2.287,-3.331,0.02328126,0.668,Up
240528_s_at,EXOC4,exocyst complex component 4,-0.184,-2.287,-3.331,0.02328907,0.668,Down
1566764_at,MACC1,metastasis associated in colon cancer 1,-0.101,-2.286,-3.332,0.02330803,0.668,Down
205290_s_at,BMP2,bone morphogenetic protein 2,0.108,2.286,-3.333,0.02333208,0.668,Up
1559863_a_at,AFG3L1P,"AFG3 like matrix AAA peptidase subunit 1, pseudogene",0.106,2.286,-3.333,0.02335205,0.668,Up
225499_at,RALGAPA2,Ral GTPase activating protein catalytic alpha subunit 2,0.128,2.286,-3.334,0.02335652,0.668,Up
205565_s_at,FXN,frataxin,-0.116,-2.285,-3.334,0.02337052,0.668,Down
209790_s_at,CASP6,caspase 6,-0.138,-2.285,-3.334,0.02337205,0.668,Down
209234_at,KIF1B,kinesin family member 1B,0.147,2.285,-3.335,0.02338952,0.668,Up
224184_s_at,BOC,"BOC cell adhesion associated, oncogene regulated",0.0992,2.285,-3.335,0.02339552,0.668,Up
204900_x_at,SAP30,Sin3A associated protein 30,0.163,2.285,-3.335,0.02340573,0.668,Up
242291_at,EIF4ENIF1,eukaryotic translation initiation factor 4E nuclear import factor 1,-0.136,-2.285,-3.335,0.02341077,0.668,Down
227121_at,ZBTB20,zinc finger and BTB domain containing 20,-0.116,-2.285,-3.335,0.02341339,0.668,Down
224790_at,ASAP1,"ArfGAP with SH3 domain, ankyrin repeat and PH domain 1",0.205,2.284,-3.336,0.02342417,0.668,Up
223454_at,CXCL16,C-X-C motif chemokine ligand 16,0.129,2.284,-3.336,0.02343478,0.668,Up
230028_at,KIAA0907,KIAA0907,-0.194,-2.284,-3.337,0.02347312,0.6687,Down
224182_x_at,SEMA6B,semaphorin 6B,0.12,2.283,-3.338,0.02349321,0.6687,Up
218924_s_at,CTBS,chitobiase,0.162,2.283,-3.338,0.02349557,0.6687,Up
205643_s_at,PPP2R2B,protein phosphatase 2 regulatory subunit Bbeta,-0.112,-2.283,-3.339,0.02353564,0.6689,Down
1556834_at,DSG2-AS1,DSG2 antisense RNA 1,0.136,2.282,-3.34,0.02355853,0.6689,Up
228997_at,TRNAU1AP,tRNA selenocysteine 1 associated protein 1,-0.157,-2.282,-3.34,0.02357654,0.6689,Down
232486_at,LRFN1,leucine rich repeat and fibronectin type III domain containing 1,0.168,2.282,-3.341,0.02359522,0.6689,Up
228774_at,CEP78,centrosomal protein 78,-0.194,-2.282,-3.341,0.02359842,0.6689,Down
1553977_a_at,CYP39A1,cytochrome P450 family 39 subfamily A member 1,0.133,2.282,-3.341,0.02359903,0.6689,Up
212926_at,SMC5,structural maintenance of chromosomes 5,-0.166,-2.282,-3.341,0.02360009,0.6689,Down
230579_at,LOC728705///TMEM263,uncharacterized LOC728705///transmembrane protein 263,-0.193,-2.281,-3.341,0.02361094,0.6689,Down
242187_s_at,TNRC18,trinucleotide repeat containing 18,0.0842,2.281,-3.342,0.02362819,0.669,Up
208118_x_at,LOC101060604///SMG1P3///SLC7A5P2///SLC7A5P1,"putative L-type amino acid transporter 1-like protein IMAA///SMG1P3, nonsense mediated mRNA decay associated PI3K related kinase pseudogene 3///solute carrier family 7 member 5 pseudogene 2///solute carrier family 7 member 5 pseudogene 1",-0.112,-2.28,-3.343,0.0236768,0.67,Down
220615_s_at,FAR2,fatty acyl-CoA reductase 2,0.185,2.28,-3.344,0.02370504,0.6704,Up
1558027_s_at,PRKAB2,protein kinase AMP-activated non-catalytic subunit beta 2,-0.25,-2.28,-3.344,0.02371435,0.6704,Down
228512_at,PTCD3,pentatricopeptide repeat domain 3,-0.124,-2.278,-3.348,0.02381938,0.6715,Down
202530_at,MAPK14,mitogen-activated protein kinase 14,0.145,2.278,-3.348,0.02382054,0.6715,Up
210344_at,OSBPL7,oxysterol binding protein like 7,0.102,2.277,-3.348,0.02384706,0.6715,Up
242876_at,AKT3,AKT serine/threonine kinase 3,-0.165,-2.277,-3.348,0.02384895,0.6715,Down
1556060_a_at,ZNF451,zinc finger protein 451,-0.143,-2.277,-3.349,0.02385886,0.6715,Down
200596_s_at,EIF3A,eukaryotic translation initiation factor 3 subunit A,-0.107,-2.277,-3.35,0.02388675,0.6715,Down
211180_x_at,LOC101928269///LOC100506403///RUNX1,uncharacterized LOC101928269///uncharacterized LOC100506403///runt related transcription factor 1,0.128,2.277,-3.35,0.02389439,0.6715,Up
204801_s_at,DHRS12,dehydrogenase/reductase 12,0.125,2.277,-3.35,0.02389452,0.6715,Up
213037_x_at,STAU1,staufen double-stranded RNA binding protein 1,0.0625,2.277,-3.35,0.02390033,0.6715,Up
226759_at,IKZF4,IKAROS family zinc finger 4,0.136,2.277,-3.35,0.02390114,0.6715,Up
230543_at,USP9X,"ubiquitin specific peptidase 9, X-linked",-0.121,-2.275,-3.352,0.02397591,0.6715,Down
222055_at,FAHD2CP///FAHD2B///FAHD2A,"fumarylacetoacetate hydrolase domain containing 2C, pseudogene///fumarylacetoacetate hydrolase domain containing 2B///fumarylacetoacetate hydrolase domain containing 2A",-0.104,-2.275,-3.353,0.02399101,0.6715,Down
219838_at,TTC23,tetratricopeptide repeat domain 23,0.0884,2.275,-3.353,0.02401115,0.6715,Up
242512_at,MYO9A,myosin IXA,-0.181,-2.275,-3.354,0.02402447,0.6715,Down
234969_s_at,EPC1,enhancer of polycomb homolog 1,-0.0578,-2.274,-3.354,0.02402936,0.6715,Down
225809_at,PARM1,prostate androgen-regulated mucin-like protein 1,-0.177,-2.274,-3.354,0.02404,0.6715,Down
208979_at,NCOA6,nuclear receptor coactivator 6,0.114,2.274,-3.355,0.02407404,0.6715,Up
203382_s_at,APOE,apolipoprotein E,0.0954,2.274,-3.355,0.02407415,0.6715,Up
240050_s_at,PPM1K,"protein phosphatase, Mg2+/Mn2+ dependent 1K",-0.144,-2.273,-3.356,0.02411115,0.6715,Down
227382_at,CYB5B,cytochrome b5 type B,-0.241,-2.273,-3.357,0.02413626,0.6715,Down
230088_at,EPHB2,EPH receptor B2,0.0883,2.272,-3.358,0.02415304,0.6715,Up
200061_s_at,RPS24,ribosomal protein S24,-0.133,-2.272,-3.358,0.02415752,0.6715,Down
1552677_a_at,DIP2A,disco interacting protein 2 homolog A,-0.125,-2.272,-3.358,0.02417474,0.6715,Down
220447_at,HRH3,histamine receptor H3,0.108,2.272,-3.358,0.02417691,0.6715,Up
233745_at,PTOV1-AS1,PTOV1 antisense RNA 1,-0.128,-2.272,-3.358,0.0241776,0.6715,Down
203120_at,TP53BP2,tumor protein p53 binding protein 2,0.131,2.272,-3.358,0.02418199,0.6715,Up
205554_s_at,DNASE1L3,deoxyribonuclease 1 like 3,-0.162,-2.272,-3.359,0.02418985,0.6715,Down
243815_at,PGBD4,piggyBac transposable element derived 4,-0.15,-2.272,-3.359,0.02419934,0.6715,Down
234520_at,FLI1,"Fli-1 proto-oncogene, ETS transcription factor",0.123,2.271,-3.359,0.02421883,0.6715,Up
216074_x_at,WWC1,WW and C2 domain containing 1,0.111,2.271,-3.36,0.02423054,0.6715,Up
216361_s_at,KAT6A,lysine acetyltransferase 6A,-0.16,-2.271,-3.36,0.02423861,0.6715,Down
220302_at,MAK,male germ cell associated kinase,0.147,2.271,-3.36,0.02424036,0.6715,Up
207190_at,ZZEF1,zinc finger ZZ-type and EF-hand domain containing 1,0.107,2.271,-3.36,0.02424387,0.6715,Up
219177_at,BRIX1,"BRX1, biogenesis of ribosomes",-0.13,-2.271,-3.361,0.02425764,0.6715,Down
1561004_at,PRKCQ-AS1,PRKCQ antisense RNA 1,-0.261,-2.271,-3.361,0.02426587,0.6715,Down
224409_s_at,TSSK6,testis specific serine kinase 6,0.115,2.27,-3.361,0.0242742,0.6715,Up
235568_at,MCEMP1,mast cell expressed membrane protein 1,0.224,2.27,-3.361,0.02428159,0.6715,Up
228525_at,LRP3,LDL receptor related protein 3,0.12,2.269,-3.363,0.02433591,0.6727,Up
239919_at,TBX5-AS1,TBX5 antisense RNA 1,0.0908,2.269,-3.364,0.02438596,0.6735,Up
229541_at,HMBOX1,homeobox containing 1,-0.141,-2.268,-3.365,0.0244192,0.6735,Down
224880_at,RALA,RALA Ras like proto-oncogene A,-0.0942,-2.268,-3.365,0.02442245,0.6735,Down
238930_at,PPM1N,"protein phosphatase, Mg2+/Mn2+ dependent 1N (putative)",0.1,2.268,-3.366,0.02442585,0.6735,Up
227047_x_at,ZBTB4,zinc finger and BTB domain containing 4,-0.0921,-2.268,-3.366,0.02444723,0.6736,Down
1553856_s_at,P2RY10,purinergic receptor P2Y10,-0.145,-2.268,-3.366,0.02445544,0.6736,Down
209686_at,S100B,S100 calcium binding protein B,-0.414,-2.267,-3.368,0.02450776,0.6741,Down
228666_at,ARPIN,actin-related protein 2/3 complex inhibitor,0.114,2.266,-3.368,0.02452146,0.6741,Up
201222_s_at,RAD23B,"RAD23 homolog B, nucleotide excision repair protein",0.12,2.266,-3.369,0.02453928,0.6741,Up
221726_at,RPL22,ribosomal protein L22,-0.0971,-2.266,-3.369,0.0245535,0.6741,Down
209711_at,SLC35D1,solute carrier family 35 member D1,-0.159,-2.266,-3.37,0.02456587,0.6741,Down
215498_s_at,LOC100996792///MAP2K3,dual specificity mitogen-activated protein kinase kinase 3///mitogen-activated protein kinase kinase 3,0.0762,2.266,-3.37,0.02456629,0.6741,Up
243066_at,NPL,N-acetylneuraminate pyruvate lyase,0.158,2.266,-3.37,0.02457068,0.6741,Up
1552853_at,VWA5B1,von Willebrand factor A domain containing 5B1,0.124,2.265,-3.37,0.02459419,0.6744,Up
212007_at,UBXN4,UBX domain protein 4,-0.0774,-2.264,-3.373,0.02466687,0.6754,Down
230331_at,METTL21C,methyltransferase like 21C,-0.111,-2.264,-3.373,0.02468141,0.6754,Down
240840_s_at,SETD9,SET domain containing 9,0.0747,2.264,-3.373,0.02468284,0.6754,Up
210595_at,ZNF235,zinc finger protein 235,-0.103,-2.264,-3.373,0.02469305,0.6754,Down
235339_at,SETDB2,SET domain bifurcated 2,-0.134,-2.263,-3.374,0.02472227,0.6755,Down
201538_s_at,DUSP3,dual specificity phosphatase 3,0.12,2.263,-3.374,0.02472521,0.6755,Up
32837_at,AGPAT2,1-acylglycerol-3-phosphate O-acyltransferase 2,0.0924,2.263,-3.375,0.02473497,0.6755,Up
215675_at,TEF,"TEF, PAR bZIP transcription factor",0.103,2.263,-3.375,0.02474922,0.6755,Up
221876_at,ZNF783,zinc finger family member 783,-0.101,-2.263,-3.375,0.02476497,0.6755,Down
225829_at,PDZD8,PDZ domain containing 8,0.2,2.262,-3.377,0.02482519,0.6755,Up
219620_x_at,TOR4A,torsin family 4 member A,0.106,2.262,-3.377,0.0248277,0.6755,Up
208805_at,KIAA0391///PSMA6,KIAA0391///proteasome subunit alpha 6,-0.129,-2.261,-3.378,0.02485104,0.6755,Down
1561502_x_at,CTU2,cytosolic thiouridylase subunit 2,0.0986,2.261,-3.379,0.02489028,0.6755,Up
236248_x_at,TADA2B,transcriptional adaptor 2B,0.0804,2.26,-3.379,0.0248994,0.6755,Up
222785_x_at,C11orf1,chromosome 11 open reading frame 1,-0.176,-2.26,-3.38,0.02491355,0.6755,Down
200602_at,APP,amyloid beta precursor protein,0.0807,2.26,-3.38,0.02493612,0.6755,Up
230656_s_at,UTP4,"UTP4, small subunit processome component",-0.122,-2.26,-3.38,0.0249434,0.6755,Down
208442_s_at,ATM,ATM serine/threonine kinase,-0.129,-2.26,-3.381,0.02494849,0.6755,Down
211486_s_at,KCNQ2,potassium voltage-gated channel subfamily Q member 2,0.105,2.259,-3.381,0.02496664,0.6755,Up
230776_at,RNF157-AS1,RNF157 antisense RNA 1,-0.174,-2.259,-3.382,0.0249866,0.6755,Down
1559532_at,ARIH2OS,ariadne homolog 2 opposite strand,-0.147,-2.259,-3.382,0.02498887,0.6755,Down
214298_x_at,SEPT6,septin 6,-0.0904,-2.259,-3.382,0.02499914,0.6755,Down
228499_at,PFKFB4,"6-phosphofructo-2-kinase/fructose-2,6-biphosphatase 4",0.2,2.259,-3.382,0.02500536,0.6755,Up
238016_s_at,LOC100507507,uncharacterized LOC100507507,0.102,2.258,-3.383,0.02502507,0.6755,Up
212677_s_at,CEP68,centrosomal protein 68,-0.124,-2.258,-3.383,0.02503248,0.6755,Down
224569_s_at,IRF2BP2,interferon regulatory factor 2 binding protein 2,0.0819,2.258,-3.384,0.02504965,0.6755,Up
220105_at,RSPH14,radial spoke head 14 homolog,0.129,2.258,-3.384,0.02505491,0.6755,Up
235553_at,GAPVD1,GTPase activating protein and VPS9 domains 1,0.137,2.258,-3.384,0.02506704,0.6755,Up
235217_at,LINC01004,long intergenic non-protein coding RNA 1004,0.185,2.258,-3.384,0.02508122,0.6755,Up
1568830_at,IRAK3,interleukin 1 receptor associated kinase 3,0.231,2.257,-3.385,0.02511251,0.6755,Up
229491_at,SLC9B2,solute carrier family 9 member B2,-0.118,-2.257,-3.386,0.02513318,0.6755,Down
237061_at,ZNF347,zinc finger protein 347,-0.16,-2.257,-3.386,0.02514321,0.6755,Down
222427_s_at,LARS,leucyl-tRNA synthetase,-0.149,-2.257,-3.386,0.02514515,0.6755,Down
243894_at,SLC41A2,solute carrier family 41 member 2,-0.186,-2.256,-3.387,0.02515788,0.6755,Down
205973_at,FEZ1,fasciculation and elongation protein zeta 1,-0.124,-2.256,-3.387,0.02515875,0.6755,Down
201101_s_at,BCLAF1,BCL2 associated transcription factor 1,-0.11,-2.256,-3.387,0.02516742,0.6755,Down
223223_at,ARV1,"ARV1 homolog, fatty acid homeostasis modulator",-0.153,-2.256,-3.387,0.02516988,0.6755,Down
204720_s_at,DNAJC6,DnaJ heat shock protein family (Hsp40) member C6,0.309,2.256,-3.387,0.02518331,0.6755,Up
204278_s_at,EBAG9,"estrogen receptor binding site associated, antigen, 9",-0.107,-2.256,-3.387,0.02518425,0.6755,Down
229686_at,P2RY8,purinergic receptor P2Y8,-0.0586,-2.256,-3.388,0.02519808,0.6755,Down
230935_at,HAGLROS,HAGLR opposite strand (non-protein coding),0.0944,2.256,-3.388,0.02521299,0.6755,Up
211088_s_at,PLK4,polo like kinase 4,0.0948,2.255,-3.389,0.02522632,0.6755,Up
237495_at,MPP7,membrane palmitoylated protein 7,-0.144,-2.255,-3.39,0.02526165,0.6755,Down
202873_at,ATP6V1C1,ATPase H+ transporting V1 subunit C1,0.147,2.255,-3.39,0.02526489,0.6755,Up
224348_s_at,HOTS,H19 opposite tumor suppressor,-0.367,-2.254,-3.39,0.02527891,0.6755,Down
227416_s_at,ZCRB1,zinc finger CCHC-type and RNA binding motif containing 1,-0.0806,-2.254,-3.391,0.02530111,0.6755,Down
220072_at,CSPP1,centrosome and spindle pole associated protein 1,-0.128,-2.254,-3.391,0.02530161,0.6755,Down
213666_at,SEPT6,septin 6,-0.117,-2.254,-3.391,0.02530197,0.6755,Down
226954_at,UBE2R2,ubiquitin conjugating enzyme E2 R2,0.0825,2.254,-3.391,0.02530878,0.6755,Up
231549_at,C1orf158,chromosome 1 open reading frame 158,0.107,2.254,-3.391,0.0253225,0.6755,Up
209914_s_at,NRXN1,neurexin 1,0.107,2.253,-3.392,0.02534411,0.6756,Up
218338_at,PHC1,polyhomeotic homolog 1,-0.132,-2.253,-3.393,0.02537707,0.6756,Down
203853_s_at,GAB2,GRB2 associated binding protein 2,0.154,2.253,-3.393,0.02539935,0.6756,Up
217927_at,SPCS1,signal peptidase complex subunit 1,-0.0532,-2.252,-3.394,0.0254326,0.6756,Down
241089_at,ZNF562,zinc finger protein 562,-0.187,-2.252,-3.395,0.02546198,0.6756,Down
235023_at,VPS13C,vacuolar protein sorting 13 homolog C,-0.138,-2.251,-3.396,0.02547362,0.6756,Down
239187_at,DCAF16,DDB1 and CUL4 associated factor 16,-0.137,-2.251,-3.396,0.02547488,0.6756,Down
206573_at,KCNQ3,potassium voltage-gated channel subfamily Q member 3,0.0949,2.251,-3.396,0.02547839,0.6756,Up
213701_at,C12orf29,chromosome 12 open reading frame 29,-0.263,-2.251,-3.396,0.02549725,0.6756,Down
206997_s_at,HS6ST1,heparan sulfate 6-O-sulfotransferase 1,0.0997,2.251,-3.396,0.02549833,0.6756,Up
213939_s_at,RUFY3,RUN and FYVE domain containing 3,-0.121,-2.251,-3.396,0.02549992,0.6756,Down
201145_at,HAX1,HCLS1 associated protein X-1,-0.138,-2.251,-3.397,0.02552032,0.6756,Down
1569713_at,SEC24B-AS1,SEC24B antisense RNA 1,-0.198,-2.251,-3.397,0.02552628,0.6756,Down
228341_at,NUDT16,nudix hydrolase 16,0.179,2.25,-3.398,0.02554749,0.6756,Up
229899_s_at,ZFAS1,ZNFX1 antisense RNA 1,0.115,2.25,-3.398,0.02555376,0.6756,Up
227228_s_at,CCDC88C,coiled-coil domain containing 88C,-0.0936,-2.25,-3.398,0.02555382,0.6756,Down
214628_at,NHLH1,nescient helix-loop-helix 1,0.173,2.25,-3.399,0.02558574,0.6756,Up
224037_at,SDAD1,SDA1 domain containing 1,-0.14,-2.249,-3.399,0.0256015,0.6756,Down
1553725_s_at,ZNF644,zinc finger protein 644,-0.211,-2.249,-3.399,0.02560246,0.6756,Down
217418_x_at,MS4A1,membrane spanning 4-domains A1,-0.236,-2.249,-3.399,0.02560379,0.6756,Down
225567_at,INAFM2,InaF motif containing 2,0.1,2.249,-3.401,0.02565777,0.6761,Up
1563947_a_at,ERC1,ELKS/RAB6-interacting/CAST family member 1,-0.189,-2.249,-3.401,0.02566371,0.6761,Down
226889_at,WDR35,WD repeat domain 35,0.171,2.248,-3.401,0.02568139,0.6761,Up
231538_at,C11orf1,chromosome 11 open reading frame 1,-0.19,-2.248,-3.401,0.02568844,0.6761,Down
220171_x_at,GPALPP1,GPALPP motifs containing 1,-0.138,-2.248,-3.402,0.02568894,0.6761,Down
219750_at,TMEM144,transmembrane protein 144,0.152,2.247,-3.403,0.02573912,0.6761,Up
212947_at,SLC9A8,solute carrier family 9 member A8,0.11,2.247,-3.403,0.02574942,0.6761,Up
1557126_a_at,PLD1,phospholipase D1,0.179,2.247,-3.404,0.0257649,0.6761,Up
204351_at,S100P,S100 calcium binding protein P,0.395,2.247,-3.404,0.02576627,0.6761,Up
218509_at,PLPPR2,phospholipid phosphatase related 2,0.146,2.247,-3.404,0.02577584,0.6761,Up
228612_at,RAB30-AS1,RAB30 antisense RNA 1 (head to head),-0.157,-2.247,-3.404,0.02578815,0.6761,Down
212226_s_at,PLPP3,phospholipid phosphatase 3,0.118,2.246,-3.404,0.0257957,0.6761,Up
229101_at,IL17RA,interleukin 17 receptor A,0.0823,2.246,-3.405,0.02582365,0.6761,Up
223470_at,PIGM,phosphatidylinositol glycan anchor biosynthesis class M,-0.0883,-2.246,-3.405,0.02582958,0.6761,Down
213725_x_at,XYLT1,xylosyltransferase 1,0.159,2.246,-3.406,0.02585264,0.6761,Up
229001_at,PPP1R3E,protein phosphatase 1 regulatory subunit 3E,-0.122,-2.246,-3.406,0.0258562,0.6761,Down
201564_s_at,FSCN1,fascin actin-bundling protein 1,0.122,2.245,-3.406,0.0258601,0.6761,Up
227475_at,FOXQ1,forkhead box Q1,0.204,2.245,-3.406,0.02586205,0.6761,Up
235920_at,CLUHP3///ZNF720,clustered mitochondria homolog pseudogene 3///zinc finger protein 720,-0.195,-2.245,-3.407,0.02588318,0.6761,Down
235108_at,KCNK3,potassium two pore domain channel subfamily K member 3,0.0909,2.245,-3.407,0.02589853,0.6762,Up
214579_at,NIPAL3,NIPA like domain containing 3,-0.141,-2.245,-3.408,0.02591126,0.6762,Down
237471_at,LINC00689,long intergenic non-protein coding RNA 689,-0.0908,-2.243,-3.41,0.02599664,0.678,Down
207257_at,EPO,erythropoietin,0.0851,2.243,-3.41,0.02600896,0.678,Up
205142_x_at,ABCD1,ATP binding cassette subfamily D member 1,0.14,2.243,-3.411,0.02601751,0.678,Up
209765_at,ADAM19,ADAM metallopeptidase domain 19,0.0835,2.241,-3.415,0.02617477,0.68,Up
1554503_a_at,OSCAR,"osteoclast associated, immunoglobulin-like receptor",0.273,2.241,-3.415,0.02617567,0.68,Up
226804_at,FAM20A,family with sequence similarity 20 member A,-0.143,-2.241,-3.415,0.02617987,0.68,Down
1561041_at,TNRC6C,trinucleotide repeat containing 6C,-0.0983,-2.241,-3.415,0.02618226,0.68,Down
211286_x_at,CSF2RA,colony stimulating factor 2 receptor alpha subunit,0.141,2.24,-3.416,0.02619946,0.68,Up
230600_at,LRRC46,leucine rich repeat containing 46,0.133,2.24,-3.416,0.02621034,0.68,Up
231288_at,CCDC88C,coiled-coil domain containing 88C,-0.125,-2.24,-3.416,0.02622631,0.68,Down
242852_at,LOC285147,uncharacterized LOC285147,0.172,2.24,-3.416,0.02622725,0.68,Up
219284_at,HSPBAP1,HSPB1 associated protein 1,0.117,2.24,-3.417,0.02623828,0.68,Up
207846_at,POU1F1,POU class 1 homeobox 1,0.105,2.24,-3.417,0.02624346,0.68,Up
216520_s_at,LOC101928826///TPT1,"uncharacterized LOC101928826///tumor protein, translationally-controlled 1",-0.104,-2.239,-3.418,0.02628094,0.6802,Down
1569761_x_at,LRRC37A7P,"leucine rich repeat containing 37 member A7, pseudogene",0.0759,2.239,-3.418,0.02628693,0.6802,Up
207113_s_at,TNF,tumor necrosis factor,0.126,2.239,-3.418,0.02629649,0.6802,Up
224564_s_at,RTN3,reticulon 3,0.0692,2.238,-3.419,0.02633846,0.6808,Up
212387_at,TCF4,transcription factor 4,-0.118,-2.238,-3.42,0.02634728,0.6808,Down
231822_at,CTTNBP2NL,CTTNBP2 N-terminal like,-0.148,-2.238,-3.42,0.02635931,0.6808,Down
232664_at,LINC00954,long intergenic non-protein coding RNA 954,-0.161,-2.237,-3.421,0.02641532,0.6817,Down
211014_s_at,PML,promyelocytic leukemia,0.19,2.237,-3.422,0.02642612,0.6817,Up
242919_at,ZNF253,zinc finger protein 253,-0.158,-2.237,-3.422,0.02644095,0.6817,Down
200705_s_at,SNORA41///EEF1B2,"small nucleolar RNA, H/ACA box 41///eukaryotic translation elongation factor 1 beta 2",-0.15,-2.236,-3.423,0.02648511,0.6823,Down
1557544_at,CFAP58,cilia and flagella associated protein 58,0.208,2.236,-3.424,0.02650316,0.6823,Up
240052_at,ITPR1,"inositol 1,4,5-trisphosphate receptor type 1",-0.142,-2.236,-3.424,0.0265064,0.6823,Down
231530_s_at,C11orf1,chromosome 11 open reading frame 1,-0.166,-2.234,-3.426,0.02659597,0.6835,Down
225242_s_at,CCDC80,coiled-coil domain containing 80,0.0972,2.234,-3.426,0.02660081,0.6835,Up
227672_at,MROH6,maestro heat like repeat family member 6,0.135,2.234,-3.427,0.02663898,0.6839,Up
229502_at,CHDH,choline dehydrogenase,0.101,2.234,-3.428,0.0266492,0.6839,Up
241546_at,SPATA5,spermatogenesis associated 5,-0.127,-2.233,-3.428,0.02665462,0.6839,Down
239314_at,NHLRC3,NHL repeat containing 3,0.116,2.233,-3.429,0.02669127,0.6842,Up
206768_at,RPL3L,ribosomal protein L3 like,0.115,2.233,-3.429,0.02669561,0.6842,Up
239975_at,HLA-DPB2,"major histocompatibility complex, class II, DP beta 2 (pseudogene)",-0.195,-2.232,-3.43,0.0267445,0.6842,Down
234903_at,OR2B3,olfactory receptor family 2 subfamily B member 3,0.136,2.232,-3.431,0.02678112,0.6842,Up
203483_at,SEMA4G,semaphorin 4G,0.101,2.232,-3.431,0.02678784,0.6842,Up
210775_x_at,CASP9,caspase 9,0.113,2.231,-3.432,0.02679571,0.6842,Up
237346_at,TGDS,"TDP-glucose 4,6-dehydratase",-0.19,-2.231,-3.432,0.02680505,0.6842,Down
1553063_at,GPR78,G protein-coupled receptor 78,0.0953,2.231,-3.432,0.02680662,0.6842,Up
218688_at,TKFC,triokinase and FMN cyclase,0.0802,2.231,-3.432,0.02682775,0.6843,Up
209339_at,SIAH2,siah E3 ubiquitin protein ligase 2,0.203,2.231,-3.433,0.02683265,0.6843,Up
231719_at,TOR1AIP2,torsin 1A interacting protein 2,-0.168,-2.23,-3.433,0.02686701,0.6848,Down
224783_at,UBALD2,UBA like domain containing 2,0.11,2.23,-3.434,0.02690519,0.6849,Up
1569401_at,CLEC12A,C-type lectin domain family 12 member A,0.298,2.229,-3.435,0.02693276,0.6849,Up
210132_at,EFNA3,ephrin A3,0.1,2.229,-3.435,0.02693408,0.6849,Up
203178_at,GATM,glycine amidinotransferase,-0.287,-2.229,-3.435,0.02693657,0.6849,Down
212080_at,KMT2A,lysine methyltransferase 2A,-0.161,-2.229,-3.436,0.02696053,0.6849,Down
37408_at,MRC2,mannose receptor C type 2,0.216,2.229,-3.436,0.02697092,0.6849,Up
224623_at,LOC728554///THOC3,THO complex 3 pseudogene///THO complex 3,-0.119,-2.229,-3.436,0.02697909,0.6849,Down
208078_s_at,SIK1,salt inducible kinase 1,-0.189,-2.229,-3.437,0.02698574,0.6849,Down
1553625_at,FAM98B,family with sequence similarity 98 member B,-0.158,-2.228,-3.438,0.02704275,0.6849,Down
238669_at,PTGS1,prostaglandin-endoperoxide synthase 1,0.164,2.227,-3.439,0.02708809,0.6849,Up
222621_at,DNAJC1,DnaJ heat shock protein family (Hsp40) member C1,-0.0926,-2.227,-3.439,0.02709333,0.6849,Down
238754_at,PTCH1,patched 1,0.0999,2.227,-3.44,0.02711239,0.6849,Up
238684_at,SETDB2,SET domain bifurcated 2,-0.126,-2.227,-3.44,0.0271159,0.6849,Down
203724_s_at,RUFY3,RUN and FYVE domain containing 3,-0.153,-2.226,-3.44,0.02713068,0.6849,Down
201730_s_at,TPR,"translocated promoter region, nuclear basket protein",-0.0938,-2.226,-3.441,0.02714012,0.6849,Down
1554365_a_at,PPP2R5C,protein phosphatase 2 regulatory subunit B'gamma,-0.0838,-2.226,-3.441,0.0271574,0.6849,Down
210367_s_at,PTGES,prostaglandin E synthase,-0.239,-2.225,-3.442,0.02719517,0.6849,Down
227316_at,PET117,PET117 homolog,-0.123,-2.225,-3.442,0.02719884,0.6849,Down
205132_at,ACTC1,"actin, alpha, cardiac muscle 1",0.08,2.225,-3.443,0.02721931,0.6849,Up
224882_at,ACSS1,acyl-CoA synthetase short-chain family member 1,-0.113,-2.225,-3.443,0.02723064,0.6849,Down
219745_at,MFSD13A,major facilitator superfamily domain containing 13A,0.134,2.225,-3.443,0.02724319,0.6849,Up
232844_at,IFT140,intraflagellar transport 140,-0.207,-2.225,-3.443,0.02724398,0.6849,Down
200965_s_at,ABLIM1,actin binding LIM protein 1,-0.104,-2.225,-3.443,0.02724568,0.6849,Down
230362_at,INPP5F,inositol polyphosphate-5-phosphatase F,0.146,2.225,-3.444,0.02725713,0.6849,Up
1563089_at,LOC101926948,uncharacterized LOC101926948,0.109,2.224,-3.444,0.02727064,0.6849,Up
213715_s_at,KANK3,KN motif and ankyrin repeat domains 3,-0.125,-2.224,-3.444,0.02727124,0.6849,Down
232069_at,KIF26A,kinesin family member 26A,0.108,2.224,-3.445,0.02730164,0.6849,Up
210942_s_at,ST3GAL6,"ST3 beta-galactoside alpha-2,3-sialyltransferase 6",0.225,2.224,-3.445,0.02730497,0.6849,Up
240703_s_at,HERC1,HECT and RLD domain containing E3 ubiquitin protein ligase family member 1,-0.219,-2.223,-3.446,0.02734204,0.6849,Down
230983_at,FAM129C,family with sequence similarity 129 member C,-0.166,-2.223,-3.446,0.02734681,0.6849,Down
243861_at,FNIP1,folliculin interacting protein 1,0.133,2.223,-3.447,0.02737358,0.6849,Up
224991_at,CMIP,c-Maf inducing protein,0.138,2.223,-3.447,0.02738236,0.6849,Up
217413_s_at,TNXB,tenascin XB,0.0877,2.223,-3.447,0.02738584,0.6849,Up
213054_at,HAUS5,HAUS augmin like complex subunit 5,-0.154,-2.223,-3.447,0.02738959,0.6849,Down
238709_at,ELP2,elongator acetyltransferase complex subunit 2,-0.112,-2.223,-3.447,0.0273937,0.6849,Down
201137_s_at,HLA-DPB1,"major histocompatibility complex, class II, DP beta 1",-0.197,-2.223,-3.447,0.02739477,0.6849,Down
213982_s_at,RABGAP1L,RAB GTPase activating protein 1 like,-0.0836,-2.222,-3.448,0.02742768,0.6853,Down
238083_at,PARP10,poly(ADP-ribose) polymerase family member 10,0.119,2.222,-3.449,0.02745045,0.6853,Up
235514_at,ASPRV1,"aspartic peptidase, retroviral-like 1",0.165,2.221,-3.45,0.02750597,0.6853,Up
226817_at,DSC2,desmocollin 2,0.306,2.221,-3.451,0.02752614,0.6853,Up
225847_at,NCEH1,neutral cholesterol ester hydrolase 1,0.264,2.22,-3.451,0.02755394,0.6853,Up
220923_s_at,PNMA3,paraneoplastic Ma antigen 3,0.0954,2.22,-3.452,0.02755815,0.6853,Up
202460_s_at,LPIN2,lipin 2,0.109,2.22,-3.452,0.02756548,0.6853,Up
235072_s_at,KIF13A,kinesin family member 13A,0.116,2.22,-3.452,0.02758231,0.6853,Up
207199_at,TERT,telomerase reverse transcriptase,0.0858,2.22,-3.452,0.02758635,0.6853,Up
210278_s_at,AP4S1,adaptor related protein complex 4 sigma 1 subunit,-0.151,-2.22,-3.452,0.02759158,0.6853,Down
228808_s_at,LOXL2,lysyl oxidase like 2,0.0855,2.22,-3.453,0.02760608,0.6853,Up
244641_at,MALSU1,mitochondrial assembly of ribosomal large subunit 1,-0.154,-2.219,-3.453,0.02761311,0.6853,Down
220739_s_at,CNNM3,cyclin and CBS domain divalent metal cation transport mediator 3,-0.114,-2.219,-3.453,0.02763359,0.6853,Down
231092_s_at,ZNRF1,"zinc and ring finger 1, E3 ubiquitin protein ligase",0.116,2.219,-3.454,0.02763809,0.6853,Up
222090_at,NDUFB2-AS1,NDUFB2 antisense RNA 1,-0.166,-2.219,-3.454,0.02763939,0.6853,Down
203135_at,TBP,TATA-box binding protein,-0.0898,-2.218,-3.455,0.02771101,0.6867,Down
211758_x_at,TXNDC9,thioredoxin domain containing 9,-0.177,-2.218,-3.456,0.02772696,0.6867,Down
224687_at,ANKIB1,ankyrin repeat and IBR domain containing 1,-0.16,-2.217,-3.457,0.02776765,0.687,Down
208201_at,DUX4L24///DBET///LOC100291626///DUX4///LOC100288289///LOC100287823///LOC100133400///DUX4L2///DUX4L3///DUX4L5///DUX4L6///DUX4L7///LOC652301///DUX4L4///DUX4L8///DUX3///DUX4L1,double homeobox 4 like 24///D4Z4 binding element transcript (non-protein coding)///double homeobox protein 4-like///double homeobox 4///double homeobox protein 4-like protein 2-like///double homeobox protein 4-like protein 4///double homeobox protein 4-like protein 4-like///double homeobox 4 like 2///double homeobox 4 like 3///double homeobox 4 like 5///double homeobox 4 like 6///double homeobox 4 like 7///double homeobox protein 4-like protein 4-like///double homeobox 4 like 4///double homeobox 4 like 8///double homeobox 3///double homeobox 4 like 1,0.0901,2.217,-3.457,0.02777188,0.687,Up
244618_at,LOC101928560,uncharacterized LOC101928560,-0.147,-2.217,-3.457,0.02778257,0.687,Down
213650_at,LOC101930583///GOLGA8B///GOLGA8A,uncharacterized LOC101930583///golgin A8 family member B///golgin A8 family member A,-0.179,-2.216,-3.459,0.02783507,0.6875,Down
217473_x_at,SLC11A1,solute carrier family 11 member 1,0.136,2.216,-3.459,0.02786163,0.6875,Up
205016_at,TGFA,transforming growth factor alpha,0.216,2.216,-3.459,0.02786184,0.6875,Up
210277_at,AP4S1,adaptor related protein complex 4 sigma 1 subunit,-0.16,-2.216,-3.459,0.02786447,0.6875,Down
221095_s_at,KCNE2,potassium voltage-gated channel subfamily E regulatory subunit 2,0.102,2.215,-3.461,0.02791798,0.6882,Up
230179_at,LOC285812,uncharacterized LOC285812,0.137,2.214,-3.463,0.02801461,0.6889,Up
239196_at,ANKRD22,ankyrin repeat domain 22,0.279,2.214,-3.463,0.02802141,0.6889,Up
1563369_at,LINC00173,long intergenic non-protein coding RNA 173,0.172,2.213,-3.465,0.02807371,0.689,Up
1552944_a_at,PANX2,pannexin 2,0.0992,2.213,-3.465,0.02808271,0.689,Up
224278_at,CYP4F30P,"cytochrome P450 family 4 subfamily F member 30, pseudogene",0.0992,2.212,-3.465,0.02810108,0.689,Up
227776_at,ACER3,alkaline ceramidase 3,0.174,2.212,-3.466,0.0281153,0.689,Up
205457_at,C6orf106,chromosome 6 open reading frame 106,-0.131,-2.212,-3.467,0.02814973,0.689,Down
215213_at,NUP54,nucleoporin 54,-0.123,-2.212,-3.467,0.02815861,0.689,Down
1554899_s_at,FCER1G,Fc fragment of IgE receptor Ig,0.0743,2.211,-3.467,0.02817204,0.689,Up
212728_at,DLG3,discs large MAGUK scaffold protein 3,-0.16,-2.21,-3.469,0.0282453,0.689,Down
1562484_at,MEIOC,meiosis specific with coiled-coil domain,-0.128,-2.21,-3.469,0.02825166,0.689,Down
238730_at,ARHGEF11,Rho guanine nucleotide exchange factor 11,0.131,2.21,-3.469,0.02825562,0.689,Up
220577_at,GVINP1,"GTPase, very large interferon inducible pseudogene 1",-0.182,-2.21,-3.47,0.02827991,0.689,Down
209373_at,MALL,"mal, T-cell differentiation protein like",0.119,2.21,-3.47,0.02828038,0.689,Up
216226_at,TAF4B,TATA-box binding protein associated factor 4b,-0.149,-2.21,-3.47,0.02829309,0.689,Down
210231_x_at,SET,SET nuclear proto-oncogene,-0.0646,-2.209,-3.471,0.02833096,0.689,Down
205737_at,KCNQ2,potassium voltage-gated channel subfamily Q member 2,0.0912,2.209,-3.471,0.02833946,0.689,Up
232247_at,ZNF502,zinc finger protein 502,-0.159,-2.209,-3.471,0.02834363,0.689,Down
201296_s_at,WSB1,WD repeat and SOCS box containing 1,0.0922,2.209,-3.472,0.02834757,0.689,Up
244317_at,KIAA1324L,KIAA1324 like,-0.129,-2.209,-3.472,0.02834785,0.689,Down
223549_s_at,ESPN,espin,0.198,2.209,-3.472,0.02835048,0.689,Up
215485_s_at,ICAM1,intercellular adhesion molecule 1,0.0959,2.209,-3.472,0.02837129,0.689,Up
225878_at,KIF1B,kinesin family member 1B,0.196,2.208,-3.473,0.02840191,0.689,Up
200906_s_at,PALLD,"palladin, cytoskeletal associated protein",-0.135,-2.208,-3.473,0.02840457,0.689,Down
211471_s_at,RAB36,"RAB36, member RAS oncogene family",0.165,2.208,-3.473,0.02840885,0.689,Up
217908_s_at,DCAF6,DDB1 and CUL4 associated factor 6,0.144,2.208,-3.473,0.02841167,0.689,Up
204996_s_at,CDK5R1,cyclin dependent kinase 5 regulatory subunit 1,0.11,2.208,-3.473,0.02841926,0.689,Up
217696_at,FUT7,fucosyltransferase 7,0.1,2.208,-3.473,0.02842169,0.689,Up
226920_at,CSNK1A1,casein kinase 1 alpha 1,-0.128,-2.208,-3.474,0.02843452,0.689,Down
210285_x_at,WTAP,Wilms tumor 1 associated protein,-0.182,-2.207,-3.474,0.02845049,0.689,Down
200727_s_at,ACTR2,ARP2 actin related protein 2 homolog,-0.0883,-2.207,-3.475,0.02846774,0.689,Down
226595_at,SNX21,sorting nexin family member 21,0.1,2.207,-3.476,0.02850891,0.689,Up
243173_at,CABP7,calcium binding protein 7,0.123,2.207,-3.476,0.02851537,0.689,Up
1568665_at,RNF103,ring finger protein 103,-0.256,-2.206,-3.476,0.0285338,0.689,Down
229345_at,RTN4RL2,reticulon 4 receptor-like 2,0.0944,2.206,-3.476,0.02853415,0.689,Up
228460_at,ZNF319,zinc finger protein 319,0.14,2.206,-3.476,0.02853726,0.689,Up
202275_at,G6PD,glucose-6-phosphate dehydrogenase,0.225,2.206,-3.477,0.02854959,0.689,Up
1559993_at,SFXN3,sideroflexin 3,-0.119,-2.206,-3.477,0.0285743,0.689,Down
210220_at,FZD2,frizzled class receptor 2,0.103,2.205,-3.478,0.02859308,0.689,Up
203715_at,TBCE,tubulin folding cofactor E,-0.16,-2.205,-3.478,0.02861178,0.689,Down
223671_x_at,DPH5,diphthamide biosynthesis 5,-0.123,-2.205,-3.478,0.02861582,0.689,Down
212151_at,PBX1,PBX homeobox 1,0.247,2.205,-3.479,0.02862689,0.689,Up
214026_s_at,SPRED2,sprouty related EVH1 domain containing 2,0.105,2.205,-3.479,0.02863891,0.689,Up
229680_at,TACO1,translational activator of cytochrome c oxidase I,-0.1,-2.205,-3.479,0.02864983,0.689,Down
202948_at,IL1R1,interleukin 1 receptor type 1,0.217,2.205,-3.479,0.02865698,0.689,Up
201582_at,SEC23B,"Sec23 homolog B, coat complex II component",0.179,2.204,-3.481,0.02870727,0.6894,Up
239021_at,TLR6,toll like receptor 6,0.169,2.204,-3.481,0.02871547,0.6894,Up
235079_at,ZNF704,zinc finger protein 704,0.103,2.204,-3.481,0.02871976,0.6894,Up
208063_s_at,CAPN9,calpain 9,0.1,2.204,-3.481,0.02872471,0.6894,Up
228523_at,NANOS1,nanos C2HC-type zinc finger 1,-0.0964,-2.203,-3.482,0.02878346,0.69,Down
1554355_a_at,SIAE,sialic acid acetylesterase,-0.14,-2.203,-3.482,0.0287853,0.69,Down
206290_s_at,RGS7,regulator of G-protein signaling 7,-0.175,-2.203,-3.483,0.02879851,0.69,Down
232029_at,ZNF451,zinc finger protein 451,0.0853,2.202,-3.483,0.02881515,0.69,Up
239233_at,CCDC88A,coiled-coil domain containing 88A,-0.182,-2.202,-3.483,0.02882281,0.69,Down
226975_at,RNPC3,"RNA binding region (RNP1, RRM) containing 3",-0.126,-2.202,-3.484,0.0288415,0.69,Down
218479_s_at,XPO4,exportin 4,-0.134,-2.202,-3.485,0.0288737,0.69,Down
211331_x_at,HFE,hemochromatosis,0.0871,2.201,-3.485,0.02887971,0.69,Up
1561263_at,C1QTNF3,C1q and tumor necrosis factor related protein 3,-0.225,-2.201,-3.485,0.02888331,0.69,Down
243115_at,THCAT158,thyroid cancer-associated transcript 158,0.251,2.201,-3.485,0.02888717,0.69,Up
208623_s_at,EZR,ezrin,-0.074,-2.201,-3.486,0.02894572,0.6908,Down
214474_at,PRKAB2,protein kinase AMP-activated non-catalytic subunit beta 2,-0.204,-2.2,-3.487,0.02898784,0.6911,Down
230697_at,BBS5,Bardet-Biedl syndrome 5,-0.129,-2.2,-3.488,0.02900642,0.6911,Down
201764_at,TMEM106C,transmembrane protein 106C,-0.15,-2.2,-3.488,0.02900922,0.6911,Down
224611_s_at,DNAJC5,DnaJ heat shock protein family (Hsp40) member C5,0.0832,2.199,-3.489,0.02904439,0.6916,Up
237617_at,LOC100506675,uncharacterized LOC100506675,0.0816,2.198,-3.49,0.02909907,0.6926,Up
212745_s_at,BBS4,Bardet-Biedl syndrome 4,-0.119,-2.198,-3.491,0.0291179,0.6928,Down
238654_at,VSIG10L,V-set and immunoglobulin domain containing 10 like,0.15,2.198,-3.491,0.02914716,0.6928,Up
233072_at,NTNG2,netrin G2,0.143,2.197,-3.492,0.02917967,0.6928,Up
228486_at,SLC44A1,solute carrier family 44 member 1,0.217,2.197,-3.492,0.02918676,0.6928,Up
214960_at,API5,apoptosis inhibitor 5,-0.149,-2.197,-3.492,0.02919496,0.6928,Down
225507_at,PNISR,PNN interacting serine and arginine rich protein,-0.115,-2.197,-3.493,0.02919561,0.6928,Down
1552594_at,TMEM190,transmembrane protein 190,0.108,2.196,-3.494,0.02926084,0.6938,Up
204234_s_at,ZNF195,zinc finger protein 195,-0.188,-2.196,-3.494,0.02926154,0.6938,Down
1559044_at,EXOSC1,exosome component 1,-0.121,-2.196,-3.495,0.02930648,0.6944,Down
213381_at,VSTM4,V-set and transmembrane domain containing 4,0.0941,2.195,-3.495,0.02931211,0.6944,Up
221778_at,KDM7A,lysine demethylase 7A,0.089,2.195,-3.496,0.02934436,0.6946,Up
206365_at,XCL1,X-C motif chemokine ligand 1,-0.15,-2.195,-3.496,0.02935233,0.6946,Down
214857_at,RPARP-AS1,RPARP antisense RNA 1,-0.122,-2.195,-3.497,0.0293709,0.6946,Down
229758_at,TIGD5,tigger transposable element derived 5,0.0831,2.195,-3.497,0.02937864,0.6946,Up
1553799_at,FAM227B,family with sequence similarity 227 member B,-0.143,-2.194,-3.497,0.02939091,0.6946,Down
229059_at,FAM225B///FAM225A,family with sequence similarity 225 member B (non-protein coding)///family with sequence similarity 225 member A (non-protein coding),0.109,2.194,-3.497,0.02939619,0.6946,Up
238911_at,STARD10,StAR related lipid transfer domain containing 10,0.112,2.193,-3.5,0.02948715,0.6958,Up
266_s_at,CD24,CD24 molecule,0.203,2.193,-3.5,0.02949408,0.6958,Up
234002_at,ABHD16B,abhydrolase domain containing 16B,0.0889,2.193,-3.5,0.0295043,0.6958,Up
223019_at,FAM129B,family with sequence similarity 129 member B,0.102,2.193,-3.5,0.02951006,0.6958,Up
209005_at,FBXL5,F-box and leucine rich repeat protein 5,0.131,2.192,-3.501,0.02955412,0.6965,Up
213633_at,SH3BP1,SH3 domain binding protein 1,0.158,2.192,-3.502,0.02960169,0.6973,Up
230608_at,TSACC,TSSK6 activating cochaperone,0.0933,2.191,-3.503,0.02962891,0.6976,Up
205235_s_at,KIF20B,kinesin family member 20B,-0.163,-2.191,-3.503,0.02964106,0.6976,Down
33307_at,RRP7A,ribosomal RNA processing 7 homolog A,0.12,2.191,-3.504,0.02965504,0.6977,Up
1562904_s_at,FAM86B3P,"family with sequence similarity 86, member A pseudogene",-0.152,-2.19,-3.505,0.02969973,0.698,Down
218418_s_at,KANK2,KN motif and ankyrin repeat domains 2,0.291,2.19,-3.505,0.02970073,0.698,Up
238450_at,PFKFB2,"6-phosphofructo-2-kinase/fructose-2,6-biphosphatase 2",0.132,2.189,-3.506,0.02976099,0.698,Up
212388_at,USP24,ubiquitin specific peptidase 24,-0.0822,-2.189,-3.507,0.0297872,0.698,Down
206301_at,TEC,tec protein tyrosine kinase,0.104,2.189,-3.507,0.02980069,0.698,Up
200598_s_at,MIR3652///HSP90B1,microRNA 3652///heat shock protein 90 beta family member 1,-0.116,-2.188,-3.508,0.02983588,0.698,Down
1566968_at,SPRY4-IT1,SPRY4 intronic transcript 1,0.0986,2.188,-3.508,0.02983861,0.698,Up
1567068_at,OR4D1,olfactory receptor family 4 subfamily D member 1,0.106,2.188,-3.509,0.02986432,0.698,Up
239442_at,CEP68,centrosomal protein 68,-0.18,-2.188,-3.509,0.02986912,0.698,Down
1560458_s_at,CAPS2,calcyphosine 2,0.0851,2.188,-3.509,0.02988292,0.698,Up
208993_s_at,PPIG,peptidylprolyl isomerase G,-0.121,-2.188,-3.509,0.02988685,0.698,Down
1553482_at,C15orf32,chromosome 15 open reading frame 32,0.11,2.187,-3.51,0.02990655,0.698,Up
1563680_at,LOC284950,uncharacterized LOC284950,0.107,2.187,-3.51,0.02990851,0.698,Up
214998_at,AAK1,AP2 associated kinase 1,-0.196,-2.187,-3.51,0.02994573,0.698,Down
206522_at,MGAM,maltase-glucoamylase,0.133,2.187,-3.511,0.02995699,0.698,Up
1568794_at,LOC643355,uncharacterized LOC643355,0.111,2.187,-3.511,0.02996261,0.698,Up
237177_at,CNTN4,contactin 4,-0.0998,-2.186,-3.512,0.02999123,0.698,Down
244268_x_at,LOC646214,p21 protein (Cdc42/Rac)-activated kinase 2 pseudogene,0.12,2.186,-3.512,0.03000357,0.698,Up
211119_at,ESR2,estrogen receptor 2,0.0955,2.186,-3.512,0.03000438,0.698,Up
203754_s_at,BRF1,"BRF1, RNA polymerase III transcription initiation factor 90 kDa subunit",0.0911,2.186,-3.512,0.03001134,0.698,Up
219669_at,CD177,CD177 molecule,0.457,2.186,-3.513,0.0300385,0.698,Up
203111_s_at,PTK2B,protein tyrosine kinase 2 beta,0.0783,2.186,-3.513,0.03004515,0.698,Up
238246_at,TESMIN,testis expressed metallothionein like protein,0.165,2.185,-3.513,0.03005004,0.698,Up
235366_at,ZNF10,zinc finger protein 10,-0.113,-2.185,-3.514,0.03007873,0.698,Down
225288_at,COL27A1,collagen type XXVII alpha 1 chain,0.131,2.185,-3.514,0.03007944,0.698,Up
233899_x_at,ZBTB10,zinc finger and BTB domain containing 10,-0.161,-2.185,-3.514,0.03010228,0.6983,Down
207777_s_at,SP140,SP140 nuclear body protein,-0.109,-2.184,-3.515,0.03015295,0.6987,Down
227958_s_at,GSN,gelsolin,0.137,2.184,-3.516,0.03016691,0.6987,Up
243689_s_at,FRG1BP,"FSHD region gene 1 family member B, pseudogene",-0.107,-2.184,-3.516,0.03018563,0.6987,Down
240590_at,SPATA3-AS1,SPATA3 antisense RNA 1 (head to head),0.0992,2.184,-3.516,0.03018631,0.6987,Up
230709_x_at,ZBTB7A,zinc finger and BTB domain containing 7A,0.0907,2.183,-3.517,0.03020132,0.6987,Up
210987_x_at,TPM1,tropomyosin 1 (alpha),0.191,2.183,-3.517,0.0302147,0.6987,Up
1568851_at,LINC01352,long intergenic non-protein coding RNA 1352,0.177,2.183,-3.517,0.03022086,0.6987,Up
221541_at,CRISPLD2,cysteine rich secretory protein LCCL domain containing 2,0.127,2.183,-3.518,0.03025652,0.6991,Up
240285_at,AQP2,aquaporin 2,0.0698,2.182,-3.519,0.03032747,0.7002,Up
1552914_a_at,CD276,CD276 molecule,0.101,2.181,-3.521,0.03038321,0.7004,Up
207972_at,GLRA1,glycine receptor alpha 1,0.117,2.181,-3.521,0.03038605,0.7004,Up
207815_at,PF4V1,platelet factor 4 variant 1,0.447,2.181,-3.521,0.03039671,0.7004,Up
215625_at,LOC101928669///LOC644450,uncharacterized LOC101928669///uncharacterized LOC644450,0.107,2.181,-3.521,0.03039817,0.7004,Up
213505_s_at,SUGP2,SURP and G-patch domain containing 2,-0.0681,-2.18,-3.523,0.03047292,0.7011,Down
244062_at,DAAM1,dishevelled associated activator of morphogenesis 1,-0.134,-2.18,-3.523,0.03048659,0.7011,Down
233914_s_at,SBF2,SET binding factor 2,0.131,2.179,-3.524,0.03050583,0.7011,Up
213477_x_at,EEF1A1,eukaryotic translation elongation factor 1 alpha 1,-0.0415,-2.179,-3.524,0.0305276,0.7011,Down
214591_at,KLHL4,kelch like family member 4,0.0913,2.179,-3.524,0.03053681,0.7011,Up
212243_at,GCOM1///POLR2M,GRINL1A complex locus 1///RNA polymerase II subunit M,-0.181,-2.179,-3.524,0.030541,0.7011,Down
221295_at,CIDEA,cell death-inducing DFFA-like effector a,0.0937,2.179,-3.525,0.0305464,0.7011,Up
242049_s_at,NBAS,neuroblastoma amplified sequence,-0.145,-2.178,-3.526,0.03061892,0.7025,Down
1569203_at,CXCL2,C-X-C motif chemokine ligand 2,0.0994,2.177,-3.528,0.03067484,0.7032,Up
207154_at,DIO3,"deiodinase, iodothyronine, type III",0.0793,2.177,-3.528,0.03068949,0.7032,Up
228562_at,ZBTB10,zinc finger and BTB domain containing 10,-0.223,-2.177,-3.528,0.03070094,0.7032,Down
223383_at,ZNRF1,"zinc and ring finger 1, E3 ubiquitin protein ligase",0.106,2.177,-3.529,0.03071987,0.7032,Up
1554714_at,RELL1,RELT like 1,0.104,2.176,-3.529,0.03073378,0.7032,Up
237915_at,CAND1.11,uncharacterized LOC100130460,0.0892,2.176,-3.529,0.03074653,0.7032,Up
230891_at,TUBE1,tubulin epsilon 1,-0.272,-2.176,-3.529,0.03075129,0.7032,Down
209160_at,AKR1C3,"aldo-keto reductase family 1, member C3",-0.348,-2.176,-3.53,0.03078234,0.7035,Down
224151_s_at,AK3,adenylate kinase 3,-0.156,-2.175,-3.53,0.03079741,0.7035,Down
218689_at,FANCF,Fanconi anemia complementation group F,-0.152,-2.175,-3.531,0.03080557,0.7035,Down
213801_x_at,RPSAP19///RPSAP9///SNORA6///RPSAP58///SNORA62///RPSA,"ribosomal protein SA pseudogene 19///ribosomal protein SA pseudogene 9///small nucleolar RNA, H/ACA box 6///ribosomal protein SA pseudogene 58///small nucleolar RNA, H/ACA box 62///ribosomal protein SA",-0.132,-2.175,-3.532,0.03085143,0.7042,Down
218594_at,HEATR1,HEAT repeat containing 1,-0.113,-2.174,-3.533,0.03090321,0.7049,Down
234138_at,LOC105378749,uncharacterized LOC105378749,0.0775,2.174,-3.533,0.03092818,0.7052,Up
233565_s_at,FKBP1A-SDCBP2///SDCBP2,FKBP1A-SDCBP2 readthrough (NMD candidate)///syndecan binding protein 2,0.112,2.173,-3.535,0.03098281,0.7059,Up
235087_at,UNKL,unkempt family like zinc finger,0.0782,2.173,-3.535,0.03098471,0.7059,Up
225848_at,ZNF746,zinc finger protein 746,0.096,2.173,-3.535,0.03099708,0.7059,Up
206198_s_at,CEACAM7,carcinoembryonic antigen related cell adhesion molecule 7,0.0953,2.173,-3.535,0.03101001,0.7059,Up
232918_at,MIR4435-2HG,MIR4435-2 host gene,0.141,2.172,-3.536,0.03103151,0.7059,Up
227703_s_at,SYTL4,synaptotagmin like 4,0.244,2.172,-3.536,0.03104834,0.7059,Up
228859_at,ZGRF1,zinc finger GRF-type containing 1,-0.15,-2.172,-3.536,0.03106401,0.7059,Down
203270_at,DTYMK,deoxythymidylate kinase,-0.0917,-2.172,-3.537,0.03107373,0.7059,Down
215394_at,PIK3C3,phosphatidylinositol 3-kinase catalytic subunit type 3,0.0992,2.171,-3.537,0.03110284,0.7059,Up
219599_at,EIF4B,eukaryotic translation initiation factor 4B,-0.0858,-2.171,-3.537,0.03110469,0.7059,Down
213698_at,TMEM35B///ZMYM6,transmembrane protein 35B///zinc finger MYM-type containing 6,-0.161,-2.171,-3.538,0.03111325,0.7059,Down
236166_at,LOC285147,uncharacterized LOC285147,0.275,2.171,-3.538,0.03112715,0.7059,Up
1556247_a_at,LOC100506271,uncharacterized LOC100506271,0.103,2.171,-3.539,0.03116743,0.7062,Up
211828_s_at,TNIK,TRAF2 and NCK interacting kinase,-0.15,-2.171,-3.539,0.03116821,0.7062,Down
226880_at,NUCKS1,nuclear casein kinase and cyclin dependent kinase substrate 1,-0.0841,-2.17,-3.539,0.03119044,0.7064,Down
213759_at,ARL4C,ADP ribosylation factor like GTPase 4C,-0.122,-2.17,-3.54,0.03123144,0.7068,Down
237577_at,PCNP,PEST proteolytic signal containing nuclear protein,-0.221,-2.169,-3.542,0.03130291,0.7079,Down
211552_s_at,ALDH4A1,aldehyde dehydrogenase 4 family member A1,0.0914,2.169,-3.542,0.03131148,0.7079,Up
218654_s_at,MRPS33,mitochondrial ribosomal protein S33,-0.165,-2.168,-3.543,0.0313697,0.7079,Down
221497_x_at,EGLN1,egl-9 family hypoxia inducible factor 1,0.127,2.168,-3.544,0.03138257,0.7079,Up
227959_at,ANKRD9,ankyrin repeat domain 9,0.237,2.168,-3.544,0.03139379,0.7079,Up
219375_at,CEPT1,choline/ethanolamine phosphotransferase 1,-0.101,-2.168,-3.544,0.03140144,0.7079,Down
1554334_a_at,DNAJA4,DnaJ heat shock protein family (Hsp40) member A4,0.154,2.167,-3.544,0.03141753,0.7079,Up
214523_at,CEBPE,CCAAT/enhancer binding protein epsilon,0.154,2.167,-3.545,0.03142866,0.7079,Up
223749_at,C1QTNF2,C1q and tumor necrosis factor related protein 2,0.106,2.167,-3.545,0.03143493,0.7079,Up
200752_s_at,CAPN1,calpain 1,0.111,2.167,-3.545,0.03144182,0.7079,Up
205915_x_at,GRIN1,glutamate ionotropic receptor NMDA type subunit 1,0.0965,2.167,-3.545,0.03144597,0.7079,Up
1552461_at,FAM46D,family with sequence similarity 46 member D,0.104,2.167,-3.545,0.03145023,0.7079,Up
219075_at,YIPF2,Yip1 domain family member 2,0.109,2.167,-3.545,0.03145921,0.7079,Up
227276_at,PLXDC2,plexin domain containing 2,0.138,2.167,-3.545,0.03146059,0.7079,Up
223189_x_at,KMT2E,lysine methyltransferase 2E,-0.0751,-2.167,-3.546,0.03147998,0.708,Down
1566208_at,TCEA1,transcription elongation factor A1,-0.173,-2.166,-3.547,0.03150793,0.7083,Down
1555278_a_at,CKAP5,cytoskeleton associated protein 5,-0.116,-2.166,-3.547,0.03152709,0.7083,Down
231431_s_at,INAFM2,InaF motif containing 2,0.0835,2.166,-3.547,0.03153343,0.7083,Up
205390_s_at,ANK1,ankyrin 1,0.218,2.166,-3.548,0.03155376,0.7085,Up
213797_at,RSAD2,radical S-adenosyl methionine domain containing 2,0.354,2.165,-3.548,0.03156941,0.7085,Up
222782_s_at,GMIP,GEM interacting protein,0.106,2.165,-3.549,0.03162999,0.7085,Up
1554132_a_at,CCSER2,coiled-coil serine rich protein 2,-0.109,-2.164,-3.55,0.03165203,0.7085,Down
213954_at,FAM169A,family with sequence similarity 169 member A,-0.189,-2.164,-3.55,0.03168027,0.7085,Down
236340_at,LINC01006///C7orf13,long intergenic non-protein coding RNA 1006///chromosome 7 open reading frame 13,0.103,2.164,-3.55,0.03168522,0.7085,Up
238983_at,NSUN7,NOP2/Sun RNA methyltransferase family member 7,0.241,2.164,-3.551,0.03168934,0.7085,Up
201120_s_at,PGRMC1,progesterone receptor membrane component 1,0.121,2.164,-3.551,0.03171102,0.7085,Up
221350_at,HOXC8,homeobox C8,0.0884,2.164,-3.551,0.0317152,0.7085,Up
205889_s_at,JAKMIP2,janus kinase and microtubule interacting protein 2,-0.21,-2.164,-3.551,0.0317162,0.7085,Down
227948_at,FGD4,"FYVE, RhoGEF and PH domain containing 4",0.173,2.164,-3.551,0.03171769,0.7085,Up
204081_at,NRGN,neurogranin,0.239,2.163,-3.551,0.03172985,0.7085,Up
205860_x_at,FOLH1B///FOLH1,folate hydrolase 1B///folate hydrolase (prostate-specific membrane antigen) 1,0.091,2.163,-3.553,0.03177703,0.7085,Up
225337_at,ABHD2,abhydrolase domain containing 2,0.0777,2.162,-3.554,0.03184242,0.7085,Up
244250_at,ANXA6,annexin A6,-0.13,-2.161,-3.555,0.03190323,0.7085,Down
207592_s_at,HCN2,hyperpolarization activated cyclic nucleotide gated potassium channel 2,0.0989,2.161,-3.555,0.03190985,0.7085,Up
204922_at,C11orf80,chromosome 11 open reading frame 80,-0.0924,-2.161,-3.556,0.03191465,0.7085,Down
221156_x_at,CCPG1,cell cycle progression 1,0.2,2.161,-3.556,0.03192181,0.7085,Up
214337_at,COPA,coatomer protein complex subunit alpha,0.198,2.161,-3.556,0.0319244,0.7085,Up
228166_at,ALG2,"ALG2, alpha-1,3/1,6-mannosyltransferase",-0.129,-2.161,-3.556,0.03194498,0.7085,Down
239801_at,RNF40,ring finger protein 40,0.124,2.161,-3.556,0.03194757,0.7085,Up
213437_at,RUFY3,RUN and FYVE domain containing 3,-0.15,-2.16,-3.557,0.03197661,0.7085,Down
204045_at,TCEAL1,transcription elongation factor A like 1,-0.112,-2.16,-3.557,0.03199767,0.7085,Down
213124_at,ZNF473,zinc finger protein 473,-0.211,-2.16,-3.557,0.03199925,0.7085,Down
218873_at,GON4L,gon-4 like,-0.0623,-2.16,-3.558,0.03200431,0.7085,Down
229837_s_at,KCTD5,potassium channel tetramerization domain containing 5,0.079,2.16,-3.558,0.03202712,0.7085,Up
212858_at,PAQR4,progestin and adipoQ receptor family member 4,0.0942,2.159,-3.559,0.03204724,0.7085,Up
203996_s_at,C21orf2,chromosome 21 open reading frame 2,-0.13,-2.159,-3.559,0.03205726,0.7085,Down
226569_s_at,CHTF18,chromosome transmission fidelity factor 18,-0.0978,-2.159,-3.559,0.03206183,0.7085,Down
228247_at,LOC283788,FSHD region gene 1 pseudogene,-0.292,-2.159,-3.559,0.03206558,0.7085,Down
219405_at,TRIM68,tripartite motif containing 68,-0.105,-2.159,-3.559,0.03207331,0.7085,Down
208803_s_at,SRP72,signal recognition particle 72,-0.125,-2.159,-3.559,0.0320767,0.7085,Down
236012_at,PSMF1,proteasome inhibitor subunit 1,0.183,2.159,-3.56,0.03210124,0.7085,Up
214778_at,MEGF8,multiple EGF like domains 8,0.0926,2.159,-3.56,0.03210787,0.7085,Up
226543_at,EEF1E1-BLOC1S5///BLOC1S5,EEF1E1-BLOC1S5 readthrough (NMD candidate)///biogenesis of lysosomal organelles complex 1 subunit 5,-0.205,-2.158,-3.56,0.03213575,0.7085,Down
1558487_a_at,TMED4,transmembrane p24 trafficking protein 4,-0.11,-2.158,-3.561,0.03215223,0.7085,Down
242697_at,ZNF540,zinc finger protein 540,-0.115,-2.158,-3.561,0.03216554,0.7085,Down
242269_at,LINC00982,long intergenic non-protein coding RNA 982,0.0904,2.158,-3.561,0.03216918,0.7085,Up
228183_s_at,RPAIN,RPA interacting protein,-0.088,-2.158,-3.561,0.03217876,0.7085,Down
1557701_s_at,POLH,DNA polymerase eta,-0.194,-2.158,-3.562,0.0321853,0.7085,Down
221007_s_at,FIP1L1,factor interacting with PAPOLA and CPSF1,-0.0854,-2.157,-3.562,0.03219143,0.7085,Down
230603_at,COL27A1,collagen type XXVII alpha 1 chain,0.113,2.157,-3.562,0.03219585,0.7085,Up
235192_at,TP53RK,TP53 regulating kinase,-0.12,-2.157,-3.562,0.03220689,0.7085,Down
238430_x_at,SLFN5,schlafen family member 5,-0.1,-2.157,-3.562,0.03221227,0.7085,Down
242996_at,MTRF1,mitochondrial translational release factor 1,-0.231,-2.157,-3.562,0.03222204,0.7085,Down
232033_at,USP37,ubiquitin specific peptidase 37,-0.139,-2.157,-3.562,0.03222833,0.7085,Down
209185_s_at,IRS2,insulin receptor substrate 2,0.157,2.157,-3.563,0.03224623,0.7085,Up
226902_at,USP13,ubiquitin specific peptidase 13 (isopeptidase T-3),-0.127,-2.157,-3.563,0.03225624,0.7085,Down
241832_at,FAM98A,family with sequence similarity 98 member A,-0.146,-2.157,-3.563,0.03225639,0.7085,Down
206629_at,ADAMTSL2,ADAMTS like 2,0.108,2.156,-3.564,0.03227887,0.7085,Up
225142_at,KDM7A,lysine demethylase 7A,0.208,2.156,-3.564,0.03229917,0.7085,Up
238045_at,TMEM65,transmembrane protein 65,0.161,2.156,-3.564,0.03230155,0.7085,Up
204445_s_at,ALOX5,arachidonate 5-lipoxygenase,0.131,2.156,-3.564,0.03230588,0.7085,Up
1557372_at,LOC440862///ATP6V1E2,uncharacterized LOC440862///ATPase H+ transporting V1 subunit E2,-0.131,-2.156,-3.565,0.03232104,0.7086,Down
211625_s_at,DRD3,dopamine receptor D3,0.0772,2.155,-3.566,0.03239551,0.7093,Up
204562_at,IRF4,interferon regulatory factor 4,-0.119,-2.155,-3.566,0.03240537,0.7093,Down
219005_at,TMEM59L,transmembrane protein 59 like,0.0978,2.155,-3.566,0.03240957,0.7093,Up
206835_at,STATH,statherin,-0.093,-2.155,-3.567,0.03241505,0.7093,Down
221044_s_at,TRIM6-TRIM34///TRIM34,TRIM6-TRIM34 readthrough///tripartite motif containing 34,0.0967,2.155,-3.567,0.03242142,0.7093,Up
223938_at,TEX35,testis expressed 35,0.0963,2.154,-3.567,0.03244025,0.7095,Up
202896_s_at,SIRPA,signal regulatory protein alpha,0.184,2.154,-3.568,0.03249176,0.7097,Up
207413_s_at,SCN5A,sodium voltage-gated channel alpha subunit 5,0.11,2.153,-3.569,0.03252469,0.7097,Up
221566_s_at,NOL3,nucleolar protein 3,0.103,2.153,-3.569,0.03253571,0.7097,Up
218184_at,TULP4,tubby like protein 4,-0.0835,-2.153,-3.569,0.03254023,0.7097,Down
211986_at,AHNAK,AHNAK nucleoprotein,-0.0739,-2.153,-3.57,0.03255249,0.7097,Down
231990_at,MIR6125///USP15,microRNA 6125///ubiquitin specific peptidase 15,0.149,2.153,-3.57,0.03255402,0.7097,Up
240637_at,WDR41,WD repeat domain 41,-0.243,-2.153,-3.57,0.03255573,0.7097,Down
1569674_at,LINC00630,long intergenic non-protein coding RNA 630,-0.203,-2.153,-3.57,0.032583,0.71,Down
1555241_at,C8orf59,chromosome 8 open reading frame 59,-0.238,-2.152,-3.571,0.0326178,0.7101,Down
222981_s_at,RAB10,"RAB10, member RAS oncogene family",0.0894,2.151,-3.572,0.03268004,0.7109,Up
241754_at,SCAI,suppressor of cancer cell invasion,-0.206,-2.151,-3.573,0.0326887,0.7109,Down
1556162_at,IGSF3,immunoglobulin superfamily member 3,0.103,2.151,-3.573,0.03269919,0.7109,Up
206450_at,DBH,dopamine beta-hydroxylase,0.0818,2.151,-3.573,0.03271303,0.7109,Up
225320_at,MCU,mitochondrial calcium uniporter,0.086,2.15,-3.574,0.03275412,0.7115,Up
221299_at,GPR173,G protein-coupled receptor 173,0.078,2.15,-3.575,0.03282415,0.7127,Up
209589_s_at,EPHB2,EPH receptor B2,0.115,2.149,-3.576,0.03285116,0.713,Up
227101_at,ZNF800,zinc finger protein 800,-0.104,-2.149,-3.576,0.03287103,0.7131,Down
1553633_s_at,LOC101929373///SLC9B1,uncharacterized LOC101929373///solute carrier family 9 member B1,-0.188,-2.149,-3.577,0.03290688,0.7131,Down
211165_x_at,EPHB2,EPH receptor B2,0.0894,2.148,-3.578,0.03292643,0.7131,Up
217943_s_at,MAP7D1,MAP7 domain containing 1,0.136,2.148,-3.578,0.0329511,0.7131,Up
239827_at,RGCC,regulator of cell cycle,-0.193,-2.148,-3.578,0.0329555,0.7131,Down
209488_s_at,RBPMS,RNA binding protein with multiple splicing,0.0972,2.148,-3.578,0.03296652,0.7131,Up
208752_x_at,NAP1L1,nucleosome assembly protein 1 like 1,-0.0669,-2.148,-3.579,0.03298511,0.7131,Down
208661_s_at,TTC3P1///TTC3,tetratricopeptide repeat domain 3 pseudogene 1///tetratricopeptide repeat domain 3,-0.136,-2.147,-3.579,0.03299719,0.7131,Down
218807_at,VAV3,vav guanine nucleotide exchange factor 3,0.154,2.147,-3.579,0.03300175,0.7131,Up
244154_at,DDHD1,DDHD domain containing 1,-0.167,-2.147,-3.58,0.03302189,0.7131,Down
210247_at,SYN2,synapsin II,0.215,2.147,-3.58,0.03303149,0.7131,Up
201285_at,MKRN1,makorin ring finger protein 1,0.0889,2.147,-3.58,0.03304452,0.7131,Up
239243_at,ZNF638-IT1///ZNF638,ZNF638 intronic transcript 1///zinc finger protein 638,-0.217,-2.147,-3.581,0.03306607,0.7131,Down
206214_at,PLA2G7,phospholipase A2 group VII,0.218,2.146,-3.581,0.03307599,0.7131,Up
240029_at,C11orf94,chromosome 11 open reading frame 94,0.0972,2.146,-3.581,0.03307961,0.7131,Up
202483_s_at,RANBP1,RAN binding protein 1,-0.144,-2.146,-3.581,0.03308883,0.7131,Down
211897_s_at,CRHR1,corticotropin releasing hormone receptor 1,0.0891,2.146,-3.582,0.03311642,0.7134,Up
237340_at,SLC26A8,solute carrier family 26 member 8,0.31,2.146,-3.582,0.03313219,0.7135,Up
1559097_at,LINC01550,long intergenic non-protein coding RNA 1550,-0.153,-2.145,-3.583,0.03316559,0.7136,Down
243969_at,SLC24A4,solute carrier family 24 member 4,0.158,2.144,-3.584,0.03323406,0.7136,Up
222365_at,TBCEL,tubulin folding cofactor E like,-0.112,-2.144,-3.584,0.03324012,0.7136,Down
201193_at,IDH1,"isocitrate dehydrogenase (NADP(+)) 1, cytosolic",0.14,2.144,-3.584,0.03324188,0.7136,Up
220610_s_at,LRRFIP2,LRR binding FLII interacting protein 2,0.102,2.144,-3.584,0.03324602,0.7136,Up
233827_s_at,SUPT16H,"SPT16 homolog, facilitates chromatin remodeling subunit",-0.149,-2.144,-3.585,0.03324993,0.7136,Down
224469_s_at,INF2,"inverted formin, FH2 and WH2 domain containing",0.116,2.144,-3.585,0.03325099,0.7136,Up
208697_s_at,EIF3E,eukaryotic translation initiation factor 3 subunit E,-0.0943,-2.144,-3.585,0.03327339,0.7136,Down
228176_at,S1PR3,sphingosine-1-phosphate receptor 3,0.254,2.144,-3.585,0.03328957,0.7136,Up
202322_s_at,GGPS1,geranylgeranyl diphosphate synthase 1,-0.0911,-2.144,-3.585,0.03329029,0.7136,Down
241434_at,IPP,intracisternal A particle-promoted polypeptide,-0.0905,-2.144,-3.586,0.03330597,0.7136,Down
219108_x_at,DDX27///SS18,"DEAD-box helicase 27///SS18, nBAF chromatin remodeling complex subunit",-0.124,-2.143,-3.586,0.03331972,0.7136,Down
206965_at,KLF12,Kruppel like factor 12,-0.201,-2.143,-3.587,0.03334515,0.7136,Down
222294_s_at,RAB27A,"RAB27A, member RAS oncogene family",0.109,2.143,-3.587,0.03334736,0.7136,Up
201943_s_at,CPD,carboxypeptidase D,0.19,2.143,-3.587,0.03336489,0.7136,Up
206607_at,CBL,Cbl proto-oncogene,0.124,2.143,-3.587,0.03336649,0.7136,Up
218296_x_at,MSTO2P///MSTO1,"misato family member 2, pseudogene///misato 1, mitochondrial distribution and morphology regulator",-0.07,-2.143,-3.587,0.03336944,0.7136,Down
1553915_at,C10orf126,chromosome 10 open reading frame 126,0.081,2.143,-3.587,0.03337483,0.7136,Up
210372_s_at,TPD52L1,tumor protein D52-like 1,0.0949,2.141,-3.59,0.03352555,0.714,Up
239382_at,HPS1,"HPS1, biogenesis of lysosomal organelles complex 3 subunit 1",-0.0929,-2.141,-3.59,0.03353004,0.714,Down
216843_x_at,PMS2P1,"PMS1 homolog 2, mismatch repair system component pseudogene 1",-0.109,-2.141,-3.59,0.03353256,0.714,Down
203768_s_at,STS,"steroid sulfatase (microsomal), isozyme S",0.101,2.141,-3.591,0.033544,0.714,Up
223703_at,C10orf11,chromosome 10 open reading frame 11,0.172,2.14,-3.591,0.03356282,0.714,Up
200679_x_at,HMGB1,high mobility group box 1,-0.126,-2.14,-3.592,0.03359175,0.714,Down
239018_at,DNAJC30,DnaJ heat shock protein family (Hsp40) member C30,-0.191,-2.14,-3.592,0.03360768,0.714,Down
207514_s_at,GNAT1,G protein subunit alpha transducin 1,0.1,2.14,-3.592,0.03361585,0.714,Up
212336_at,EPB41L1,erythrocyte membrane protein band 4.1 like 1,0.0878,2.14,-3.592,0.03362068,0.714,Up
1569366_a_at,ZNF569,zinc finger protein 569,-0.174,-2.14,-3.592,0.03362161,0.714,Down
227243_s_at,EBF3,early B-cell factor 3,-0.0796,-2.14,-3.592,0.03362688,0.714,Down
226925_at,PXYLP1,2-phosphoxylose phosphatase 1,0.207,2.14,-3.593,0.03362838,0.714,Up
200781_s_at,RPS15A,ribosomal protein S15a,-0.205,-2.139,-3.593,0.03365171,0.7142,Down
201717_at,MRPL49,mitochondrial ribosomal protein L49,-0.0755,-2.139,-3.594,0.03369544,0.7145,Down
227497_at,SOX6,SRY-box 6,0.248,2.139,-3.594,0.03369913,0.7145,Up
222182_s_at,CNOT2,CCR4-NOT transcription complex subunit 2,-0.0732,-2.138,-3.595,0.03372595,0.7145,Down
232166_at,CEP126,centrosomal protein 126,-0.193,-2.138,-3.595,0.03373607,0.7145,Down
208590_x_at,GJA3,gap junction protein alpha 3,0.0897,2.138,-3.595,0.03376598,0.7145,Up
1558081_at,SNORA65,"small nucleolar RNA, H/ACA box 65",-0.091,-2.138,-3.596,0.03377337,0.7145,Down
209749_s_at,ACE,angiotensin I converting enzyme,0.0984,2.138,-3.596,0.03377596,0.7145,Up
231860_at,BRWD1,bromodomain and WD repeat domain containing 1,-0.182,-2.137,-3.596,0.03381291,0.7145,Down
223669_at,HEMGN,hemogen,0.276,2.137,-3.597,0.0338403,0.7145,Up
227078_at,TMEM110,transmembrane protein 110,0.126,2.137,-3.597,0.03385407,0.7145,Up
240354_at,C12orf54,chromosome 12 open reading frame 54,0.0899,2.137,-3.597,0.03385681,0.7145,Up
1558392_at,SYNE2,spectrin repeat containing nuclear envelope protein 2,-0.121,-2.137,-3.598,0.033874,0.7145,Down
206137_at,RIMS2,regulating synaptic membrane exocytosis 2,0.0908,2.136,-3.598,0.03389607,0.7145,Up
234072_at,SEMA4A,semaphorin 4A,0.145,2.136,-3.598,0.03390537,0.7145,Up
206182_at,ZNF134,zinc finger protein 134,-0.144,-2.136,-3.599,0.03393106,0.7145,Down
227466_at,FAM200B,family with sequence similarity 200 member B,0.0793,2.136,-3.599,0.03393763,0.7145,Up
1559494_at,SLC35G2,solute carrier family 35 member G2,-0.181,-2.135,-3.6,0.03397573,0.7145,Down
203803_at,PCYOX1,prenylcysteine oxidase 1,-0.251,-2.135,-3.6,0.03397736,0.7145,Down
223865_at,SOX6,SRY-box 6,0.16,2.135,-3.6,0.03398611,0.7145,Up
1570173_at,INTS7,integrator complex subunit 7,-0.137,-2.135,-3.6,0.03399131,0.7145,Down
223474_at,IRF2BPL,interferon regulatory factor 2 binding protein like,0.0612,2.134,-3.602,0.03406357,0.7146,Up
225645_at,EHF,ETS homologous factor,-0.14,-2.134,-3.602,0.03407439,0.7146,Down
214701_s_at,FN1,fibronectin 1,0.104,2.134,-3.602,0.03409811,0.7146,Up
203716_s_at,DPP4,dipeptidyl peptidase 4,-0.157,-2.134,-3.602,0.0341079,0.7146,Down
207090_x_at,ZFP30,ZFP30 zinc finger protein,-0.207,-2.134,-3.603,0.03411898,0.7146,Down
205161_s_at,PEX11A,peroxisomal biogenesis factor 11 alpha,-0.131,-2.134,-3.603,0.03413321,0.7146,Down
242972_at,HCG18,HLA complex group 18 (non-protein coding),-0.177,-2.133,-3.603,0.0341355,0.7146,Down
204038_s_at,LPAR1,lysophosphatidic acid receptor 1,0.127,2.133,-3.603,0.03414258,0.7146,Up
202912_at,ADM,adrenomedullin,0.142,2.133,-3.603,0.03414432,0.7146,Up
1557354_at,SOS1,SOS Ras/Rac guanine nucleotide exchange factor 1,-0.144,-2.133,-3.603,0.03415058,0.7146,Down
225476_at,GPANK1,G-patch domain and ankyrin repeats 1,-0.12,-2.133,-3.603,0.03415302,0.7146,Down
204347_at,LOC100507855///AK4,"adenylate kinase 4, mitochondrial-like///adenylate kinase 4",0.105,2.132,-3.605,0.03422824,0.7146,Up
210690_at,KLRC4,killer cell lectin like receptor C4,-0.193,-2.132,-3.606,0.03426066,0.7146,Down
202043_s_at,SMS,spermine synthase,0.0671,2.132,-3.606,0.03426359,0.7146,Up
202593_s_at,GDE1,glycerophosphodiester phosphodiesterase 1,0.118,2.132,-3.606,0.0342813,0.7146,Up
227620_at,SLC44A1,solute carrier family 44 member 1,0.153,2.132,-3.606,0.03428471,0.7146,Up
240490_at,LOC101929592,uncharacterized LOC101929592,0.106,2.132,-3.606,0.03428519,0.7146,Up
214493_s_at,PATJ,"PATJ, crumbs cell polarity complex component",-0.105,-2.132,-3.606,0.03429318,0.7146,Down
221522_at,ANKRD27,ankyrin repeat domain 27,0.0938,2.131,-3.607,0.03431867,0.7148,Up
222810_s_at,RASAL2,RAS protein activator like 2,0.096,2.131,-3.607,0.03433399,0.7148,Up
239950_at,HOXA11-AS,HOXA11 antisense RNA,0.0979,2.131,-3.608,0.03435508,0.7148,Up
223560_s_at,NDUFAF7,NADH:ubiquinone oxidoreductase complex assembly factor 7,-0.117,-2.131,-3.608,0.03435607,0.7148,Down
228894_at,NR6A1,nuclear receptor subfamily 6 group A member 1,0.141,2.129,-3.61,0.03447554,0.7166,Up
227185_at,FNDC10,fibronectin type III domain containing 10,0.0887,2.129,-3.611,0.03453351,0.7167,Up
1562341_at,LOC101927587///LOC101927560,uncharacterized LOC101927587///uncharacterized LOC101927560,0.0877,2.129,-3.612,0.0345498,0.7167,Up
205471_s_at,DACH1,dachshund family transcription factor 1,0.182,2.128,-3.612,0.03457658,0.7167,Up
240719_at,ISM1-AS1,ISM1 antisense RNA 1,-0.096,-2.128,-3.612,0.0345809,0.7167,Down
205426_s_at,HIP1,huntingtin interacting protein 1,0.225,2.128,-3.613,0.03459634,0.7167,Up
235653_s_at,THAP6,THAP domain containing 6,-0.18,-2.128,-3.613,0.03459862,0.7167,Down
241760_x_at,RORA,RAR related orphan receptor A,-0.211,-2.128,-3.613,0.03460407,0.7167,Down
236301_at,IKZF3,IKAROS family zinc finger 3,-0.205,-2.127,-3.613,0.03463997,0.7167,Down
210980_s_at,ASAH1,N-acylsphingosine amidohydrolase 1,0.118,2.127,-3.614,0.03465184,0.7167,Up
243804_at,MTMR7,myotubularin related protein 7,-0.131,-2.127,-3.614,0.03466404,0.7167,Down
233782_at,DCAF7,DDB1 and CUL4 associated factor 7,-0.122,-2.127,-3.614,0.03468193,0.7167,Down
233149_at,RPS11P6,ribosomal protein S11 pseudogene 6,0.111,2.127,-3.615,0.03471259,0.7167,Up
218244_at,NOL8,nucleolar protein 8,-0.115,-2.127,-3.615,0.03471362,0.7167,Down
234312_s_at,ACSS2,acyl-CoA synthetase short-chain family member 2,0.116,2.126,-3.615,0.03473105,0.7167,Up
213790_at,ADAM12,ADAM metallopeptidase domain 12,-0.221,-2.126,-3.615,0.03473939,0.7167,Down
204795_at,PRR3,proline rich 3,-0.112,-2.126,-3.615,0.03474306,0.7167,Down
223588_at,THAP2,THAP domain containing 2,-0.184,-2.126,-3.616,0.03476521,0.7167,Down
229950_s_at,BORCS6,BLOC-1 related complex subunit 6,0.0921,2.125,-3.617,0.03480873,0.7167,Up
211615_s_at,LRPPRC,leucine rich pentatricopeptide repeat containing,-0.115,-2.125,-3.617,0.03481894,0.7167,Down
1563975_at,RNF130,ring finger protein 130,0.32,2.125,-3.618,0.03486205,0.7167,Up
212076_at,KMT2A,lysine methyltransferase 2A,-0.157,-2.124,-3.619,0.03489347,0.7167,Down
220749_at,CCDC7,coiled-coil domain containing 7,-0.109,-2.124,-3.619,0.03489778,0.7167,Down
215248_at,GRB10,growth factor receptor bound protein 10,0.231,2.124,-3.619,0.03490574,0.7167,Up
208173_at,IFNB1,interferon beta 1,0.0961,2.124,-3.619,0.03491301,0.7167,Up
233144_s_at,RASAL1,RAS protein activator like 1,0.0898,2.124,-3.619,0.03491763,0.7167,Up
239282_at,CEP83,centrosomal protein 83,-0.195,-2.124,-3.619,0.03492215,0.7167,Down
204388_s_at,MAOA,monoamine oxidase A,0.141,2.124,-3.619,0.03492712,0.7167,Up
1566896_at,SPPL3,signal peptide peptidase like 3,-0.173,-2.124,-3.619,0.03493098,0.7167,Down
239450_at,NDUFV2-AS1,NDUFV2 antisense RNA 1,-0.173,-2.124,-3.62,0.03494906,0.7167,Down
212077_at,CALD1,caldesmon 1,0.297,2.123,-3.62,0.03498753,0.7172,Up
1559989_at,TPM4,tropomyosin 4,-0.121,-2.123,-3.621,0.03499833,0.7172,Down
240305_at,LOC101930421,uncharacterized LOC101930421,0.0891,2.123,-3.621,0.03501148,0.7172,Up
218896_s_at,NCBP3,nuclear cap binding subunit 3,0.11,2.123,-3.621,0.03503537,0.7174,Up
223253_at,EPDR1,ependymin related 1,0.175,2.122,-3.622,0.03506244,0.7174,Up
219925_at,ZMYM6,zinc finger MYM-type containing 6,-0.134,-2.122,-3.622,0.03506358,0.7174,Down
209712_at,SLC35D1,solute carrier family 35 member D1,-0.126,-2.122,-3.622,0.03508284,0.7174,Down
1564263_at,LINC00330,long intergenic non-protein coding RNA 330,0.0951,2.122,-3.623,0.0350958,0.7174,Up
221866_at,TFEB,transcription factor EB,0.118,2.122,-3.623,0.03510129,0.7174,Up
229817_at,ZNF608,zinc finger protein 608,0.166,2.122,-3.623,0.03512012,0.7176,Up
203393_at,HES1,hes family bHLH transcription factor 1,0.109,2.121,-3.624,0.03515121,0.7176,Up
212727_at,DLG3,discs large MAGUK scaffold protein 3,-0.0999,-2.121,-3.624,0.03516674,0.7176,Down
219318_x_at,MED31,mediator complex subunit 31,-0.185,-2.121,-3.624,0.03518057,0.7176,Down
221764_at,R3HDM4,R3H domain containing 4,0.11,2.121,-3.624,0.03518526,0.7176,Up
224733_at,CMTM3,CKLF like MARVEL transmembrane domain containing 3,0.0919,2.121,-3.624,0.03518534,0.7176,Up
207002_s_at,PLAGL1,PLAG1 like zinc finger 1,0.221,2.121,-3.625,0.03521672,0.7178,Up
234829_at,DUSP15,dual specificity phosphatase 15,0.0872,2.12,-3.625,0.03522997,0.7178,Up
223834_at,CD274,CD274 molecule,0.178,2.12,-3.626,0.03526572,0.7178,Up
236394_at,A2MP1,alpha-2-macroglobulin pseudogene 1,-0.227,-2.12,-3.627,0.03530212,0.7178,Down
206247_at,MICB,MHC class I polypeptide-related sequence B,0.0974,2.12,-3.627,0.03530541,0.7178,Up
238513_at,PRRG4,proline rich and Gla domain 4,0.249,2.119,-3.627,0.03532088,0.7178,Up
217500_at,TIAL1,TIA1 cytotoxic granule-associated RNA binding protein-like 1,0.0801,2.119,-3.627,0.0353281,0.7178,Up
219120_at,WDCP,WD repeat and coiled coil containing,-0.107,-2.118,-3.629,0.03541274,0.719,Down
233651_s_at,MPND,MPN domain containing,0.12,2.118,-3.629,0.0354157,0.719,Up
227967_at,TUBGCP5,tubulin gamma complex associated protein 5,-0.118,-2.118,-3.63,0.03546336,0.7194,Down
209597_s_at,PNMA2,paraneoplastic Ma antigen 2,0.0996,2.118,-3.63,0.03547474,0.7194,Up
236620_at,RIF1,replication timing regulatory factor 1,-0.117,-2.117,-3.631,0.03550035,0.7197,Down
1552833_at,B3GNT6,"UDP-GlcNAc:betaGal beta-1,3-N-acetylglucosaminyltransferase 6",0.0885,2.117,-3.631,0.03552812,0.7199,Up
206042_x_at,SNURF///SNRPN,SNRPN upstream reading frame///small nuclear ribonucleoprotein polypeptide N,-0.118,-2.116,-3.632,0.03558127,0.7199,Down
228535_at,RAD1,RAD1 checkpoint DNA exonuclease,-0.111,-2.116,-3.633,0.03561029,0.7199,Down
1556730_at,LOC652993,uncharacterized LOC652993,-0.105,-2.116,-3.633,0.03563504,0.7199,Down
223309_x_at,PNPLA8,patatin like phospholipase domain containing 8,-0.144,-2.116,-3.633,0.03563786,0.7199,Down
228860_at,UBE3B,ubiquitin protein ligase E3B,0.0926,2.116,-3.634,0.03565062,0.7199,Up
213058_at,TTC28,tetratricopeptide repeat domain 28,-0.163,-2.115,-3.634,0.0356755,0.7199,Down
203166_at,CFDP1,craniofacial development protein 1,-0.109,-2.115,-3.634,0.03567957,0.7199,Down
229666_s_at,CSTF3,cleavage stimulation factor subunit 3,-0.128,-2.115,-3.635,0.03571736,0.7199,Down
234311_s_at,LOC101927446///GTPBP10,uncharacterized LOC101927446///GTP binding protein 10,-0.206,-2.115,-3.635,0.03573819,0.7199,Down
210955_at,CASP10,caspase 10,0.0968,2.115,-3.635,0.03574355,0.7199,Up
231122_x_at,ZDHHC19,zinc finger DHHC-type containing 19,0.174,2.114,-3.636,0.0357576,0.7199,Up
1562509_at,TMEM108-AS1,TMEM108 antisense RNA 1,-0.12,-2.114,-3.636,0.03577362,0.7199,Down
235309_at,RPS15A,ribosomal protein S15a,-0.119,-2.114,-3.636,0.03577998,0.7199,Down
238455_at,PLXDC2,plexin domain containing 2,0.158,2.114,-3.636,0.03578791,0.7199,Up
222493_s_at,ZFAND3,zinc finger AN1-type containing 3,0.143,2.114,-3.636,0.03579057,0.7199,Up
216219_at,AQP6,aquaporin 6,0.1,2.114,-3.637,0.03582587,0.7199,Up
208370_s_at,RCAN1,regulator of calcineurin 1,0.136,2.114,-3.637,0.03582639,0.7199,Up
243930_x_at,KRR1,"KRR1, small subunit processome component homolog",-0.0672,-2.113,-3.638,0.03585553,0.7199,Down
1555500_s_at,SLC2A4RG,SLC2A4 regulator,-0.153,-2.113,-3.638,0.03587675,0.72,Down
237813_at,PCBP2,poly(rC) binding protein 2,-0.132,-2.113,-3.638,0.03588262,0.72,Down
237338_at,B3GNT8,"UDP-GlcNAc:betaGal beta-1,3-N-acetylglucosaminyltransferase 8",0.12,2.113,-3.639,0.03591754,0.7201,Up
1558723_at,LOC284014,uncharacterized LOC284014,0.106,2.112,-3.639,0.0359374,0.7201,Up
212797_at,SORT1,sortilin 1,0.118,2.112,-3.639,0.03593897,0.7201,Up
225862_at,SLC25A26,solute carrier family 25 member 26,-0.135,-2.112,-3.64,0.03595723,0.7201,Down
214444_s_at,PVR,poliovirus receptor,0.0955,2.112,-3.64,0.03597768,0.7201,Up
234586_at,SARDH,sarcosine dehydrogenase,0.0907,2.112,-3.64,0.03598046,0.7201,Up
1557719_at,PIKFYVE,"phosphoinositide kinase, FYVE-type zinc finger containing",-0.12,-2.112,-3.64,0.03598379,0.7201,Down
212111_at,STX12,syntaxin 12,0.0733,2.111,-3.641,0.03602647,0.7203,Up
227436_at,OTUD7B,OTU deubiquitinase 7B,-0.114,-2.111,-3.641,0.03603452,0.7203,Down
205344_at,CSPG5,chondroitin sulfate proteoglycan 5,0.093,2.111,-3.641,0.03603951,0.7203,Up
220546_at,LOC101929115///KMT2A,uncharacterized LOC101929115///lysine methyltransferase 2A,-0.108,-2.111,-3.642,0.036058,0.7203,Down
1557283_a_at,ZNF519,zinc finger protein 519,-0.178,-2.111,-3.642,0.03606418,0.7203,Down
223111_x_at,ARID4B,AT-rich interaction domain 4B,-0.106,-2.11,-3.642,0.03609332,0.7203,Down
213973_at,RRBP1,ribosome binding protein 1,0.0985,2.11,-3.643,0.03613522,0.7203,Up
1553217_s_at,ZNF41,zinc finger protein 41,-0.106,-2.11,-3.644,0.03616502,0.7203,Down
242092_at,EPB41L2,erythrocyte membrane protein band 4.1 like 2,-0.133,-2.109,-3.644,0.0361948,0.7203,Down
218419_s_at,TMUB2,transmembrane and ubiquitin like domain containing 2,0.0754,2.109,-3.644,0.03619836,0.7203,Up
210787_s_at,CAMKK2,calcium/calmodulin dependent protein kinase kinase 2,0.123,2.109,-3.644,0.03620014,0.7203,Up
233084_s_at,SYCE1,synaptonemal complex central element protein 1,0.0797,2.109,-3.645,0.03621324,0.7203,Up
227429_at,CRACR2B,calcium release activated channel regulator 2B,0.107,2.109,-3.645,0.03621381,0.7203,Up
66053_at,HNRNPUL2-BSCL2///HNRNPUL2,HNRNPUL2-BSCL2 readthrough (NMD candidate)///heterogeneous nuclear ribonucleoprotein U like 2,-0.115,-2.109,-3.645,0.03622292,0.7203,Down
1555098_a_at,CACNB2,calcium voltage-gated channel auxiliary subunit beta 2,-0.166,-2.109,-3.645,0.0362433,0.7203,Down
233930_at,DMRT3,doublesex and mab-3 related transcription factor 3,0.0868,2.108,-3.646,0.03628121,0.7203,Up
216033_s_at,FYN,"FYN proto-oncogene, Src family tyrosine kinase",-0.127,-2.108,-3.646,0.03629862,0.7204,Down
202066_at,PPFIA1,PTPRF interacting protein alpha 1,0.112,2.108,-3.647,0.03633948,0.7205,Up
1554812_at,CLDN20,claudin 20,-0.134,-2.108,-3.647,0.03634138,0.7205,Down
220145_at,MAP9,microtubule associated protein 9,-0.175,-2.108,-3.647,0.03634293,0.7205,Down
227019_at,C1orf226,chromosome 1 open reading frame 226,0.121,2.107,-3.648,0.03637469,0.7206,Up
229632_s_at,INTS10,integrator complex subunit 10,-0.0745,-2.107,-3.648,0.0363749,0.7206,Down
225447_at,GPD2,glycerol-3-phosphate dehydrogenase 2,0.161,2.107,-3.648,0.03639744,0.7208,Up
237097_at,EHD4,EH domain containing 4,0.111,2.107,-3.649,0.03641481,0.7208,Up
244606_at,ATP1A1,ATPase Na+/K+ transporting subunit alpha 1,-0.209,-2.107,-3.649,0.0364376,0.721,Down
210553_x_at,LOC100507472///PCSK6,uncharacterized LOC100507472///proprotein convertase subtilisin/kexin type 6,0.108,2.106,-3.649,0.03645317,0.7211,Up
1564514_at,SNRK,SNF related kinase,-0.123,-2.106,-3.65,0.03650828,0.7213,Down
225698_at,EPB41L4A-AS1,EPB41L4A antisense RNA 1,-0.129,-2.106,-3.651,0.03651793,0.7213,Down
219616_at,ACSS3,acyl-CoA synthetase short-chain family member 3,0.1,2.106,-3.651,0.03652013,0.7213,Up
213962_s_at,ANKLE2,ankyrin repeat and LEM domain containing 2,-0.138,-2.106,-3.651,0.03652584,0.7213,Down
235414_at,ZNF383,zinc finger protein 383,-0.134,-2.105,-3.651,0.03656286,0.7213,Down
232531_at,EMX2OS,EMX2 opposite strand/antisense RNA,0.0863,2.105,-3.651,0.03656719,0.7213,Up
216298_at,TARP,TCR gamma alternate reading frame protein,-0.155,-2.105,-3.652,0.03658174,0.7213,Down
206655_s_at,SEPT5-GP1BB///SEPT5///GP1BB,SEPT5-GP1BB readthrough///septin 5///glycoprotein Ib platelet beta subunit,0.274,2.104,-3.653,0.03663615,0.7221,Up
217143_s_at,YME1L1,YME1 like 1 ATPase,-0.227,-2.104,-3.654,0.03667295,0.7226,Down
211275_s_at,GYG1,glycogenin 1,0.101,2.104,-3.654,0.03669594,0.7227,Up
211433_x_at,FAM214B,family with sequence similarity 214 member B,0.112,2.103,-3.654,0.0367215,0.723,Up
201062_at,STOM,stomatin,0.0713,2.102,-3.656,0.0368236,0.7238,Up
209887_at,SMAD6,SMAD family member 6,0.0784,2.102,-3.657,0.03683191,0.7238,Up
214183_s_at,TKTL1,transketolase like 1,-0.214,-2.102,-3.657,0.03683768,0.7238,Down
217850_at,SNORD19B///GNL3,"small nucleolar RNA, C/D box 19B///G protein nucleolar 3",-0.123,-2.102,-3.657,0.03685251,0.7238,Down
229064_s_at,RCAN3,RCAN family member 3,-0.131,-2.101,-3.658,0.03690404,0.7238,Down
201164_s_at,PUM1,pumilio RNA binding family member 1,-0.0921,-2.101,-3.658,0.03690802,0.7238,Down
224055_x_at,KCNK7,potassium two pore domain channel subfamily K member 7,0.115,2.101,-3.658,0.03692254,0.7238,Up
244350_at,MYO10,myosin X,0.144,2.101,-3.658,0.03693402,0.7238,Up
232960_at,NUP62CL,nucleoporin 62 C-terminal like,-0.134,-2.101,-3.659,0.03695137,0.7238,Down
233058_at,GPSM2,G-protein signaling modulator 2,0.123,2.101,-3.659,0.03695693,0.7238,Up
235444_at,FOXP1,forkhead box P1,-0.113,-2.1,-3.659,0.03697419,0.7238,Down
238779_at,DCP2,decapping mRNA 2,0.109,2.1,-3.66,0.03701906,0.7238,Up
202683_s_at,RNMT,RNA guanine-7 methyltransferase,-0.0773,-2.1,-3.66,0.03702533,0.7238,Down
202381_at,ADAM9,ADAM metallopeptidase domain 9,0.318,2.1,-3.66,0.03702668,0.7238,Up
215395_x_at,PRSS3P2,"protease, serine 3 pseudogene 2",0.0972,2.1,-3.66,0.03702897,0.7238,Up
221975_s_at,C21orf2,chromosome 21 open reading frame 2,0.0765,2.1,-3.66,0.0370312,0.7238,Up
233116_at,ZFP92,ZFP92 zinc finger protein,0.107,2.099,-3.662,0.03709532,0.7238,Up
215894_at,PTGDR,prostaglandin D2 receptor,-0.181,-2.099,-3.662,0.03710085,0.7238,Down
209376_x_at,SCAF11,SR-related CTD associated factor 11,-0.0847,-2.099,-3.663,0.03714544,0.7238,Down
202723_s_at,FOXO1,forkhead box O1,-0.125,-2.099,-3.663,0.03714573,0.7238,Down
226476_s_at,DCAF1,DDB1 and CUL4 associated factor 1,-0.102,-2.098,-3.663,0.03717541,0.7238,Down
230032_at,OSGEPL1,O-sialoglycoprotein endopeptidase-like 1,-0.159,-2.098,-3.663,0.03717832,0.7238,Down
201038_s_at,ANP32A,acidic nuclear phosphoprotein 32 family member A,0.0679,2.098,-3.663,0.03718749,0.7238,Up
202898_at,SDC3,syndecan 3,0.137,2.098,-3.663,0.03719237,0.7238,Up
206586_at,CNR2,cannabinoid receptor 2,-0.0997,-2.098,-3.664,0.0372043,0.7238,Down
219834_at,CARF,calcium responsive transcription factor,-0.188,-2.098,-3.664,0.03721767,0.7238,Down
203618_at,FAIM2,Fas apoptotic inhibitory molecule 2,0.0953,2.097,-3.665,0.03727315,0.7238,Up
216696_s_at,PRODH2,proline dehydrogenase 2,0.0912,2.097,-3.665,0.03729438,0.7238,Up
209401_s_at,SLC12A4,solute carrier family 12 member 4,0.0871,2.097,-3.666,0.03730947,0.7238,Up
220998_s_at,UNC93B1,unc-93 homolog B1 (C. elegans),0.0994,2.097,-3.666,0.03731839,0.7238,Up
219490_s_at,DCLRE1B,DNA cross-link repair 1B,0.122,2.096,-3.666,0.03734108,0.7238,Up
209011_at,TRIO,trio Rho guanine nucleotide exchange factor,0.14,2.096,-3.666,0.03734577,0.7238,Up
1564823_at,CDC42BPG,CDC42 binding protein kinase gamma,0.0996,2.096,-3.666,0.03735143,0.7238,Up
210866_s_at,CNOT4,CCR4-NOT transcription complex subunit 4,-0.193,-2.096,-3.667,0.03736675,0.7238,Down
241308_at,LINC01255,long intergenic non-protein coding RNA 1255,0.084,2.096,-3.667,0.03736707,0.7238,Up
1556435_at,LOC400622,uncharacterized LOC400622,0.0834,2.096,-3.667,0.03738732,0.7238,Up
220088_at,C5AR1,complement component 5a receptor 1,0.0647,2.096,-3.667,0.03740811,0.7238,Up
211285_s_at,UBE3A,ubiquitin protein ligase E3A,-0.08,-2.096,-3.667,0.03740979,0.7238,Down
232279_at,JADE2,jade family PHD finger 2,-0.0962,-2.096,-3.668,0.03741654,0.7238,Down
224897_at,WDR26,WD repeat domain 26,0.187,2.095,-3.668,0.03743021,0.7238,Up
1557036_at,ZBTB1,zinc finger and BTB domain containing 1,-0.212,-2.095,-3.668,0.03745207,0.7238,Down
224506_s_at,PLPP7,phospholipid phosphatase 7 (inactive),0.103,2.095,-3.668,0.03745794,0.7238,Up
222250_s_at,INTS7,integrator complex subunit 7,-0.206,-2.095,-3.669,0.03747035,0.7238,Down
212180_at,CRKL,"CRK like proto-oncogene, adaptor protein",0.0523,2.095,-3.669,0.03748865,0.7238,Up
1557174_a_at,IRAK1BP1,interleukin 1 receptor associated kinase 1 binding protein 1,-0.095,-2.095,-3.669,0.03749126,0.7238,Down
206093_x_at,TNXB///TNXA,tenascin XB///tenascin XA (pseudogene),0.114,2.095,-3.669,0.03749282,0.7238,Up
239389_at,TARBP2,"TARBP2, RISC loading complex RNA binding subunit",0.103,2.095,-3.669,0.0374977,0.7238,Up
221957_at,PDK3,pyruvate dehydrogenase kinase 3,0.188,2.095,-3.669,0.03750369,0.7238,Up
212337_at,TUG1,taurine up-regulated 1 (non-protein coding),-0.0825,-2.094,-3.67,0.03752934,0.7238,Down
239933_x_at,BBOF1,basal body orientation factor 1,0.104,2.094,-3.67,0.03754485,0.7238,Up
215931_s_at,ARFGEF2,ADP ribosylation factor guanine nucleotide exchange factor 2,-0.0868,-2.094,-3.67,0.03754813,0.7238,Down
206315_at,CRLF1,cytokine receptor like factor 1,0.0853,2.094,-3.67,0.03757034,0.7238,Up
202197_at,MTMR3,myotubularin related protein 3,0.123,2.093,-3.671,0.03762255,0.7238,Up
211179_at,LOC101928269///LOC100506403///RUNX1,uncharacterized LOC101928269///uncharacterized LOC100506403///runt related transcription factor 1,0.077,2.093,-3.672,0.03763161,0.7238,Up
216727_at,STK38,serine/threonine kinase 38,-0.0983,-2.093,-3.672,0.03763548,0.7238,Down
1554586_a_at,RHOBTB2,Rho related BTB domain containing 2,-0.143,-2.093,-3.672,0.03764527,0.7238,Down
1565436_s_at,KMT2A,lysine methyltransferase 2A,-0.151,-2.093,-3.672,0.03766466,0.7238,Down
202454_s_at,ERBB3,erb-b2 receptor tyrosine kinase 3,-0.12,-2.093,-3.672,0.03766833,0.7238,Down
232763_at,TLN1,talin 1,0.167,2.093,-3.672,0.03767078,0.7238,Up
212018_s_at,RSL1D1,ribosomal L1 domain containing 1,-0.0959,-2.093,-3.673,0.03768672,0.7238,Down
203563_at,AFAP1,actin filament associated protein 1,0.187,2.092,-3.673,0.03769808,0.7238,Up
238457_at,DGKE,diacylglycerol kinase epsilon,-0.168,-2.092,-3.673,0.03770049,0.7238,Down
1552455_at,PRUNE2,prune homolog 2,0.099,2.092,-3.673,0.03771014,0.7238,Up
206599_at,SLC16A5,solute carrier family 16 member 5,0.13,2.092,-3.674,0.0377382,0.7238,Up
206433_s_at,SPOCK3,"sparc/osteonectin, cwcv and kazal-like domains proteoglycan (testican) 3",0.0964,2.092,-3.674,0.03775583,0.7238,Up
1558369_at,MPHOSPH9,M-phase phosphoprotein 9,-0.113,-2.092,-3.674,0.0377575,0.7238,Down
239178_at,FGF9,fibroblast growth factor 9,-0.213,-2.092,-3.674,0.03776828,0.7238,Down
218206_x_at,SCAND1,SCAN domain containing 1,0.105,2.091,-3.675,0.03779639,0.7239,Up
1559728_at,ZBTB40,zinc finger and BTB domain containing 40,-0.105,-2.091,-3.675,0.0377982,0.7239,Down
234347_s_at,DENR,density regulated re-initiation and release factor,-0.123,-2.09,-3.676,0.0378873,0.7246,Down
210650_s_at,PCLO,piccolo presynaptic cytomatrix protein,0.12,2.09,-3.677,0.03789871,0.7246,Up
206817_x_at,CELF3,"CUGBP, Elav-like family member 3",0.0811,2.09,-3.677,0.0379045,0.7246,Up
1552558_a_at,RAI1,retinoic acid induced 1,0.0798,2.09,-3.677,0.03790551,0.7246,Up
204582_s_at,KLK3,kallikrein related peptidase 3,0.0906,2.089,-3.678,0.03798188,0.7246,Up
221886_at,DENND2A,DENN domain containing 2A,0.0966,2.089,-3.679,0.03800741,0.7246,Up
226540_at,CFAP73,cilia and flagella associated protein 73,0.0816,2.089,-3.679,0.03800799,0.7246,Up
206501_x_at,ETV1,ETS variant 1,0.0892,2.089,-3.679,0.03801446,0.7246,Up
211509_s_at,RTN4,reticulon 4,0.122,2.089,-3.679,0.03801561,0.7246,Up
226226_at,TMEM45B,transmembrane protein 45B,0.17,2.089,-3.679,0.03803656,0.7246,Up
1553878_at,GOT1L1,glutamic-oxaloacetic transaminase 1-like 1,-0.0729,-2.088,-3.68,0.03805776,0.7246,Down
209717_at,EVI5,ecotropic viral integration site 5,0.169,2.088,-3.68,0.03808236,0.7246,Up
235405_at,GSTA4,glutathione S-transferase alpha 4,-0.175,-2.088,-3.68,0.03809298,0.7246,Down
209714_s_at,CDKN3,cyclin dependent kinase inhibitor 3,-0.116,-2.088,-3.681,0.03811092,0.7246,Down
231328_s_at,RASGRP4,RAS guanyl releasing protein 4,0.092,2.088,-3.681,0.03811754,0.7246,Up
229836_s_at,NUDT4,nudix hydrolase 4,0.105,2.088,-3.681,0.03812608,0.7246,Up
201042_at,TGM2,transglutaminase 2,0.27,2.088,-3.681,0.03812782,0.7246,Up
201118_at,PGD,phosphogluconate dehydrogenase,0.168,2.087,-3.681,0.03815663,0.7246,Up
1558476_at,BEND5,BEN domain containing 5,-0.102,-2.087,-3.682,0.0381723,0.7246,Down
236760_at,AMMECR1,"Alport syndrome, mental retardation, midface hypoplasia and elliptocytosis chromosomal region gene 1",-0.157,-2.087,-3.682,0.03817412,0.7246,Down
227712_at,LYRM2,LYR motif containing 2,-0.121,-2.087,-3.682,0.03817586,0.7246,Down
201940_at,CPD,carboxypeptidase D,0.187,2.087,-3.682,0.03819311,0.7246,Up
235155_at,BDH2,"3-hydroxybutyrate dehydrogenase, type 2",-0.168,-2.087,-3.682,0.03819438,0.7246,Down
201617_x_at,CALD1,caldesmon 1,0.229,2.087,-3.682,0.0381957,0.7246,Up
1554089_s_at,SBDSP1///SBDS,Shwachman-Bodian-Diamond syndrome pseudogene 1///SBDS ribosome assembly guanine nucleotide exchange factor,-0.155,-2.086,-3.683,0.03824164,0.7246,Down
206902_s_at,EXOG,"endo/exonuclease (5'-3'), endonuclease G-like",-0.107,-2.086,-3.683,0.03824286,0.7246,Down
237113_at,LOC102725408,uncharacterized LOC102725408,0.0815,2.086,-3.683,0.03825036,0.7246,Up
229458_s_at,GALK1,galactokinase 1,0.154,2.086,-3.683,0.0382596,0.7246,Up
220951_s_at,A1CF,APOBEC1 complementation factor,0.0916,2.086,-3.684,0.03829202,0.7247,Up
204308_s_at,TECPR2,tectonin beta-propeller repeat containing 2,0.162,2.086,-3.684,0.03831251,0.7247,Up
226163_at,ZBTB9,zinc finger and BTB domain containing 9,-0.122,-2.086,-3.684,0.03831873,0.7247,Down
1553183_at,UMODL1,uromodulin like 1,0.0901,2.086,-3.684,0.03832337,0.7247,Up
236583_at,GIMAP1,"GTPase, IMAP family member 1",-0.109,-2.085,-3.685,0.03837428,0.7247,Down
1554999_at,RASGEF1B,RasGEF domain family member 1B,-0.224,-2.085,-3.685,0.03837987,0.7247,Down
1558579_at,FLJ37786,uncharacterized LOC642691,0.0983,2.085,-3.685,0.03838169,0.7247,Up
1563560_at,AHNAK,AHNAK nucleoprotein,-0.204,-2.085,-3.686,0.03838316,0.7247,Down
1558107_at,LOC283788,FSHD region gene 1 pseudogene,-0.144,-2.084,-3.686,0.03842456,0.7247,Down
215218_s_at,WDR62,WD repeat domain 62,0.0894,2.084,-3.686,0.03842558,0.7247,Up
229865_at,LOC101928615///FNDC3B,uncharacterized LOC101928615///fibronectin type III domain containing 3B,0.187,2.084,-3.686,0.03842575,0.7247,Up
242208_at,ZNF37BP,"zinc finger protein 37B, pseudogene",-0.198,-2.084,-3.686,0.03842682,0.7247,Down
233001_at,SAMD10,sterile alpha motif domain containing 10,0.0934,2.084,-3.687,0.03843878,0.7247,Up
239823_at,LOC101927841,uncharacterized LOC101927841,-0.169,-2.084,-3.687,0.03844997,0.7247,Down
221160_s_at,CABP5,calcium binding protein 5,0.143,2.084,-3.688,0.03849236,0.7247,Up
201492_s_at,RPL41,ribosomal protein L41,-0.0435,-2.084,-3.688,0.03850574,0.7247,Down
244122_at,MGST3,microsomal glutathione S-transferase 3,-0.135,-2.083,-3.688,0.03852054,0.7247,Down
220832_at,TLR8,toll like receptor 8,0.147,2.083,-3.688,0.03853893,0.7247,Up
78495_at,ZNF783,zinc finger family member 783,-0.0911,-2.083,-3.688,0.03854001,0.7247,Down
217802_s_at,NUCKS1,nuclear casein kinase and cyclin dependent kinase substrate 1,-0.0805,-2.083,-3.689,0.03856495,0.7247,Down
1560727_at,HEATR4,HEAT repeat containing 4,-0.0842,-2.083,-3.689,0.03856876,0.7247,Down
216077_s_at,L3MBTL1,l(3)mbt-like 1 (Drosophila),0.0814,2.083,-3.689,0.03859549,0.7247,Up
219295_s_at,PCOLCE2,procollagen C-endopeptidase enhancer 2,0.112,2.082,-3.69,0.03860341,0.7247,Up
202443_x_at,NOTCH2,notch 2,0.0637,2.082,-3.69,0.03865745,0.7247,Up
230434_at,PHOSPHO2,"phosphatase, orphan 2",-0.163,-2.082,-3.691,0.03866622,0.7247,Down
1555801_s_at,ZNF385B,zinc finger protein 385B,0.0955,2.082,-3.691,0.03866798,0.7247,Up
204758_s_at,C2CD2L,C2CD2 like,0.0957,2.082,-3.691,0.03868916,0.7247,Up
231228_at,BCL2L1,BCL2 like 1,0.124,2.082,-3.691,0.03868967,0.7247,Up
211372_s_at,IL1R2,interleukin 1 receptor type 2,0.164,2.081,-3.691,0.03871208,0.7247,Up
47550_at,LZTS1,leucine zipper tumor suppressor 1,0.129,2.081,-3.692,0.0387167,0.7247,Up
235453_at,TOR1AIP2,torsin 1A interacting protein 2,0.169,2.081,-3.692,0.03871851,0.7247,Up
226172_at,USP42,ubiquitin specific peptidase 42,-0.13,-2.081,-3.692,0.03871873,0.7247,Down
1556061_at,RPP30,ribonuclease P/MRP subunit p30,-0.19,-2.081,-3.692,0.03875191,0.7249,Down
213305_s_at,PPP2R5C,protein phosphatase 2 regulatory subunit B'gamma,-0.0637,-2.081,-3.692,0.03876452,0.7249,Down
223567_at,SEMA6B,semaphorin 6B,0.158,2.081,-3.693,0.03878437,0.7249,Up
211594_s_at,MRPL9,mitochondrial ribosomal protein L9,-0.139,-2.08,-3.693,0.03878991,0.7249,Down
226162_at,SLC30A6,solute carrier family 30 member 6,0.125,2.08,-3.693,0.03879313,0.7249,Up
207542_s_at,AQP1,aquaporin 1 (Colton blood group),0.0926,2.08,-3.694,0.03882642,0.725,Up
1563327_a_at,LINC01545,long intergenic non-protein coding RNA 1545,0.122,2.08,-3.694,0.03884326,0.725,Up
230227_at,LOC105374587,uncharacterized LOC105374587,0.133,2.08,-3.694,0.03886482,0.725,Up
221691_x_at,NPM1,nucleophosmin,-0.119,-2.08,-3.694,0.03886797,0.725,Down
241901_at,LOC101929988,uncharacterized LOC101929988,-0.152,-2.079,-3.695,0.03888546,0.7251,Down
208724_s_at,RAB1A,"RAB1A, member RAS oncogene family",0.0966,2.079,-3.696,0.0389464,0.7253,Up
206171_at,ADORA3,adenosine A3 receptor,0.223,2.079,-3.696,0.03895026,0.7253,Up
211544_s_at,GHRHR,growth hormone releasing hormone receptor,0.116,2.079,-3.696,0.03895971,0.7253,Up
208093_s_at,NDEL1,nudE neurodevelopment protein 1 like 1,0.0825,2.079,-3.696,0.03897092,0.7253,Up
218333_at,DERL2,derlin 2,-0.0472,-2.078,-3.696,0.03898207,0.7253,Down
209865_at,SLC35A3,solute carrier family 35 member A3,-0.124,-2.078,-3.696,0.03898543,0.7253,Down
1568777_at,EML5,echinoderm microtubule associated protein like 5,-0.186,-2.078,-3.697,0.03901916,0.7254,Down
225630_at,EEPD1,endonuclease/exonuclease/phosphatase family domain containing 1,0.131,2.078,-3.698,0.03905393,0.7254,Up
1568987_at,MGC57346///CRHR1-IT1,ADP-ribosylation factor pseudogene///CRHR1 intronic transcript 1,-0.123,-2.078,-3.698,0.03906286,0.7254,Down
210312_s_at,IFT20,intraflagellar transport 20,-0.0872,-2.077,-3.698,0.03907834,0.7254,Down
208533_at,SOX1,SRY-box 1,0.101,2.077,-3.698,0.0390792,0.7254,Up
207979_s_at,LOC100996919///CD8B,putative T-cell surface glycoprotein CD8 beta-2 chain-like///CD8b molecule,-0.216,-2.077,-3.698,0.03909955,0.7254,Down
209733_at,MID2,midline 2,-0.155,-2.077,-3.699,0.03910173,0.7254,Down
228295_at,WDR59,WD repeat domain 59,-0.201,-2.077,-3.699,0.03912104,0.7254,Down
217466_x_at,SNORA64///RPS2,"small nucleolar RNA, H/ACA box 64///ribosomal protein S2",-0.0836,-2.077,-3.699,0.03912342,0.7254,Down
213575_at,TRA2A,transformer 2 alpha homolog,-0.12,-2.076,-3.7,0.03916314,0.7256,Down
1559528_at,LOC100129917,uncharacterized LOC100129917,-0.208,-2.076,-3.7,0.03918575,0.7256,Down
218447_at,CMC2,C-X9-C motif containing 2,-0.108,-2.076,-3.7,0.03918744,0.7256,Down
239203_at,LSMEM1,leucine rich single-pass membrane protein 1,0.181,2.076,-3.7,0.03920665,0.7256,Up
202027_at,TMEM184B,transmembrane protein 184B,0.0943,2.076,-3.701,0.03921909,0.7256,Up
220989_s_at,AMN,amnion associated transmembrane protein,0.112,2.075,-3.701,0.03926281,0.7256,Up
218634_at,PHLDA3,pleckstrin homology like domain family A member 3,0.0986,2.075,-3.702,0.03926941,0.7256,Up
229188_s_at,ZNRF2,"zinc and ring finger 2, E3 ubiquitin protein ligase",-0.0955,-2.075,-3.702,0.03927041,0.7256,Down
212266_s_at,SRSF5,serine and arginine rich splicing factor 5,-0.0724,-2.075,-3.702,0.03929765,0.7257,Down
224139_at,SHANK2-AS3,SHANK2 antisense RNA 3,0.0834,2.075,-3.702,0.03929982,0.7257,Up
224632_at,GPATCH4,G-patch domain containing 4,-0.17,-2.075,-3.703,0.03933947,0.7259,Down
226878_at,HLA-DOA,"major histocompatibility complex, class II, DO alpha",-0.205,-2.075,-3.703,0.03934346,0.7259,Down
208651_x_at,CD24,CD24 molecule,0.167,2.074,-3.703,0.03935473,0.7259,Up
224017_at,TBX22,T-box 22,-0.0807,-2.074,-3.703,0.03936879,0.7259,Down
238214_at,LRRC69,leucine rich repeat containing 69,-0.116,-2.074,-3.703,0.0393773,0.7259,Down
209184_s_at,IRS2,insulin receptor substrate 2,0.138,2.074,-3.704,0.03940197,0.726,Up
238763_at,RBM20,RNA binding motif protein 20,-0.123,-2.073,-3.705,0.03944169,0.726,Down
220673_s_at,PPP4R4,protein phosphatase 4 regulatory subunit 4,0.108,2.073,-3.705,0.03946515,0.726,Up
225875_s_at,NIPAL3,NIPA like domain containing 3,-0.121,-2.073,-3.705,0.03948739,0.726,Down
211805_s_at,SLC8A1,solute carrier family 8 member A1,0.113,2.073,-3.706,0.03950238,0.726,Up
1564190_x_at,ZNF519,zinc finger protein 519,-0.172,-2.073,-3.706,0.03951042,0.726,Down
218718_at,PDGFC,platelet derived growth factor C,0.263,2.073,-3.706,0.0395202,0.726,Up
238226_at,TMEM255B,transmembrane protein 255B,0.109,2.072,-3.706,0.03954632,0.726,Up
233163_at,LOC731157,uncharacterized LOC731157,-0.112,-2.072,-3.707,0.03956586,0.726,Down
222087_at,MIR1204///PVT1,microRNA 1204///Pvt1 oncogene (non-protein coding),-0.127,-2.072,-3.707,0.03956855,0.726,Down
208503_s_at,GATAD1,GATA zinc finger domain containing 1,-0.19,-2.072,-3.707,0.03958492,0.726,Down
1561728_a_at,LINC00642,long intergenic non-protein coding RNA 642,0.0876,2.072,-3.707,0.03960671,0.726,Up
210356_x_at,MS4A1,membrane spanning 4-domains A1,-0.215,-2.071,-3.708,0.03963275,0.726,Down
236314_at,EPM2AIP1,EPM2A interacting protein 1,-0.1,-2.071,-3.708,0.03963894,0.726,Down
230173_at,TRIM4,tripartite motif containing 4,-0.115,-2.071,-3.708,0.03965521,0.726,Down
1570106_at,LOC101928139,uncharacterized LOC101928139,-0.143,-2.071,-3.708,0.03965567,0.726,Down
209641_s_at,ABCC3,ATP binding cassette subfamily C member 3,0.138,2.071,-3.708,0.03966368,0.726,Up
1555191_a_at,FHL5,four and a half LIM domains 5,0.0997,2.071,-3.709,0.03967026,0.726,Up
214401_at,PAX1,paired box 1,0.106,2.071,-3.709,0.03967151,0.726,Up
202635_s_at,POLR2K,RNA polymerase II subunit K,-0.197,-2.07,-3.71,0.03974026,0.726,Down
1557289_s_at,GTF2IRD2,GTF2I repeat domain containing 2,-0.202,-2.07,-3.71,0.03974139,0.726,Down
213648_at,EXOSC7,exosome component 7,-0.133,-2.07,-3.71,0.03975107,0.726,Down
213651_at,INPP5J,inositol polyphosphate-5-phosphatase J,0.097,2.07,-3.71,0.0397629,0.726,Up
238326_at,ODF3B,outer dense fiber of sperm tails 3B,0.124,2.07,-3.71,0.03976477,0.726,Up
224577_at,ERGIC1,endoplasmic reticulum-golgi intermediate compartment 1,0.168,2.07,-3.711,0.039782,0.726,Up
220143_x_at,LUC7L,LUC7 like,-0.0814,-2.07,-3.711,0.03979074,0.726,Down
235687_at,ZNF626,zinc finger protein 626,-0.183,-2.07,-3.711,0.03980961,0.726,Down
234238_at,MAP1LC3B2,microtubule associated protein 1 light chain 3 beta 2,0.106,2.069,-3.711,0.03982086,0.726,Up
228381_at,ATF7IP2,activating transcription factor 7 interacting protein 2,-0.161,-2.069,-3.711,0.03982104,0.726,Down
55093_at,CHPF2,chondroitin polymerizing factor 2,0.1,2.069,-3.712,0.03988217,0.726,Up
229906_at,ARMC7,armadillo repeat containing 7,0.101,2.069,-3.712,0.03988232,0.726,Up
1559000_at,PRR26,proline rich 26,0.0787,2.068,-3.713,0.03991414,0.726,Up
239182_at,HAGLR,HOXD antisense growth-associated long non-coding RNA,0.0929,2.068,-3.714,0.03995964,0.726,Up
1563830_a_at,FHAD1,forkhead associated phosphopeptide binding domain 1,-0.17,-2.068,-3.714,0.03996932,0.726,Down
213383_at,SBF1,SET binding factor 1,-0.0721,-2.068,-3.714,0.0399813,0.726,Down
235818_at,VSTM1,V-set and transmembrane domain containing 1,0.248,2.068,-3.714,0.03998595,0.726,Up
200993_at,IPO7,importin 7,-0.12,-2.068,-3.714,0.03998891,0.726,Down
232024_at,GIMAP2,"GTPase, IMAP family member 2",-0.146,-2.068,-3.714,0.04000084,0.726,Down
213724_s_at,PDK2,pyruvate dehydrogenase kinase 2,0.109,2.067,-3.715,0.04001169,0.726,Up
1557100_s_at,HECTD1,HECT domain E3 ubiquitin protein ligase 1,-0.123,-2.067,-3.715,0.04001271,0.726,Down
227119_at,CNOT6L,CCR4-NOT transcription complex subunit 6 like,-0.0907,-2.067,-3.715,0.0400222,0.726,Down
1555977_at,MYL12A,myosin light chain 12A,-0.236,-2.067,-3.715,0.04002845,0.726,Down
209921_at,SLC7A11,solute carrier family 7 member 11,0.145,2.067,-3.715,0.04003526,0.726,Up
1557165_s_at,KLHL18,kelch like family member 18,0.116,2.067,-3.715,0.04004672,0.726,Up
204381_at,LRP3,LDL receptor related protein 3,0.0848,2.067,-3.716,0.04007255,0.726,Up
228390_at,RAB30,"RAB30, member RAS oncogene family",-0.218,-2.067,-3.716,0.04010313,0.726,Down
202501_at,MAPRE2,microtubule associated protein RP/EB family member 2,-0.124,-2.066,-3.716,0.04011762,0.726,Down
242176_at,MEF2A,myocyte enhancer factor 2A,0.123,2.066,-3.717,0.04017537,0.726,Up
1566324_a_at,MAF,MAF bZIP transcription factor,-0.252,-2.066,-3.718,0.04017898,0.726,Down
236681_at,HOXD13,homeobox D13,0.0991,2.065,-3.718,0.04019998,0.726,Up
228813_at,HDAC4,histone deacetylase 4,0.0783,2.065,-3.718,0.04021271,0.726,Up
1559222_at,SPDL1,spindle apparatus coiled-coil protein 1,-0.0766,-2.065,-3.718,0.0402242,0.726,Down
1560322_at,RBMS3,RNA binding motif single stranded interacting protein 3,0.088,2.065,-3.719,0.04024071,0.726,Up
202175_at,CHPF,chondroitin polymerizing factor,0.093,2.065,-3.719,0.04024583,0.726,Up
1555896_a_at,ADAM15,ADAM metallopeptidase domain 15,0.0852,2.065,-3.719,0.04024937,0.726,Up
205944_s_at,CLTCL1,clathrin heavy chain like 1,0.163,2.065,-3.719,0.04025289,0.726,Up
205061_s_at,EXOSC9,exosome component 9,-0.0938,-2.065,-3.719,0.04026205,0.726,Down
232222_at,ZCCHC2,zinc finger CCHC-type containing 2,0.157,2.065,-3.719,0.04026228,0.726,Up
202170_s_at,AASDHPPT,aminoadipate-semialdehyde dehydrogenase-phosphopantetheinyl transferase,-0.127,-2.065,-3.719,0.04026307,0.726,Down
235638_at,RASSF6,Ras association domain family member 6,-0.224,-2.065,-3.719,0.04026346,0.726,Down
221536_s_at,LSG1,large 60S subunit nuclear export GTPase 1,-0.109,-2.065,-3.719,0.0402641,0.726,Down
218666_s_at,STX17,syntaxin 17,-0.129,-2.065,-3.719,0.04028868,0.726,Down
229076_s_at,TOMM22,translocase of outer mitochondrial membrane 22,-0.0994,-2.065,-3.72,0.04029179,0.726,Down
227626_at,PAQR8,progestin and adipoQ receptor family member 8,-0.132,-2.064,-3.72,0.04029969,0.726,Down
208610_s_at,SRRM2,serine/arginine repetitive matrix 2,-0.112,-2.064,-3.72,0.04033109,0.7263,Down
1552725_s_at,ADAMTS17,ADAM metallopeptidase with thrombospondin type 1 motif 17,0.0994,2.064,-3.721,0.04036425,0.7267,Up
203066_at,CHST15,carbohydrate (N-acetylgalactosamine 4-sulfate 6-O) sulfotransferase 15,0.0777,2.063,-3.723,0.04047434,0.7275,Up
206040_s_at,MAPK11,mitogen-activated protein kinase 11,0.0711,2.062,-3.723,0.04049768,0.7275,Up
215510_at,ETV2,ETS variant 2,0.103,2.062,-3.723,0.04051587,0.7275,Up
204995_at,CDK5R1,cyclin dependent kinase 5 regulatory subunit 1,0.183,2.062,-3.723,0.0405212,0.7275,Up
220312_at,FAM83E,family with sequence similarity 83 member E,0.097,2.062,-3.724,0.04052914,0.7275,Up
205868_s_at,PTPN11,"protein tyrosine phosphatase, non-receptor type 11",-0.133,-2.062,-3.724,0.04056587,0.7279,Down
206823_at,L3MBTL1,l(3)mbt-like 1 (Drosophila),0.0842,2.061,-3.725,0.04059077,0.7279,Up
1565026_a_at,OFCC1,orofacial cleft 1 candidate 1,0.0637,2.061,-3.725,0.0405939,0.7279,Up
212090_at,GRINA,glutamate ionotropic receptor NMDA type subunit associated protein 1,0.191,2.061,-3.725,0.04061496,0.7281,Up
229336_at,ST3GAL2,"ST3 beta-galactoside alpha-2,3-sialyltransferase 2",0.125,2.06,-3.726,0.04068314,0.7285,Up
221427_s_at,CCNL2,cyclin L2,-0.0982,-2.06,-3.726,0.04069257,0.7285,Down
206991_s_at,CCR5,C-C motif chemokine receptor 5 (gene/pseudogene),-0.16,-2.06,-3.727,0.04070176,0.7285,Down
1557451_at,DGCR10,DiGeorge syndrome critical region gene 10 (non-protein coding),0.0856,2.06,-3.727,0.04070804,0.7285,Up
237405_at,LINGO3,leucine rich repeat and Ig domain containing 3,0.128,2.06,-3.727,0.04072616,0.7285,Up
201885_s_at,CYB5R3,cytochrome b5 reductase 3,0.155,2.06,-3.727,0.04072814,0.7285,Up
220489_s_at,SERINC2,serine incorporator 2,0.0914,2.06,-3.728,0.04076944,0.7285,Up
205846_at,PTPRB,"protein tyrosine phosphatase, receptor type B",-0.0891,-2.059,-3.728,0.04079115,0.7285,Down
212312_at,BCL2L1,BCL2 like 1,0.187,2.059,-3.728,0.04080607,0.7285,Up
1553876_at,SAMD3,sterile alpha motif domain containing 3,-0.196,-2.059,-3.728,0.04081373,0.7285,Down
206602_s_at,LOC401021///HOXD4///HOXD3,uncharacterized LOC401021///homeobox D4///homeobox D3,0.0993,2.059,-3.729,0.04082293,0.7285,Up
243206_at,CEP95,centrosomal protein 95,-0.185,-2.059,-3.729,0.0408712,0.7286,Down
239288_at,TNIK,TRAF2 and NCK interacting kinase,-0.143,-2.058,-3.73,0.04091976,0.7286,Down
225420_at,GPAM,"glycerol-3-phosphate acyltransferase, mitochondrial",-0.222,-2.058,-3.731,0.04094429,0.7286,Down
215211_at,RRN3P1,"RRN3 homolog, RNA polymerase I transcription factor pseudogene 1",-0.196,-2.058,-3.731,0.04094694,0.7286,Down
229745_x_at,DACT3,dishevelled binding antagonist of beta catenin 3,0.0889,2.058,-3.731,0.04094848,0.7286,Up
208531_at,SERPINA2,serpin family A member 2 (gene/pseudogene),0.1,2.058,-3.731,0.04095136,0.7286,Up
202158_s_at,CELF2,"CUGBP, Elav-like family member 2",0.084,2.057,-3.731,0.04097477,0.7286,Up
229521_at,CCDC71L,coiled-coil domain containing 71-like,0.163,2.057,-3.732,0.04099489,0.7286,Up
232434_at,DIRC3,disrupted in renal carcinoma 3,0.0883,2.057,-3.732,0.04100203,0.7286,Up
1553831_at,APOBEC3D,apolipoprotein B mRNA editing enzyme catalytic subunit 3D,0.0987,2.057,-3.732,0.04100935,0.7286,Up
228120_at,AGO1,"argonaute 1, RISC catalytic component",0.112,2.057,-3.732,0.0410147,0.7286,Up
201967_at,RBM6,RNA binding motif protein 6,-0.109,-2.057,-3.733,0.04106534,0.7288,Down
1554886_a_at,MLXIP,MLX interacting protein,0.135,2.056,-3.733,0.04107704,0.7288,Up
219969_at,TXLNG,taxilin gamma,-0.157,-2.056,-3.733,0.0410777,0.7288,Down
233454_at,POLN,DNA polymerase nu,0.0967,2.056,-3.733,0.04110496,0.7288,Up
212445_s_at,NEDD4L,"neural precursor cell expressed, developmentally down-regulated 4-like, E3 ubiquitin protein ligase",0.243,2.056,-3.734,0.04112479,0.7288,Up
237251_at,LRRC71,leucine rich repeat containing 71,0.0924,2.056,-3.734,0.04115403,0.7288,Up
213614_x_at,EEF1A1,eukaryotic translation elongation factor 1 alpha 1,-0.0411,-2.056,-3.734,0.04115843,0.7288,Down
210219_at,SP100,SP100 nuclear antigen,0.0902,2.055,-3.735,0.04119256,0.7288,Up
209910_at,SLC25A16,solute carrier family 25 member 16,-0.101,-2.055,-3.735,0.04121224,0.7288,Down
1560482_at,LOC105370424,uncharacterized LOC105370424,0.108,2.055,-3.735,0.04121767,0.7288,Up
219233_s_at,GSDMB,gasdermin B,-0.137,-2.055,-3.735,0.04122185,0.7288,Down
238633_at,EPC1,enhancer of polycomb homolog 1,-0.116,-2.055,-3.736,0.04123225,0.7288,Down
223546_x_at,LUC7L,LUC7 like,-0.0813,-2.054,-3.736,0.041278,0.7288,Down
201879_at,ARIH1,ariadne RBR E3 ubiquitin protein ligase 1,-0.132,-2.054,-3.737,0.04128794,0.7288,Down
210884_s_at,SPAG11A,sperm associated antigen 11A,0.0968,2.054,-3.737,0.04129571,0.7288,Up
203497_at,MED1,mediator complex subunit 1,-0.0847,-2.054,-3.737,0.04130631,0.7288,Down
222173_s_at,TBC1D2,TBC1 domain family member 2,0.137,2.054,-3.737,0.04134198,0.7288,Up
220961_s_at,TBRG4,transforming growth factor beta regulator 4,-0.145,-2.054,-3.738,0.04134543,0.7288,Down
230484_at,CHDH,choline dehydrogenase,0.0932,2.053,-3.738,0.04136783,0.7288,Up
209522_s_at,CRAT,carnitine O-acetyltransferase,0.243,2.053,-3.738,0.0413953,0.7288,Up
235897_at,COPZ2,coatomer protein complex subunit zeta 2,-0.118,-2.053,-3.739,0.04140706,0.7288,Down
1568838_at,WASIR2,WASH and IL9R antisense RNA 2,-0.13,-2.053,-3.739,0.04142887,0.7288,Down
225328_at,FBXO32,F-box protein 32,-0.216,-2.053,-3.739,0.0414474,0.7288,Down
1553811_at,FAM222A-AS1,FAM222A antisense RNA 1,0.0819,2.052,-3.74,0.0414689,0.7288,Up
206944_at,HTR6,5-hydroxytryptamine receptor 6,0.134,2.052,-3.74,0.04147223,0.7288,Up
236254_at,VPS13B,vacuolar protein sorting 13 homolog B,-0.0763,-2.052,-3.74,0.04147622,0.7288,Down
1554655_a_at,RPRML,reprimo like,0.118,2.052,-3.74,0.0414766,0.7288,Up
228119_at,LRCH3,leucine rich repeats and calponin homology domain containing 3,-0.118,-2.052,-3.74,0.04147888,0.7288,Down
221520_s_at,CDCA8,cell division cycle associated 8,-0.15,-2.052,-3.74,0.04150095,0.7288,Down
238327_at,ODF3B,outer dense fiber of sperm tails 3B,0.204,2.052,-3.741,0.04154179,0.7288,Up
208791_at,CLU,clusterin,0.28,2.052,-3.741,0.04155024,0.7288,Up
213310_at,CASC7///AGO2,"cancer susceptibility candidate 7 (non-protein coding)///argonaute 2, RISC catalytic component",0.167,2.052,-3.741,0.04155449,0.7288,Up
200765_x_at,CTNNA1,catenin alpha 1,0.117,2.051,-3.741,0.04155886,0.7288,Up
215937_at,PTGDR,prostaglandin D2 receptor,-0.199,-2.051,-3.741,0.04156012,0.7288,Down
212591_at,ARID4B///RBM34,AT-rich interaction domain 4B///RNA binding motif protein 34,-0.0831,-2.051,-3.742,0.04158608,0.7288,Down
233437_at,GABRA4,gamma-aminobutyric acid type A receptor alpha4 subunit,0.124,2.051,-3.742,0.04158622,0.7288,Up
242261_at,IREB2,iron responsive element binding protein 2,-0.234,-2.051,-3.742,0.04159289,0.7288,Down
205528_s_at,RUNX1T1,RUNX1 translocation partner 1,0.114,2.051,-3.742,0.04160015,0.7288,Up
212644_s_at,MAPK1IP1L,mitogen-activated protein kinase 1 interacting protein 1 like,-0.0767,-2.051,-3.742,0.04160895,0.7288,Down
224804_s_at,FAM219B,family with sequence similarity 219 member B,-0.0937,-2.051,-3.742,0.04161,0.7288,Down
36888_at,HAUS5,HAUS augmin like complex subunit 5,-0.118,-2.051,-3.742,0.04162512,0.7288,Down
207790_at,LRRC1,leucine rich repeat containing 1,-0.136,-2.051,-3.742,0.04162606,0.7288,Down
219129_s_at,SAP30L,SAP30 like,0.0931,2.051,-3.742,0.04163428,0.7288,Up
206750_at,MAFK,MAF bZIP transcription factor K,0.107,2.051,-3.743,0.04164817,0.7288,Up
201044_x_at,DUSP1,dual specificity phosphatase 1,0.0722,2.051,-3.743,0.0416528,0.7288,Up
212511_at,PICALM,phosphatidylinositol binding clathrin assembly protein,0.195,2.05,-3.743,0.04167282,0.7289,Up
242288_s_at,EMILIN2,elastin microfibril interfacer 2,0.0853,2.05,-3.743,0.04169406,0.7289,Up
211708_s_at,SCD,stearoyl-CoA desaturase,0.0847,2.05,-3.744,0.04170321,0.7289,Up
210188_at,GABPA,GA binding protein transcription factor alpha subunit,-0.108,-2.05,-3.744,0.0417282,0.7291,Down
1562481_at,PCBP1-AS1,PCBP1 antisense RNA 1,0.169,2.049,-3.745,0.04175999,0.7292,Up
233795_at,ODF3,outer dense fiber of sperm tails 3,0.102,2.049,-3.745,0.04181665,0.7298,Up
208189_s_at,MYO7A,myosin VIIA,0.11,2.049,-3.746,0.04182231,0.7298,Up
232655_at,UGT1A1,UDP glucuronosyltransferase family 1 member A1,0.0998,2.049,-3.746,0.04183243,0.7298,Up
204839_at,POP5,"POP5 homolog, ribonuclease P/MRP subunit",-0.152,-2.048,-3.746,0.0418707,0.7299,Down
204297_at,PIK3C3,phosphatidylinositol 3-kinase catalytic subunit type 3,0.0743,2.048,-3.746,0.04187916,0.7299,Up
232652_x_at,SCAND1,SCAN domain containing 1,0.099,2.048,-3.747,0.04192258,0.7302,Up
227494_at,NR6A1,nuclear receptor subfamily 6 group A member 1,0.148,2.048,-3.747,0.04193552,0.7302,Up
221503_s_at,KPNA3,karyopherin subunit alpha 3,-0.185,-2.048,-3.748,0.04195103,0.7302,Down
205226_at,PDGFRL,platelet derived growth factor receptor like,0.0899,2.047,-3.748,0.04197746,0.7305,Up
203003_at,MEF2D,myocyte enhancer factor 2D,0.0835,2.047,-3.749,0.04200813,0.7308,Up
1561899_at,CLECL1,C-type lectin like 1,-0.115,-2.047,-3.749,0.04202599,0.7308,Down
213585_s_at,PDCD2,programmed cell death 2,-0.0949,-2.047,-3.749,0.04203885,0.7308,Down
1558147_a_at,BAIAP2-AS1,BAIAP2 antisense RNA 1 (head to head),0.075,2.046,-3.75,0.04206591,0.7308,Up
207075_at,NLRP3,NLR family pyrin domain containing 3,0.171,2.046,-3.75,0.04207829,0.7308,Up
220184_at,NANOG,Nanog homeobox,0.182,2.046,-3.75,0.04211302,0.7311,Up
223038_s_at,FAM60A,family with sequence similarity 60 member A,-0.117,-2.046,-3.751,0.04212319,0.7311,Down
1561892_at,ZMYM6,zinc finger MYM-type containing 6,-0.142,-2.045,-3.751,0.04216405,0.7314,Down
209407_s_at,DEAF1,"DEAF1, transcription factor",0.0853,2.045,-3.751,0.04217604,0.7314,Up
201155_s_at,MFN2,mitofusin 2,0.135,2.045,-3.752,0.04222256,0.7315,Up
236854_at,LINC00494,long intergenic non-protein coding RNA 494,-0.171,-2.044,-3.753,0.04228715,0.7315,Down
215338_s_at,NKTR,natural killer cell triggering receptor,-0.0978,-2.044,-3.753,0.04229874,0.7315,Down
216409_at,ACSL6,acyl-CoA synthetase long-chain family member 6,0.0808,2.044,-3.754,0.04230573,0.7315,Up
225021_at,ZNF532,zinc finger protein 532,-0.224,-2.044,-3.754,0.04234902,0.7315,Down
244704_at,NFYB,nuclear transcription factor Y subunit beta,-0.16,-2.043,-3.755,0.04236821,0.7315,Down
201738_at,EIF1B,eukaryotic translation initiation factor 1B,0.117,2.043,-3.755,0.04237018,0.7315,Up
205377_s_at,ACHE,acetylcholinesterase (Cartwright blood group),0.1,2.043,-3.755,0.04239321,0.7315,Up
228658_at,MIAT,myocardial infarction associated transcript (non-protein coding),-0.187,-2.043,-3.755,0.0424002,0.7315,Down
210228_at,CSF2,colony stimulating factor 2,0.083,2.043,-3.755,0.04241152,0.7315,Up
226657_at,NATD1,N-acetyltransferase domain containing 1,0.117,2.043,-3.755,0.04241556,0.7315,Up
1552515_at,HIPK1,homeodomain interacting protein kinase 1,0.0911,2.043,-3.756,0.04243026,0.7315,Up
213284_at,ZFP36L1,ZFP36 ring finger protein like 1,0.0832,2.043,-3.756,0.04243839,0.7315,Up
243978_at,FAM65C,family with sequence similarity 65 member C,0.0964,2.043,-3.756,0.04243942,0.7315,Up
235780_at,PRKACB,protein kinase cAMP-activated catalytic subunit beta,-0.133,-2.043,-3.756,0.04244044,0.7315,Down
223440_at,C16orf70,chromosome 16 open reading frame 70,0.0759,2.042,-3.756,0.04246303,0.7315,Up
208491_s_at,PGM5,phosphoglucomutase 5,0.13,2.042,-3.756,0.04246861,0.7315,Up
224032_x_at,SPANXA2///SPANXA1,"SPANX family member A2///sperm protein associated with the nucleus, X-linked, family member A1",0.0746,2.042,-3.757,0.04248465,0.7315,Up
1554016_a_at,USB1,U6 snRNA biogenesis phosphodiesterase 1,0.113,2.042,-3.757,0.04254112,0.7315,Up
225301_s_at,MYO5B,myosin VB,-0.105,-2.042,-3.757,0.04254265,0.7315,Down
223847_s_at,ERGIC1,endoplasmic reticulum-golgi intermediate compartment 1,0.132,2.041,-3.758,0.0425875,0.7315,Up
244320_at,NHLRC2,NHL repeat containing 2,-0.129,-2.041,-3.759,0.04262006,0.7315,Down
215058_at,DENND5B,DENN domain containing 5B,-0.126,-2.04,-3.759,0.04265035,0.7315,Down
1558463_s_at,LMF1,lipase maturation factor 1,0.0815,2.04,-3.759,0.04266435,0.7315,Up
216333_x_at,TNXB///TNXA,tenascin XB///tenascin XA (pseudogene),0.114,2.04,-3.76,0.04269205,0.7315,Up
213970_at,RABL3,"RAB, member of RAS oncogene family like 3",-0.148,-2.04,-3.76,0.04269978,0.7315,Down
1552524_at,ART5,ADP-ribosyltransferase 5,0.0887,2.04,-3.76,0.04270026,0.7315,Up
1570371_a_at,EPT1,ethanolaminephosphotransferase 1,-0.199,-2.039,-3.761,0.04275715,0.7315,Down
230122_at,MLLT10,"myeloid/lymphoid or mixed-lineage leukemia; translocated to, 10",-0.127,-2.039,-3.761,0.04275861,0.7315,Down
226702_at,CMPK2,cytidine/uridine monophosphate kinase 2,0.299,2.039,-3.761,0.04277977,0.7315,Up
211327_x_at,HFE,hemochromatosis,0.0918,2.039,-3.762,0.04279082,0.7315,Up
1558460_at,ABCC5,ATP binding cassette subfamily C member 5,0.178,2.039,-3.762,0.04279837,0.7315,Up
225252_at,SRXN1,sulfiredoxin 1,0.186,2.039,-3.762,0.04282071,0.7315,Up
229538_s_at,IQGAP3,IQ motif containing GTPase activating protein 3,0.178,2.039,-3.762,0.04283579,0.7315,Up
213893_x_at,PMS2P9///PMS2P5,"PMS1 homolog 2, mismatch repair system component pseudogene 9///PMS1 homolog 2, mismatch repair system component pseudogene 5",-0.104,-2.039,-3.762,0.04284045,0.7315,Down
220549_at,FSBP///RAD54B,fibrinogen silencer binding protein///RAD54 homolog B (S. cerevisiae),-0.127,-2.038,-3.763,0.04285243,0.7315,Down
219634_at,CHST11,carbohydrate (chondroitin 4) sulfotransferase 11,0.188,2.038,-3.763,0.04285464,0.7315,Up
203826_s_at,PITPNM1,phosphatidylinositol transfer protein membrane associated 1,0.108,2.038,-3.763,0.04290299,0.7318,Up
1555388_s_at,SNX25,sorting nexin 25,-0.133,-2.038,-3.763,0.04291047,0.7318,Down
217419_x_at,AGRN,agrin,0.1,2.038,-3.763,0.04291098,0.7318,Up
209690_s_at,DOK4,docking protein 4,0.0822,2.038,-3.764,0.0429363,0.7318,Up
215026_x_at,SCNN1A,sodium channel epithelial 1 alpha subunit,0.0972,2.038,-3.764,0.04294716,0.7318,Up
1556498_at,FAM69A,family with sequence similarity 69 member A,-0.177,-2.037,-3.764,0.04296521,0.7318,Down
217074_at,SMOX,spermine oxidase,0.0979,2.037,-3.764,0.04296811,0.7318,Up
225020_at,DAB2IP,DAB2 interacting protein,0.112,2.037,-3.765,0.04297958,0.7318,Up
233719_s_at,TASP1,taspase 1,-0.113,-2.036,-3.766,0.04305857,0.7329,Down
213548_s_at,CDV3,CDV3 homolog,-0.16,-2.036,-3.767,0.04310124,0.733,Down
37079_at,NUS1P3,NUS1 dehydrodolichyl diphosphate synthase subunit pseudogene 3,-0.0771,-2.036,-3.767,0.0431238,0.733,Down
206517_at,CDH16,cadherin 16,0.103,2.036,-3.767,0.04313355,0.733,Up
242338_at,TMEM64,transmembrane protein 64,0.206,2.035,-3.768,0.04316289,0.733,Up
231036_at,LOC100505774,uncharacterized LOC100505774,0.102,2.035,-3.768,0.04318875,0.733,Up
215743_at,NMT2,N-myristoyltransferase 2,-0.182,-2.035,-3.768,0.043209,0.733,Down
233444_at,LOC101927620,uncharacterized LOC101927620,-0.147,-2.035,-3.768,0.04321321,0.733,Down
228188_at,FOSL2,"FOS like 2, AP-1 transcription factor subunit",0.0908,2.035,-3.769,0.04323115,0.733,Up
214273_x_at,NPRL3,"NPR3 like, GATOR1 complex subunit",0.235,2.035,-3.769,0.0432414,0.733,Up
1553660_at,HUS1B,HUS1 checkpoint clamp component B,0.0869,2.035,-3.769,0.04325228,0.733,Up
239392_s_at,POGK,pogo transposable element with KRAB domain,-0.115,-2.035,-3.769,0.04325565,0.733,Down
202436_s_at,CYP1B1,cytochrome P450 family 1 subfamily B member 1,0.2,2.034,-3.769,0.04326103,0.733,Up
205653_at,CTSG,cathepsin G,0.191,2.034,-3.769,0.04327571,0.733,Up
208372_s_at,LIMK1,LIM domain kinase 1,0.0875,2.034,-3.77,0.0432953,0.7331,Up
211417_x_at,GGT2///GGTLC1///GGTLC2///GGT1,gamma-glutamyltransferase 2///gamma-glutamyltransferase light chain 1///gamma-glutamyltransferase light chain 2///gamma-glutamyltransferase 1,0.165,2.034,-3.77,0.0433432,0.7335,Up
241762_at,FBXO32,F-box protein 32,-0.195,-2.033,-3.771,0.04339486,0.734,Down
218002_s_at,CXCL14,C-X-C motif chemokine ligand 14,0.0932,2.032,-3.772,0.04346317,0.734,Up
202208_s_at,ARL4C,ADP ribosylation factor like GTPase 4C,-0.101,-2.032,-3.772,0.04346387,0.734,Down
236906_x_at,IPO5,importin 5,0.0871,2.032,-3.773,0.04347636,0.734,Up
236816_at,NAA25,"N(alpha)-acetyltransferase 25, NatB auxiliary subunit",-0.153,-2.032,-3.773,0.04352281,0.734,Down
1562496_at,LOC339539,uncharacterized LOC339539,0.09,2.032,-3.773,0.04352615,0.734,Up
212613_at,BTN3A2,butyrophilin subfamily 3 member A2,-0.209,-2.032,-3.774,0.04355085,0.734,Down
219162_s_at,MRPL11,mitochondrial ribosomal protein L11,-0.135,-2.032,-3.774,0.04355095,0.734,Down
205005_s_at,NMT2,N-myristoyltransferase 2,-0.115,-2.032,-3.774,0.04356292,0.734,Down
201888_s_at,IL13RA1,interleukin 13 receptor subunit alpha 1,0.154,2.031,-3.774,0.04359271,0.734,Up
231033_at,DSC2,desmocollin 2,0.182,2.031,-3.775,0.04360132,0.734,Up
202878_s_at,CD93,CD93 molecule,0.142,2.031,-3.775,0.04360625,0.734,Up
219252_s_at,GEMIN8,gem nuclear organelle associated protein 8,-0.177,-2.031,-3.775,0.04361933,0.734,Down
241827_at,ZNF615,zinc finger protein 615,-0.131,-2.031,-3.775,0.04363527,0.7341,Down
206724_at,CBX4,chromobox 4,0.0898,2.03,-3.776,0.04366606,0.7344,Up
1561459_at,LOC101929526,uncharacterized LOC101929526,0.11,2.03,-3.776,0.04368237,0.7344,Up
227881_s_at,TTC39C,tetratricopeptide repeat domain 39C,-0.145,-2.03,-3.776,0.04369868,0.7344,Down
211086_x_at,NEK1,NIMA related kinase 1,-0.149,-2.03,-3.777,0.04372431,0.7344,Down
223591_at,RNF135,ring finger protein 135,0.146,2.03,-3.777,0.04373818,0.7345,Up
215423_at,MARCH6,membrane associated ring-CH-type finger 6,0.136,2.029,-3.777,0.04376917,0.7347,Up
219221_at,ZBTB38,zinc finger and BTB domain containing 38,-0.131,-2.029,-3.778,0.04378876,0.7348,Down
223252_at,HDGFRP2,hepatoma-derived growth factor-related protein 2,0.0833,2.029,-3.778,0.04379889,0.7348,Up
203622_s_at,PNO1,partner of NOB1 homolog,-0.107,-2.029,-3.778,0.04382738,0.7348,Down
239974_at,LOC728095,uncharacterized LOC728095,0.0992,2.029,-3.778,0.04383934,0.7348,Up
1552321_a_at,CCDC65,coiled-coil domain containing 65,-0.147,-2.029,-3.779,0.04385487,0.7348,Down
242648_at,KLHL8,kelch like family member 8,0.212,2.027,-3.781,0.04397734,0.7359,Up
223476_s_at,C12orf65,chromosome 12 open reading frame 65,-0.106,-2.027,-3.781,0.0439912,0.7359,Down
221958_s_at,WLS,wntless Wnt ligand secretion mediator,0.205,2.027,-3.781,0.04399907,0.7359,Up
216899_s_at,SKAP2,src kinase associated phosphoprotein 2,0.168,2.027,-3.782,0.04406878,0.736,Up
209288_s_at,CDC42EP3,CDC42 effector protein 3,0.109,2.027,-3.782,0.04407532,0.736,Up
205512_s_at,AIFM1,"apoptosis inducing factor, mitochondria associated 1",-0.0716,-2.026,-3.782,0.04409813,0.736,Down
205196_s_at,AP1S1,adaptor related protein complex 1 sigma 1 subunit,0.102,2.026,-3.783,0.04409868,0.736,Up
228442_at,NFATC2,nuclear factor of activated T-cells 2,-0.151,-2.026,-3.783,0.04414838,0.736,Down
219259_at,SEMA4A,semaphorin 4A,0.187,2.026,-3.783,0.04415227,0.736,Up
227198_at,AFF3,AF4/FMR2 family member 3,-0.189,-2.026,-3.783,0.04415582,0.736,Down
222991_s_at,UBQLN1,ubiquilin 1,0.118,2.026,-3.783,0.04415953,0.736,Up
214938_x_at,HMGB1,high mobility group box 1,-0.0561,-2.026,-3.784,0.04417376,0.736,Down
202760_s_at,PALM2-AKAP2///AKAP2,PALM2-AKAP2 readthrough///A-kinase anchoring protein 2,-0.147,-2.026,-3.784,0.04417864,0.736,Down
236043_at,LOC100130175///BBIP1,uncharacterized LOC100130175///BBSome interacting protein 1,-0.101,-2.025,-3.784,0.04419032,0.736,Down
41387_r_at,KDM6B,lysine demethylase 6B,0.0907,2.025,-3.784,0.04421802,0.736,Up
227655_at,SNHG18,small nucleolar RNA host gene 18,0.0912,2.025,-3.784,0.04421935,0.736,Up
236284_at,SPIDR,scaffolding protein involved in DNA repair,0.0997,2.025,-3.784,0.04422136,0.736,Up
219786_at,TESMIN,testis expressed metallothionein like protein,0.151,2.025,-3.785,0.04427478,0.7365,Up
823_at,CX3CL1,C-X3-C motif chemokine ligand 1,0.0902,2.024,-3.786,0.0442887,0.7365,Up
236461_at,ABHD1,abhydrolase domain containing 1,0.111,2.024,-3.786,0.04433725,0.737,Up
235993_at,PSMF1,proteasome inhibitor subunit 1,0.207,2.024,-3.787,0.0443824,0.7373,Up
232725_s_at,MS4A6A,membrane spanning 4-domains A6A,0.0781,2.023,-3.787,0.04439248,0.7373,Up
220311_at,N6AMT1,N-6 adenine-specific DNA methyltransferase 1 (putative),-0.111,-2.023,-3.788,0.04442909,0.7376,Down
230050_at,NACC2,NACC family member 2,0.0984,2.023,-3.788,0.04444535,0.7376,Up
205306_x_at,KMO,kynurenine 3-monooxygenase (kynurenine 3-hydroxylase),-0.168,-2.023,-3.788,0.04447571,0.7376,Down
218430_s_at,RFX7,regulatory factor X7,-0.145,-2.023,-3.788,0.04447859,0.7376,Down
220952_s_at,PLEKHA5,pleckstrin homology domain containing A5,-0.237,-2.022,-3.789,0.04451508,0.7378,Down
1569337_at,SLC5A9,solute carrier family 5 member 9,0.151,2.022,-3.79,0.04456162,0.7378,Up
1562388_at,LOC285819,uncharacterized LOC285819,0.112,2.022,-3.79,0.04456596,0.7378,Up
218569_s_at,KBTBD4,kelch repeat and BTB domain containing 4,-0.074,-2.021,-3.791,0.04463174,0.7378,Down
206767_at,RBMS3,RNA binding motif single stranded interacting protein 3,0.081,2.021,-3.791,0.04463569,0.7378,Up
239492_at,SEC14L4,SEC14 like lipid binding 4,0.138,2.021,-3.791,0.0446426,0.7378,Up
206300_s_at,PTHLH,parathyroid hormone like hormone,0.0946,2.021,-3.791,0.04464345,0.7378,Up
37566_at,PHF24,PHD finger protein 24,0.143,2.021,-3.791,0.04464454,0.7378,Up
238070_at,CHD1L,chromodomain helicase DNA binding protein 1 like,-0.165,-2.021,-3.792,0.04468328,0.738,Down
203107_x_at,SNORA64///RPS2,"small nucleolar RNA, H/ACA box 64///ribosomal protein S2",-0.0552,-2.021,-3.792,0.04468984,0.738,Down
215332_s_at,LOC100996919///CD8B,putative T-cell surface glycoprotein CD8 beta-2 chain-like///CD8b molecule,-0.307,-2.02,-3.792,0.04470487,0.738,Down
1560686_at,ITGAD,integrin subunit alpha D,0.106,2.02,-3.792,0.04473461,0.7381,Up
223382_s_at,ZNRF1,"zinc and ring finger 1, E3 ubiquitin protein ligase",0.106,2.02,-3.793,0.04475034,0.7381,Up
219629_at,FAM118A,family with sequence similarity 118 member A,-0.386,-2.02,-3.793,0.04475812,0.7381,Down
211329_x_at,HFE,hemochromatosis,0.0778,2.019,-3.794,0.04484317,0.7381,Up
219469_at,DYNC2H1,dynein cytoplasmic 2 heavy chain 1,-0.132,-2.019,-3.794,0.04485599,0.7381,Down
206841_at,PDE6H,phosphodiesterase 6H,0.151,2.019,-3.795,0.04487894,0.7381,Up
224777_s_at,PAFAH1B2,platelet activating factor acetylhydrolase 1b catalytic subunit 2,-0.0649,-2.018,-3.796,0.04494132,0.7381,Down
243142_at,FGD6,"FYVE, RhoGEF and PH domain containing 6",0.0894,2.018,-3.796,0.0449468,0.7381,Up
202608_s_at,NDST1,N-deacetylase and N-sulfotransferase 1,0.102,2.018,-3.796,0.04495793,0.7381,Up
224903_at,UTP4,"UTP4, small subunit processome component",-0.144,-2.018,-3.796,0.04497181,0.7381,Down
213032_at,NFIB,nuclear factor I B,0.272,2.018,-3.796,0.04497228,0.7381,Up
1569318_at,LINC00663,long intergenic non-protein coding RNA 663,-0.209,-2.018,-3.797,0.0450015,0.7381,Down
237056_at,INSC,inscuteable homolog (Drosophila),0.251,2.017,-3.797,0.0450296,0.7381,Up
238959_at,LARP4,La ribonucleoprotein domain family member 4,-0.151,-2.017,-3.797,0.04503885,0.7381,Down
210007_s_at,GPD2,glycerol-3-phosphate dehydrogenase 2,0.107,2.017,-3.797,0.04505571,0.7381,Up
232498_at,MROH1,maestro heat like repeat family member 1,-0.156,-2.017,-3.798,0.04506168,0.7381,Down
229075_at,SPATA5,spermatogenesis associated 5,-0.205,-2.017,-3.798,0.0450772,0.7381,Down
1569956_at,MYLK,myosin light chain kinase,-0.123,-2.017,-3.798,0.04507846,0.7381,Down
210904_s_at,IL13RA1,interleukin 13 receptor subunit alpha 1,0.166,2.017,-3.798,0.04509843,0.7381,Up
225796_at,PXK,PX domain containing serine/threonine kinase like,0.206,2.017,-3.798,0.04509983,0.7381,Up
204306_s_at,CD151,CD151 molecule (Raph blood group),0.121,2.017,-3.798,0.0451051,0.7381,Up
203769_s_at,STS,"steroid sulfatase (microsomal), isozyme S",0.128,2.017,-3.798,0.04510781,0.7381,Up
204115_at,GNG11,G protein subunit gamma 11,0.22,2.016,-3.799,0.04517936,0.7381,Up
217788_s_at,GALNT2,polypeptide N-acetylgalactosaminyltransferase 2,0.103,2.016,-3.8,0.04519906,0.7381,Up
217964_at,TTC19,tetratricopeptide repeat domain 19,-0.0923,-2.016,-3.8,0.04520481,0.7381,Down
207704_s_at,GAS7,growth arrest specific 7,0.161,2.015,-3.8,0.04523996,0.7381,Up
235710_at,VPS53,"VPS53, GARP complex subunit",-0.154,-2.015,-3.8,0.04524369,0.7381,Down
209466_x_at,PTN,pleiotrophin,0.0865,2.015,-3.801,0.04526167,0.7381,Up
228008_at,ARID3A,AT-rich interaction domain 3A,0.115,2.015,-3.801,0.04526189,0.7381,Up
213831_at,LOC100509457///HLA-DQA1,"HLA class II histocompatibility antigen, DQ alpha 1 chain-like///major histocompatibility complex, class II, DQ alpha 1",-1.08,-2.015,-3.801,0.04527031,0.7381,Down
201970_s_at,NASP,nuclear autoantigenic sperm protein,-0.0956,-2.015,-3.802,0.04532703,0.7381,Down
235549_at,RNF144B,ring finger protein 144B,0.193,2.015,-3.802,0.04532913,0.7381,Up
1566339_at,SNORD8,"small nucleolar RNA, C/D box 8",-0.188,-2.014,-3.802,0.04534405,0.7381,Down
209818_s_at,HABP4,hyaluronan binding protein 4,-0.12,-2.014,-3.802,0.04534458,0.7381,Down
222614_at,RWDD2B,RWD domain containing 2B,-0.151,-2.014,-3.802,0.04534685,0.7381,Down
222904_s_at,TMC5,transmembrane channel like 5,0.159,2.014,-3.802,0.04535035,0.7381,Up
206213_at,WNT10B,Wnt family member 10B,-0.137,-2.014,-3.802,0.0453506,0.7381,Down
203034_s_at,SNORA3A///RPL27A,"small nucleolar RNA, H/ACA box 3A///ribosomal protein L27a",-0.0438,-2.014,-3.802,0.045357,0.7381,Down
1553313_s_at,SLC5A3,solute carrier family 5 member 3,-0.146,-2.014,-3.802,0.04537745,0.7381,Down
204501_at,NOV,nephroblastoma overexpressed,0.155,2.014,-3.803,0.04539541,0.7381,Up
226935_s_at,CLPTM1L,CLPTM1 like,0.0734,2.014,-3.803,0.0454014,0.7381,Up
1566099_at,CD6,CD6 molecule,0.104,2.013,-3.804,0.04545981,0.7381,Up
214329_x_at,TNFSF10,tumor necrosis factor superfamily member 10,0.182,2.013,-3.804,0.04547198,0.7381,Up
212975_at,DENND3,DENN domain containing 3,0.136,2.013,-3.804,0.04548324,0.7381,Up
219517_at,ELL3,elongation factor for RNA polymerase II 3,-0.123,-2.013,-3.804,0.04549059,0.7381,Down
209147_s_at,PLPP1,phospholipid phosphatase 1,-0.144,-2.013,-3.804,0.04550856,0.7381,Down
219151_s_at,RABL2A///RABL2B,"RAB, member of RAS oncogene family-like 2A///RAB, member of RAS oncogene family-like 2B",-0.0889,-2.013,-3.805,0.04552605,0.7381,Down
211102_s_at,LILRA2,leukocyte immunoglobulin like receptor A2,0.168,2.012,-3.805,0.04555904,0.7381,Up
1560897_a_at,KRTAP10-11,keratin associated protein 10-11,0.1,2.012,-3.805,0.04557576,0.7381,Up
91684_g_at,EXOSC4,exosome component 4,0.0698,2.012,-3.806,0.04558184,0.7381,Up
238638_at,SLC37A2,solute carrier family 37 member 2,0.126,2.012,-3.806,0.04558727,0.7381,Up
208124_s_at,SEMA4F,ssemaphorin 4F,0.091,2.012,-3.806,0.04560018,0.7381,Up
227699_at,L3HYPDH,trans-L-3-hydroxyproline dehydratase,-0.101,-2.012,-3.806,0.04560744,0.7381,Down
203160_s_at,RNF8,ring finger protein 8,-0.127,-2.012,-3.806,0.04561566,0.7381,Down
208621_s_at,EZR,ezrin,-0.196,-2.012,-3.806,0.04561636,0.7381,Down
229519_at,FXR1,FMR1 autosomal homolog 1,-0.147,-2.012,-3.806,0.04561669,0.7381,Down
212808_at,NFATC2IP,nuclear factor of activated T-cells 2 interacting protein,-0.14,-2.012,-3.806,0.04561748,0.7381,Down
212742_at,RNF115,ring finger protein 115,-0.0914,-2.012,-3.806,0.04562159,0.7381,Down
1564709_at,LOC286238,uncharacterized LOC286238,0.0851,2.012,-3.806,0.04562906,0.7381,Up
1568629_s_at,PIK3R2,phosphoinositide-3-kinase regulatory subunit 2,0.126,2.011,-3.807,0.04569216,0.7386,Up
201623_s_at,DARS,aspartyl-tRNA synthetase,-0.0928,-2.011,-3.807,0.04570812,0.7386,Down
1552611_a_at,JAK1,Janus kinase 1,-0.106,-2.011,-3.808,0.04571197,0.7386,Down
200663_at,CD63,CD63 molecule,0.14,2.01,-3.809,0.04577931,0.7394,Up
236811_at,DMRTC2,DMRT like family C2,0.226,2.01,-3.809,0.0457889,0.7394,Up
223987_at,CHRDL2,chordin like 2,0.0871,2.01,-3.809,0.04582362,0.7395,Up
232463_at,LINC00685,long intergenic non-protein coding RNA 685,-0.122,-2.01,-3.809,0.04582668,0.7395,Down
220863_at,MIP,major intrinsic protein of lens fiber,0.101,2.009,-3.811,0.04591275,0.7397,Up
202217_at,C21orf33,chromosome 21 open reading frame 33,-0.067,-2.009,-3.811,0.04592871,0.7397,Down
202431_s_at,MYC,v-myc avian myelocytomatosis viral oncogene homolog,-0.179,-2.009,-3.811,0.04594122,0.7397,Down
244749_at,LOC101927204,uncharacterized LOC101927204,-0.149,-2.009,-3.811,0.04594251,0.7397,Down
234920_at,ZNF7,zinc finger protein 7,-0.181,-2.009,-3.811,0.04596854,0.7397,Down
45297_at,EHD2,EH domain containing 2,0.13,2.008,-3.812,0.04600303,0.7397,Up
213533_at,NSG1,neuron specific gene family member 1,-0.123,-2.008,-3.812,0.04603727,0.7397,Down
211287_x_at,CSF2RA,colony stimulating factor 2 receptor alpha subunit,0.13,2.008,-3.813,0.04605947,0.7397,Up
207510_at,BDKRB1,bradykinin receptor B1,0.106,2.007,-3.813,0.04608272,0.7397,Up
225990_at,BOC,"BOC cell adhesion associated, oncogene regulated",-0.155,-2.007,-3.813,0.04608628,0.7397,Down
221378_at,CER1,"cerberus 1, DAN family BMP antagonist",0.0981,2.007,-3.813,0.04610143,0.7397,Up
232790_at,RNASEH1-AS1,RNASEH1 antisense RNA 1,-0.134,-2.007,-3.814,0.04611599,0.7397,Down
212882_at,KLHL18,kelch like family member 18,0.0625,2.007,-3.814,0.04612341,0.7397,Up
243358_at,IGF1R,insulin like growth factor 1 receptor,0.149,2.007,-3.814,0.04613549,0.7397,Up
209727_at,GM2A,GM2 ganglioside activator,0.141,2.007,-3.814,0.04616336,0.7397,Up
232603_at,DCDC5///DCDC1,doublecortin domain containing 5///doublecortin domain containing 1,-0.0716,-2.007,-3.814,0.04616543,0.7397,Down
225124_at,PPP1R9B,protein phosphatase 1 regulatory subunit 9B,0.0835,2.007,-3.815,0.04617448,0.7397,Up
200760_s_at,ARL6IP5,ADP ribosylation factor like GTPase 6 interacting protein 5,-0.0966,-2.006,-3.815,0.04619343,0.7398,Down
209226_s_at,TNPO1,transportin 1,-0.0426,-2.006,-3.816,0.04626595,0.7404,Down
1554391_at,LOC653581,uncharacterized LOC653581,0.103,2.006,-3.816,0.04627058,0.7404,Up
1555695_a_at,CLRN1,clarin 1,0.104,2.005,-3.817,0.04635674,0.7408,Up
204887_s_at,PLK4,polo like kinase 4,-0.0861,-2.005,-3.817,0.04637058,0.7408,Down
205425_at,HIP1,huntingtin interacting protein 1,0.244,2.005,-3.818,0.04637612,0.7408,Up
219908_at,DKK2,dickkopf WNT signaling pathway inhibitor 2,-0.107,-2.005,-3.818,0.04638967,0.7408,Down
1558586_at,ZNF33B,zinc finger protein 33B,-0.158,-2.004,-3.818,0.04642127,0.7408,Down
210882_s_at,TRO,trophinin,0.104,2.004,-3.818,0.04642989,0.7408,Up
207826_s_at,ID3,"inhibitor of DNA binding 3, HLH protein",-0.113,-2.004,-3.818,0.04643301,0.7408,Down
217118_s_at,KIAA0930,KIAA0930,0.109,2.004,-3.819,0.04645646,0.7409,Up
211194_s_at,TP63,tumor protein p63,0.0834,2.004,-3.819,0.04647876,0.7409,Up
244703_x_at,IPO9,importin 9,-0.195,-2.004,-3.819,0.04649463,0.7409,Down
236297_at,PLXDC2,plexin domain containing 2,0.171,2.003,-3.82,0.04651048,0.7409,Up
206626_x_at,SSX1,SSX family member 1,0.11,2.003,-3.82,0.04653297,0.7409,Up
239254_at,CCDC40,coiled-coil domain containing 40,0.0832,2.003,-3.821,0.04657639,0.7411,Up
210370_s_at,LY9,lymphocyte antigen 9,-0.174,-2.003,-3.821,0.04658882,0.7411,Down
227542_at,SOCS6,suppressor of cytokine signaling 6,-0.134,-2.002,-3.821,0.04663191,0.7416,Down
227798_at,SMAD1,SMAD family member 1,0.227,2.002,-3.822,0.04667696,0.7421,Up
232612_s_at,ATG16L1,autophagy related 16 like 1,-0.0856,-2.002,-3.822,0.04670772,0.7421,Down
207230_at,CDON,"cell adhesion associated, oncogene regulated",-0.0871,-2.002,-3.823,0.04671955,0.7421,Down
214092_x_at,SUGP2,SURP and G-patch domain containing 2,-0.0704,-2.001,-3.823,0.0467374,0.7421,Down
1555659_a_at,TREML1,triggering receptor expressed on myeloid cells like 1,0.219,2.001,-3.823,0.04674006,0.7421,Up
237776_at,ZADH2,zinc binding alcohol dehydrogenase domain containing 2,-0.165,-2.001,-3.823,0.04674465,0.7421,Down
200771_at,LAMC1,laminin subunit gamma 1,0.161,2.001,-3.824,0.04679864,0.7421,Up
200835_s_at,MAP4,microtubule associated protein 4,-0.129,-2.001,-3.824,0.04682313,0.7421,Down
236478_at,IFNAR1,interferon alpha and beta receptor subunit 1,0.0895,2.0,-3.825,0.04684972,0.7421,Up
213889_at,PIGL,phosphatidylinositol glycan anchor biosynthesis class L,-0.141,-2.0,-3.825,0.04685632,0.7421,Down
221980_at,EMILIN2,elastin microfibril interfacer 2,0.121,2.0,-3.825,0.04685927,0.7421,Up
209767_s_at,SEPT5-GP1BB///SEPT5///GP1BB,SEPT5-GP1BB readthrough///septin 5///glycoprotein Ib platelet beta subunit,0.106,2.0,-3.825,0.04686764,0.7421,Up
1565693_at,DTYMK,deoxythymidylate kinase,-0.178,-2.0,-3.825,0.04687006,0.7421,Down
1569021_at,PIK3C2A,phosphatidylinositol-4-phosphate 3-kinase catalytic subunit type 2 alpha,-0.0641,-2.0,-3.825,0.04688031,0.7421,Down
1565406_a_at,LHX9,LIM homeobox 9,0.0862,2.0,-3.826,0.04692136,0.7422,Up
35820_at,GM2A,GM2 ganglioside activator,0.146,2.0,-3.826,0.04692366,0.7422,Up
209094_at,DDAH1,dimethylarginine dimethylaminohydrolase 1,0.15,2.0,-3.826,0.04693268,0.7422,Up
207593_at,ABCG4,ATP binding cassette subfamily G member 4,0.0882,1.999,-3.826,0.04696039,0.7422,Up
224767_at,LOC100506548///RPL37,uncharacterized LOC100506548///ribosomal protein L37,-0.0977,-1.999,-3.827,0.04698241,0.7422,Down
1558234_at,KCNJ2-AS1,KCNJ2 antisense RNA 1 (head to head),0.173,1.999,-3.827,0.04704063,0.7422,Up
211576_s_at,SLC19A1,solute carrier family 19 member 1,0.11,1.998,-3.828,0.0470697,0.7422,Up
224879_at,TMEM261,transmembrane protein 261,-0.105,-1.998,-3.828,0.04707504,0.7422,Down
1570239_a_at,CLNK,cytokine dependent hematopoietic cell linker,-0.0659,-1.998,-3.828,0.0471133,0.7422,Down
227061_at,LINC01279,long intergenic non-protein coding RNA 1279,0.103,1.998,-3.828,0.04711332,0.7422,Up
214431_at,GMPS,guanine monophosphate synthase,-0.0802,-1.998,-3.829,0.04713856,0.7422,Down
221895_at,MOSPD2,motile sperm domain containing 2,0.0919,1.998,-3.829,0.04713994,0.7422,Up
235080_at,CLUAP1,clusterin associated protein 1,-0.112,-1.998,-3.829,0.0471413,0.7422,Down
220250_at,ZNF286A,zinc finger protein 286A,-0.104,-1.998,-3.829,0.04714686,0.7422,Down
206118_at,STAT4,signal transducer and activator of transcription 4,-0.152,-1.997,-3.829,0.04716737,0.7422,Down
226552_at,IER5L,immediate early response 5 like,0.109,1.997,-3.829,0.04717608,0.7422,Up
1558745_at,SNX29,sorting nexin 29,-0.228,-1.997,-3.83,0.04719289,0.7422,Down
240211_at,LOC100130468///APCDD1,uncharacterized LOC100130468///APC down-regulated 1,0.0816,1.997,-3.83,0.04719563,0.7422,Up
216667_at,ECRP,ribonuclease A family member 2 pseudogene,0.203,1.997,-3.83,0.04720851,0.7422,Up
221090_s_at,OGFOD1,2-oxoglutarate and iron dependent oxygenase domain containing 1,-0.0766,-1.997,-3.83,0.04722393,0.7422,Down
202895_s_at,SIRPA,signal regulatory protein alpha,0.146,1.997,-3.831,0.04725652,0.7422,Up
227177_at,CORO2A,coronin 2A,0.151,1.997,-3.831,0.04726329,0.7422,Up
242663_at,LINC00662,long intergenic non-protein coding RNA 662,0.145,1.996,-3.831,0.0472818,0.7422,Up
239916_at,CFAP52,cilia and flagella associated protein 52,0.0739,1.996,-3.831,0.04729072,0.7422,Up
220132_s_at,CLEC2D,C-type lectin domain family 2 member D,-0.145,-1.996,-3.831,0.04731594,0.7422,Down
232008_s_at,BBX,"BBX, HMG-box containing",-0.0843,-1.996,-3.831,0.04731672,0.7422,Down
201936_s_at,EIF4G3,eukaryotic translation initiation factor 4 gamma 3,0.0973,1.996,-3.832,0.04732667,0.7422,Up
233344_x_at,WDR97,WD repeat domain 97,0.0896,1.996,-3.832,0.04733957,0.7422,Up
208049_s_at,TACR1,tachykinin receptor 1,-0.0805,-1.996,-3.832,0.04737905,0.7422,Down
225610_at,UHRF2,ubiquitin like with PHD and ring finger domains 2,-0.0741,-1.995,-3.833,0.0473884,0.7422,Down
207184_at,SLC6A13,solute carrier family 6 member 13,0.0885,1.995,-3.833,0.04739195,0.7422,Up
211648_at,IGHM///IGHG1,immunoglobulin heavy constant mu///immunoglobulin heavy constant gamma 1 (G1m marker),0.0991,1.995,-3.833,0.04739935,0.7422,Up
244461_at,SPECC1,sperm antigen with calponin homology and coiled-coil domains 1,0.189,1.995,-3.833,0.04740113,0.7422,Up
218801_at,UGGT2,UDP-glucose glycoprotein glucosyltransferase 2,0.126,1.995,-3.833,0.04743545,0.7423,Up
200665_s_at,SPARC,secreted protein acidic and cysteine rich,0.197,1.995,-3.834,0.04747182,0.7426,Up
1560081_at,RAD51-AS1,RAD51 antisense RNA 1 (head to head),-0.107,-1.994,-3.835,0.04756031,0.7428,Down
214269_at,MFSD7,major facilitator superfamily domain containing 7,0.115,1.994,-3.835,0.04758393,0.7428,Up
211686_s_at,MAK16,MAK16 homolog,-0.122,-1.993,-3.836,0.04760958,0.7428,Down
214908_s_at,TRRAP,transformation/transcription domain associated protein,-0.109,-1.993,-3.836,0.04761894,0.7428,Down
243611_at,MICALCL,MICAL C-terminal like,0.135,1.993,-3.836,0.04762014,0.7428,Up
233641_s_at,FAM167A,family with sequence similarity 167 member A,0.101,1.992,-3.838,0.04773218,0.7429,Up
229586_at,CHD9,chromodomain helicase DNA binding protein 9,-0.0739,-1.992,-3.838,0.04775996,0.7429,Down
237591_at,LINC00173,long intergenic non-protein coding RNA 173,0.165,1.992,-3.838,0.04776641,0.7429,Up
207768_at,EGR4,early growth response 4,0.096,1.992,-3.838,0.04776756,0.7429,Up
213996_at,YPEL1,yippee like 1,-0.122,-1.992,-3.838,0.04777713,0.7429,Down
219314_s_at,ZNF219,zinc finger protein 219,0.0833,1.992,-3.838,0.04778856,0.7429,Up
1558093_s_at,SNHG4///MATR3,small nucleolar RNA host gene 4///matrin 3,-0.195,-1.992,-3.838,0.04779641,0.7429,Down
224406_s_at,FCRL5,Fc receptor like 5,-0.245,-1.992,-3.838,0.04779815,0.7429,Down
221163_s_at,MLXIPL,MLX interacting protein like,0.0917,1.992,-3.839,0.04780746,0.7429,Up
222907_x_at,TMEM50B,transmembrane protein 50B,-0.188,-1.991,-3.839,0.04782884,0.7429,Down
218944_at,PYCRL,pyrroline-5-carboxylate reductase-like,0.11,1.991,-3.839,0.04783318,0.7429,Up
202430_s_at,PLSCR1,phospholipid scramblase 1,0.236,1.991,-3.839,0.04783935,0.7429,Up
222961_at,SERINC2,serine incorporator 2,0.0949,1.991,-3.84,0.04787826,0.7429,Up
217042_at,RDH11,retinol dehydrogenase 11 (all-trans/9-cis/11-cis),-0.122,-1.991,-3.84,0.04789098,0.7429,Down
204861_s_at,NAIP,NLR family apoptosis inhibitory protein,0.192,1.991,-3.84,0.04792337,0.7429,Up
217959_s_at,MIR3656///TRAPPC4,microRNA 3656///trafficking protein particle complex 4,-0.119,-1.991,-3.84,0.04792454,0.7429,Down
224791_at,ASAP1,"ArfGAP with SH3 domain, ankyrin repeat and PH domain 1",0.0878,1.991,-3.84,0.04792908,0.7429,Up
64371_at,SUGP2,SURP and G-patch domain containing 2,-0.132,-1.99,-3.84,0.04793524,0.7429,Down
228840_at,AMOTL1,angiomotin like 1,0.0917,1.99,-3.841,0.04796221,0.7429,Up
202160_at,CREBBP,CREB binding protein,0.0814,1.99,-3.841,0.04797291,0.7429,Up
221167_s_at,CCDC70,coiled-coil domain containing 70,0.102,1.99,-3.841,0.04798685,0.7429,Up
220642_x_at,GPR89A///GPR89B,G protein-coupled receptor 89A///G protein-coupled receptor 89B,-0.0868,-1.99,-3.841,0.04799496,0.7429,Down
200021_at,CFL1,cofilin 1,0.0415,1.99,-3.841,0.04800372,0.7429,Up
207433_at,IL10,interleukin 10,0.0975,1.99,-3.842,0.04801707,0.7429,Up
232426_at,SV2B,synaptic vesicle glycoprotein 2B,0.0955,1.989,-3.842,0.04807241,0.7429,Up
218470_at,YARS2,tyrosyl-tRNA synthetase 2,-0.0855,-1.989,-3.843,0.04808051,0.7429,Down
1568722_at,LOC101928909,uncharacterized LOC101928909,0.126,1.989,-3.843,0.04809042,0.7429,Up
205485_at,RYR1,ryanodine receptor 1,-0.169,-1.989,-3.843,0.04811506,0.7429,Down
230596_at,KALRN,"kalirin, RhoGEF kinase",0.102,1.989,-3.843,0.0481165,0.7429,Up
210043_at,FRMD8,FERM domain containing 8,0.0988,1.989,-3.843,0.04811722,0.7429,Up
230323_s_at,TMEM45B,transmembrane protein 45B,0.223,1.989,-3.843,0.04811953,0.7429,Up
1566455_at,LOC100507494,uncharacterized LOC100507494,0.113,1.989,-3.844,0.04814462,0.7429,Up
202575_at,CRABP2,cellular retinoic acid binding protein 2,0.0843,1.989,-3.844,0.04815528,0.7429,Up
240311_at,NANOS3,nanos C2HC-type zinc finger 3,0.1,1.988,-3.844,0.04817624,0.743,Up
238849_at,ACY1,aminoacylase 1,0.0956,1.988,-3.844,0.0482023,0.7431,Up
232065_x_at,CENPL,centromere protein L,-0.0819,-1.988,-3.845,0.04822056,0.7431,Down
1570397_x_at,LOC101928910///FAM66C,uncharacterized LOC101928910///family with sequence similarity 66 member C,-0.103,-1.988,-3.845,0.04822197,0.7431,Down
200983_x_at,CD59,CD59 molecule,0.189,1.987,-3.846,0.04831723,0.7435,Up
230071_at,SEPT11,septin 11,-0.139,-1.987,-3.846,0.04831934,0.7435,Down
225115_at,HIPK2,homeodomain interacting protein kinase 2,-0.146,-1.987,-3.846,0.04832756,0.7435,Down
34846_at,CAMK2B,calcium/calmodulin dependent protein kinase II beta,0.0826,1.987,-3.846,0.04834264,0.7435,Up
228519_x_at,CIRBP,cold inducible RNA binding protein,-0.0872,-1.987,-3.846,0.04835048,0.7435,Down
223713_at,RSPH3,radial spoke 3 homolog,0.115,1.987,-3.847,0.04836197,0.7435,Up
225452_at,MED1,mediator complex subunit 1,-0.103,-1.987,-3.847,0.04837142,0.7435,Down
226846_at,PHYHD1,phytanoyl-CoA dioxygenase domain containing 1,0.083,1.986,-3.847,0.04838432,0.7435,Up
208832_at,ATXN10,ataxin 10,-0.102,-1.986,-3.848,0.04844477,0.744,Down
220215_at,ZNF669,zinc finger protein 669,-0.128,-1.986,-3.848,0.04846225,0.7441,Down
228349_at,KIAA1958,KIAA1958,0.154,1.985,-3.849,0.04851844,0.7447,Up
243245_at,LOC100506446,uncharacterized LOC100506446,0.0857,1.985,-3.85,0.04856332,0.7452,Up
217204_at,MTRF1L,mitochondrial translational release factor 1 like,-0.0999,-1.984,-3.85,0.04860507,0.7456,Down
203714_s_at,TBCE,tubulin folding cofactor E,-0.139,-1.984,-3.851,0.04864447,0.7458,Down
202971_s_at,DYRK2,dual specificity tyrosine phosphorylation regulated kinase 2,-0.171,-1.984,-3.851,0.04867528,0.746,Down
203324_s_at,CAV2,caveolin 2,0.161,1.984,-3.852,0.04871522,0.746,Up
205217_at,TIMM8A,translocase of inner mitochondrial membrane 8 homolog A (yeast),-0.125,-1.983,-3.852,0.04872393,0.746,Down
238819_at,ZNF347,zinc finger protein 347,-0.157,-1.983,-3.852,0.04876545,0.7461,Down
1552788_a_at,HELB,DNA helicase B,-0.127,-1.983,-3.852,0.04877137,0.7461,Down
204460_s_at,RAD1,RAD1 checkpoint DNA exonuclease,-0.156,-1.983,-3.853,0.04878361,0.7461,Down
205135_s_at,NUFIP1,"NUFIP1, FMR1 interacting protein 1",-0.119,-1.983,-3.853,0.04880184,0.7462,Down
227558_at,CBX4,chromobox 4,0.161,1.982,-3.854,0.04886971,0.7468,Up
205936_s_at,HK3,hexokinase 3,0.145,1.982,-3.854,0.04888013,0.7468,Up
206464_at,BMX,BMX non-receptor tyrosine kinase,0.19,1.982,-3.854,0.04888808,0.7468,Up
218013_x_at,DCTN4,dynactin subunit 4,0.141,1.982,-3.855,0.04892603,0.747,Up
218395_at,ACTR6,ARP6 actin-related protein 6 homolog,-0.238,-1.981,-3.855,0.04894731,0.747,Down
219983_at,HRASLS,HRAS like suppressor,0.115,1.981,-3.855,0.04895917,0.747,Up
229821_at,LRRC37A4P,"leucine rich repeat containing 37 member A4, pseudogene",-0.249,-1.981,-3.855,0.04897591,0.747,Down
204068_at,STK3,serine/threonine kinase 3,0.206,1.981,-3.855,0.048982,0.747,Up
219444_at,BCORL1,BCL6 corepressor-like 1,0.101,1.981,-3.856,0.04900036,0.7471,Up
1554259_at,GPSM1,G-protein signaling modulator 1,0.098,1.981,-3.856,0.04902532,0.7473,Up
206868_at,STARD8,StAR related lipid transfer domain containing 8,0.092,1.98,-3.858,0.04913848,0.7478,Up
203988_s_at,FUT8,fucosyltransferase 8,-0.249,-1.98,-3.858,0.04915305,0.7478,Down
1562909_at,LINC00862,long intergenic non-protein coding RNA 862,0.146,1.979,-3.858,0.04918477,0.7478,Up
219940_s_at,PCID2,PCI domain containing 2,-0.121,-1.979,-3.858,0.04918879,0.7478,Down
208176_at,DUX1,double homeobox 1,0.0803,1.979,-3.859,0.04920086,0.7478,Up
1554912_at,ESYT3,extended synaptotagmin 3,0.0902,1.979,-3.859,0.0492234,0.7478,Up
203717_at,DPP4,dipeptidyl peptidase 4,-0.128,-1.979,-3.859,0.04922937,0.7478,Down
201307_at,SEPT11,septin 11,-0.117,-1.979,-3.859,0.04923588,0.7478,Down
221186_at,LOC100131532,uncharacterized LOC100131532,0.0812,1.979,-3.859,0.0492501,0.7478,Up
1558400_x_at,ANKRD24,ankyrin repeat domain 24,0.0851,1.979,-3.859,0.04925056,0.7478,Up
1555788_a_at,TRIB3,tribbles pseudokinase 3,0.0988,1.979,-3.859,0.04925916,0.7478,Up
207700_s_at,NCOA3,nuclear receptor coactivator 3,-0.0894,-1.979,-3.859,0.04926296,0.7478,Down
1552970_s_at,ZMYM6,zinc finger MYM-type containing 6,-0.153,-1.978,-3.86,0.04929453,0.7478,Down
211542_x_at,RPS10,ribosomal protein S10,-0.135,-1.978,-3.86,0.0493025,0.7478,Down
39650_s_at,PCNX2,pecanex homolog 2 (Drosophila),-0.11,-1.978,-3.86,0.04930712,0.7478,Down
207445_s_at,CCR9,C-C motif chemokine receptor 9,-0.136,-1.978,-3.86,0.04932385,0.7478,Down
201949_x_at,CAPZB,capping actin protein of muscle Z-line beta subunit,0.0952,1.978,-3.86,0.04933069,0.7478,Up
241984_at,FOXN3,forkhead box N3,0.114,1.978,-3.86,0.04933115,0.7478,Up
201918_at,SLC25A36,solute carrier family 25 member 36,-0.117,-1.978,-3.861,0.04937205,0.7482,Down
229556_at,LOC100288893,uncharacterized LOC100288893,0.142,1.977,-3.862,0.04942569,0.7483,Up
206009_at,ITGA9,integrin subunit alpha 9,0.0905,1.977,-3.862,0.04942653,0.7483,Up
219594_at,NINJ2,ninjurin 2,0.136,1.977,-3.862,0.04943941,0.7483,Up
235370_at,KREMEN1,kringle containing transmembrane protein 1,0.158,1.977,-3.862,0.0494511,0.7483,Up
244063_at,BTN2A1,butyrophilin subfamily 2 member A1,0.102,1.976,-3.863,0.04952132,0.7492,Up
222244_s_at,TUG1,taurine up-regulated 1 (non-protein coding),-0.0978,-1.976,-3.864,0.04955757,0.7495,Down
210135_s_at,SHOX2,short stature homeobox 2,0.158,1.976,-3.864,0.04959557,0.7495,Up
223360_at,SPATC1L,spermatogenesis and centriole associated 1-like,0.0901,1.976,-3.864,0.04961873,0.7495,Up
208670_s_at,EID1,EP300 interacting inhibitor of differentiation 1,-0.103,-1.975,-3.865,0.04963644,0.7495,Down
227313_at,CNPY4,canopy FGF signaling regulator 4,-0.106,-1.975,-3.865,0.04963768,0.7495,Down
213543_at,SGCD,sarcoglycan delta,-0.128,-1.975,-3.865,0.04964931,0.7495,Down
1559939_at,LOC105369167,uncharacterized LOC105369167,0.105,1.975,-3.865,0.04966494,0.7495,Up
239918_at,PVR,poliovirus receptor,0.0832,1.975,-3.865,0.04969619,0.7495,Up
221561_at,SOAT1,sterol O-acyltransferase 1,0.154,1.975,-3.866,0.04970711,0.7495,Up
208262_x_at,MEFV,Mediterranean fever,0.0693,1.975,-3.866,0.049713,0.7495,Up
222881_at,HPSE,heparanase,0.166,1.975,-3.866,0.04973314,0.7495,Up
210743_s_at,CDC14A,cell division cycle 14A,-0.142,-1.975,-3.866,0.04973388,0.7495,Down
200036_s_at,RPL10A,ribosomal protein L10a,-0.0911,-1.975,-3.866,0.04973495,0.7495,Down
220347_at,SMG6,"SMG6, nonsense mediated mRNA decay factor",-0.112,-1.974,-3.866,0.04976454,0.7498,Down
221277_s_at,PUS3,pseudouridylate synthase 3,-0.0906,-1.973,-3.868,0.04989564,0.7506,Down
212330_at,TFDP1,transcription factor Dp-1,0.153,1.973,-3.868,0.04990171,0.7506,Up
230973_at,SH2D5,SH2 domain containing 5,0.113,1.973,-3.868,0.04990668,0.7506,Up
1553510_s_at,CNOT9,CCR4-NOT transcription complex subunit 9,-0.158,-1.973,-3.868,0.04990987,0.7506,Down
235593_at,ZEB2,zinc finger E-box binding homeobox 2,0.136,1.973,-3.869,0.04991903,0.7506,Up
230418_s_at,GALNT16,polypeptide N-acetylgalactosaminyltransferase 16,-0.0792,-1.973,-3.869,0.04993122,0.7506,Down
229183_at,KCTD1,potassium channel tetramerization domain containing 1,0.0748,1.973,-3.869,0.04995764,0.7507,Up
221913_at,SIRT3,sirtuin 3,-0.123,-1.973,-3.869,0.0499647,0.7507,Down
227648_at,SMDT1,single-pass membrane protein with aspartate rich tail 1,-0.128,-1.972,-3.869,0.04997701,0.7507,Down
1557595_at,GINS2,GINS complex subunit 2,0.0837,1.972,-3.87,0.0500325,0.7507,Up
222644_s_at,COLGALT1,collagen beta(1-O)galactosyltransferase 1,0.0913,1.972,-3.87,0.050035,0.7507,Up
208935_s_at,LGALS8,galectin 8,-0.0592,-1.972,-3.87,0.05004273,0.7507,Down
201741_x_at,SRSF1,serine and arginine rich splicing factor 1,0.126,1.972,-3.87,0.05004518,0.7507,Up
228716_at,THRB,thyroid hormone receptor beta,0.186,1.972,-3.87,0.05005128,0.7507,Up
231144_at,SMARCD3,"SWI/SNF related, matrix associated, actin dependent regulator of chromatin, subfamily d, member 3",0.0951,1.972,-3.871,0.0500599,0.7507,Up
1558109_x_at,LOC283788,FSHD region gene 1 pseudogene,-0.141,-1.971,-3.871,0.05011061,0.7512,Down
214748_at,N4BP2L2,NEDD4 binding protein 2 like 2,0.107,1.971,-3.872,0.05015772,0.7512,Up
203579_s_at,SLC7A6,solute carrier family 7 member 6,-0.125,-1.971,-3.872,0.05016101,0.7512,Down
234021_at,EML2,echinoderm microtubule associated protein like 2,0.1,1.971,-3.872,0.05016991,0.7512,Up
206558_at,SIM2,single-minded family bHLH transcription factor 2,-0.123,-1.971,-3.872,0.05017894,0.7512,Down
1556960_a_at,ANHX,anomalous homeobox,0.0901,1.971,-3.872,0.05019152,0.7512,Up
231487_at,COX8C,cytochrome c oxidase subunit 8C,-0.113,-1.97,-3.872,0.05020389,0.7512,Down
218005_at,ZNF22,zinc finger protein 22,-0.158,-1.97,-3.873,0.05020921,0.7512,Down
236082_at,PHLDB3,pleckstrin homology like domain family B member 3,0.0875,1.97,-3.873,0.0502285,0.7512,Up
215414_at,FARS2,"phenylalanyl-tRNA synthetase 2, mitochondrial",0.0806,1.97,-3.873,0.05022906,0.7512,Up
227530_at,AKAP12,A-kinase anchoring protein 12,-0.325,-1.97,-3.874,0.05029738,0.7512,Down
214952_at,NCAM1,neural cell adhesion molecule 1,0.0833,1.97,-3.874,0.05030177,0.7512,Up
212000_at,SUGP2,SURP and G-patch domain containing 2,-0.114,-1.969,-3.874,0.05032725,0.7512,Down
224818_at,SORT1,sortilin 1,0.149,1.969,-3.874,0.05032881,0.7512,Up
205228_at,RBMS2,RNA binding motif single stranded interacting protein 2,0.137,1.969,-3.875,0.05038016,0.7512,Up
1560625_s_at,CATIP-AS1,CATIP antisense RNA 1,0.169,1.969,-3.875,0.05041768,0.7512,Up
205275_at,GTPBP1,GTP binding protein 1,0.0804,1.969,-3.875,0.05042055,0.7512,Up
201988_s_at,CREBL2,cAMP responsive element binding protein like 2,-0.116,-1.969,-3.876,0.05042309,0.7512,Down
227341_at,BEND7,BEN domain containing 7,0.214,1.968,-3.876,0.0504389,0.7512,Up
211679_x_at,GABBR2,gamma-aminobutyric acid type B receptor subunit 2,0.0891,1.968,-3.876,0.05044373,0.7512,Up
214473_x_at,PMS2P3,"PMS1 homolog 2, mismatch repair system component pseudogene 3",-0.0935,-1.968,-3.876,0.0504589,0.7512,Down
238030_at,ZNF268,zinc finger protein 268,-0.137,-1.968,-3.876,0.05047448,0.7512,Down
1558903_at,LINC00907,long intergenic non-protein coding RNA 907,0.0938,1.968,-3.876,0.05049006,0.7512,Up
1553131_a_at,GATA4,GATA binding protein 4,0.0822,1.968,-3.876,0.05049282,0.7512,Up
221194_s_at,TBC1D3P1-DHX40P1///RNFT1,"TBC1D3P1-DHX40P1 readthrough, transcribed pseudogene///ring finger protein, transmembrane 1",-0.122,-1.967,-3.877,0.05056565,0.7512,Down
225059_at,AGTRAP,angiotensin II receptor associated protein,0.15,1.967,-3.878,0.05056987,0.7512,Up
243696_at,CEP104,centrosomal protein 104,-0.145,-1.967,-3.878,0.05059207,0.7512,Down
209271_at,BPTF,bromodomain PHD finger transcription factor,0.0842,1.967,-3.878,0.05059792,0.7512,Up
632_at,GSK3A,glycogen synthase kinase 3 alpha,0.137,1.967,-3.878,0.05061386,0.7512,Up
234484_s_at,ACSS1,acyl-CoA synthetase short-chain family member 1,0.0947,1.967,-3.878,0.05061522,0.7512,Up
1558135_at,TAF11,TATA-box binding protein associated factor 11,-0.119,-1.967,-3.878,0.05062382,0.7512,Down
1559342_a_at,LOC101930404///SNORD116-28///SNORD115-26///SNORD115-13///SNORD115-7///SNORD116-22///SNORD116-4///PWARSN///SNORD107///SNRPN///IPW,"uncharacterized LOC101930404///small nucleolar RNA, C/D box 116-28///small nucleolar RNA, C/D box 115-26///small nucleolar RNA, C/D box 115-13///small nucleolar RNA, C/D box 115-7///small nucleolar RNA, C/D box 116-22///small nucleolar RNA, C/D box 116-4///Prader Willi/Angelman region RNA, SNRPN neighbor///small nucleolar RNA, C/D box 107///small nuclear ribonucleoprotein polypeptide N///imprinted in Prader-Willi syndrome (non-protein coding)",-0.102,-1.966,-3.879,0.05066679,0.7512,Down
220686_s_at,PIWIL2,piwi like RNA-mediated gene silencing 2,0.0867,1.966,-3.879,0.05067444,0.7512,Up
212473_s_at,MICAL2,"microtubule associated monooxygenase, calponin and LIM domain containing 2",0.155,1.966,-3.879,0.05069695,0.7512,Up
206772_at,PTH2R,parathyroid hormone 2 receptor,0.108,1.966,-3.879,0.05069823,0.7512,Up
235439_at,RBMS2,RNA binding motif single stranded interacting protein 2,0.147,1.966,-3.879,0.05070805,0.7512,Up
241739_at,OGFOD1,2-oxoglutarate and iron dependent oxygenase domain containing 1,-0.175,-1.966,-3.88,0.05072243,0.7512,Down
201338_x_at,GTF3A,general transcription factor IIIA,-0.108,-1.966,-3.88,0.05073808,0.7512,Down
228459_at,FAM84A,family with sequence similarity 84 member A,0.0878,1.966,-3.88,0.05074666,0.7512,Up
1554036_at,ZBTB24,zinc finger and BTB domain containing 24,-0.124,-1.966,-3.88,0.05076284,0.7512,Down
1557158_s_at,KMT2C,lysine methyltransferase 2C,-0.122,-1.966,-3.88,0.05077558,0.7512,Down
224613_s_at,DNAJC5,DnaJ heat shock protein family (Hsp40) member C5,0.105,1.965,-3.881,0.05079538,0.7512,Up
244885_at,EBF2,early B-cell factor 2,0.0948,1.965,-3.881,0.050798,0.7512,Up
210422_x_at,SLC11A1,solute carrier family 11 member 1,0.124,1.965,-3.881,0.05082037,0.7512,Up
230783_at,LOC283713///OTUD7A,uncharacterized LOC283713///OTU deubiquitinase 7A,-0.22,-1.965,-3.881,0.05082394,0.7512,Down
231454_at,PLAC4,placenta specific 4,0.0724,1.965,-3.881,0.05083526,0.7512,Up
223764_x_at,NIPSNAP3B,nipsnap homolog 3B,-0.105,-1.965,-3.882,0.05086938,0.7512,Down
206000_at,MEP1A,meprin A subunit alpha,0.0907,1.965,-3.882,0.0508732,0.7512,Up
222183_x_at,MBD3,methyl-CpG binding domain protein 3,0.105,1.965,-3.882,0.05087375,0.7512,Up
225705_at,CEP95,centrosomal protein 95,-0.126,-1.965,-3.882,0.05088743,0.7512,Down
232336_at,ZSWIM5,zinc finger SWIM-type containing 5,-0.138,-1.964,-3.882,0.05091742,0.7514,Down
1555743_s_at,ERVH-6,endogenous retrovirus group H member 6,0.0873,1.964,-3.882,0.05093196,0.7514,Up
216980_s_at,SPN,sialophorin,0.088,1.964,-3.883,0.050951,0.7515,Up
221668_s_at,DNAI2,dynein axonemal intermediate chain 2,0.0837,1.964,-3.883,0.05098586,0.7516,Up
205924_at,RAB3B,"RAB3B, member RAS oncogene family",0.0719,1.964,-3.883,0.05098715,0.7516,Up
201753_s_at,ADD3,adducin 3,-0.107,-1.963,-3.884,0.05102427,0.7517,Down
227613_at,ZNF331,zinc finger protein 331,-0.127,-1.963,-3.884,0.05102615,0.7517,Down
212737_at,GM2A,GM2 ganglioside activator,0.144,1.963,-3.884,0.05106387,0.7517,Up
241650_x_at,HMCN2,hemicentin 2,0.0921,1.963,-3.884,0.05107126,0.7517,Up
233662_at,CDH26,cadherin 26,0.0622,1.963,-3.884,0.05107543,0.7517,Up
226973_at,VSTM2L,V-set and transmembrane domain containing 2 like,0.0987,1.963,-3.885,0.05110888,0.7518,Up
1560014_s_at,PDXDC1,pyridoxal dependent decarboxylase domain containing 1,-0.0939,-1.963,-3.885,0.05111936,0.7518,Down
244763_at,MTRF1,mitochondrial translational release factor 1,-0.158,-1.962,-3.886,0.05119009,0.7521,Down
227262_at,HAPLN3,hyaluronan and proteoglycan link protein 3,-0.148,-1.962,-3.886,0.05120228,0.7521,Down
1553023_a_at,NOX5,"NADPH oxidase, EF-hand calcium binding domain 5",0.0796,1.962,-3.886,0.05123079,0.7521,Up
236730_at,GIPC3,GIPC PDZ domain containing family member 3,0.0965,1.962,-3.887,0.05123813,0.7521,Up
214046_at,FUT9,fucosyltransferase 9,0.0884,1.961,-3.887,0.05125558,0.7521,Up
227150_at,MTF1,metal regulatory transcription factor 1,0.0881,1.961,-3.887,0.05129737,0.7525,Up
222140_s_at,GPR89A///GPR89B,G protein-coupled receptor 89A///G protein-coupled receptor 89B,-0.0909,-1.961,-3.888,0.05131716,0.7525,Down
228439_at,BATF2,basic leucine zipper ATF-like transcription factor 2,0.226,1.961,-3.888,0.05133896,0.7525,Up
204980_at,CLOCK,clock circadian regulator,-0.129,-1.96,-3.888,0.05137292,0.7528,Down
212627_s_at,EXOSC7,exosome component 7,-0.101,-1.96,-3.889,0.05139797,0.753,Down
219109_at,SPAG16,sperm associated antigen 16,-0.162,-1.96,-3.889,0.05144818,0.7535,Down
227646_at,EBF1,early B-cell factor 1,-0.236,-1.96,-3.89,0.05145999,0.7535,Down
229810_at,RSPH3,radial spoke 3 homolog,0.118,1.959,-3.89,0.05151359,0.7535,Up
224501_at,PERM1,"PPARGC1 and ESRR induced regulator, muscle 1",0.0939,1.959,-3.891,0.05152943,0.7535,Up
224673_at,LENG8,leukocyte receptor cluster member 8,-0.0941,-1.959,-3.891,0.05156351,0.7535,Down
205134_s_at,NUFIP1,"NUFIP1, FMR1 interacting protein 1",-0.155,-1.959,-3.891,0.05156786,0.7535,Down
1557770_at,IPO11,importin 11,-0.182,-1.959,-3.891,0.05158624,0.7535,Down
211790_s_at,KMT2D,lysine methyltransferase 2D,0.0997,1.959,-3.891,0.05159593,0.7535,Up
244493_at,GPR22,G protein-coupled receptor 22,-0.0887,-1.958,-3.892,0.05160642,0.7535,Down
217212_s_at,IL9R,interleukin 9 receptor,0.0734,1.958,-3.892,0.05166421,0.7535,Up
218639_s_at,ZXDC,ZXD family zinc finger C,0.083,1.958,-3.892,0.05167638,0.7535,Up
1560315_at,GLCCI1,glucocorticoid induced 1,0.0839,1.958,-3.893,0.05168433,0.7535,Up
210715_s_at,SPINT2,"serine peptidase inhibitor, Kunitz type 2",0.0914,1.958,-3.893,0.05169404,0.7535,Up
213917_at,PAX8,paired box 8,0.103,1.958,-3.893,0.05169945,0.7535,Up
219671_at,HPCAL4,hippocalcin like 4,-0.199,-1.958,-3.893,0.05171381,0.7535,Down
240062_at,FAM3C,family with sequence similarity 3 member C,-0.152,-1.957,-3.893,0.05173265,0.7535,Down
1566464_at,KCNK1,potassium two pore domain channel subfamily K member 1,0.0919,1.957,-3.893,0.05173605,0.7535,Up
223171_at,DYM,dymeclin,0.0666,1.957,-3.894,0.05175449,0.7535,Up
206199_at,CEACAM7,carcinoembryonic antigen related cell adhesion molecule 7,0.0958,1.957,-3.894,0.05176429,0.7535,Up
202488_s_at,FXYD3,FXYD domain containing ion transport regulator 3,0.108,1.957,-3.894,0.05179231,0.7536,Up
201518_at,CBX1,chromobox 1,0.0953,1.956,-3.895,0.05184258,0.7538,Up
218825_at,EGFL7,EGF like domain multiple 7,0.0767,1.956,-3.895,0.05184659,0.7538,Up
243724_at,SLC33A1,solute carrier family 33 member 1,-0.131,-1.956,-3.895,0.05187199,0.7538,Down
203475_at,CYP19A1,cytochrome P450 family 19 subfamily A member 1,0.0906,1.956,-3.895,0.05188222,0.7538,Up
1567458_s_at,RAC1,"ras-related C3 botulinum toxin substrate 1 (rho family, small GTP binding protein Rac1)",0.147,1.956,-3.895,0.05188723,0.7538,Up
202855_s_at,MIR6787///SLC16A3,microRNA 6787///solute carrier family 16 member 3,0.153,1.956,-3.896,0.05191006,0.7538,Up
206765_at,KCNJ2,potassium voltage-gated channel subfamily J member 2,0.127,1.956,-3.896,0.05192745,0.7539,Up
205203_at,PLD1,phospholipase D1,0.13,1.956,-3.896,0.05194662,0.754,Up
227696_at,EXOSC6,exosome component 6,-0.0944,-1.955,-3.896,0.05195981,0.754,Down
225752_at,NIPA1,non imprinted in Prader-Willi/Angelman syndrome 1,-0.17,-1.955,-3.897,0.05204298,0.7545,Down
1556894_at,NT5DC2,5'-nucleotidase domain containing 2,0.0761,1.955,-3.897,0.05205068,0.7545,Up
1558348_at,DET1,de-etiolated homolog 1 (Arabidopsis),-0.137,-1.954,-3.899,0.05213233,0.7549,Down
208907_s_at,MRPS18B,mitochondrial ribosomal protein S18B,-0.122,-1.954,-3.899,0.05213764,0.7549,Down
215967_s_at,LY9,lymphocyte antigen 9,-0.192,-1.954,-3.899,0.05214542,0.7549,Down
231448_at,ADAD1,adenosine deaminase domain containing 1,-0.102,-1.954,-3.899,0.05216403,0.7549,Down
223585_x_at,KBTBD2,kelch repeat and BTB domain containing 2,-0.117,-1.954,-3.899,0.05216641,0.7549,Down
210444_at,NPY6R,neuropeptide Y receptor Y6 (pseudogene),0.0811,1.953,-3.9,0.05220827,0.7552,Up
242400_at,ZFP90,ZFP90 zinc finger protein,-0.122,-1.953,-3.9,0.05221112,0.7552,Down
220559_at,EN1,engrailed homeobox 1,0.0795,1.953,-3.9,0.05227193,0.7552,Up
224008_s_at,KCNK7,potassium two pore domain channel subfamily K member 7,0.0943,1.953,-3.901,0.0523056,0.7552,Up
244011_at,PPM1K,"protein phosphatase, Mg2+/Mn2+ dependent 1K",-0.19,-1.952,-3.901,0.05232078,0.7552,Down
229767_at,TBCD,tubulin folding cofactor D,-0.08,-1.952,-3.901,0.0523329,0.7552,Down
229071_at,C17orf100,chromosome 17 open reading frame 100,0.149,1.952,-3.902,0.05237854,0.7552,Up
228957_at,ZNF362,zinc finger protein 362,0.0699,1.952,-3.902,0.05239217,0.7552,Up
229939_at,ENDOV,endonuclease V,-0.14,-1.952,-3.902,0.05240895,0.7552,Down
230521_at,ARHGEF39,Rho guanine nucleotide exchange factor 39,0.136,1.952,-3.902,0.05241697,0.7552,Up
222439_s_at,THRAP3,thyroid hormone receptor associated protein 3,-0.12,-1.952,-3.902,0.05242857,0.7552,Down
1560416_at,DNAH11,dynein axonemal heavy chain 11,-0.107,-1.952,-3.902,0.05243131,0.7552,Down
201274_at,PSMA5,proteasome subunit alpha 5,-0.0845,-1.951,-3.903,0.05244529,0.7552,Down
226587_at,PWAR6,Prader Willi/Angelman region RNA 6,-0.164,-1.951,-3.903,0.05245438,0.7552,Down
222248_s_at,SIRT4,sirtuin 4,-0.117,-1.951,-3.903,0.05247232,0.7552,Down
203008_x_at,TXNDC9,thioredoxin domain containing 9,-0.158,-1.951,-3.903,0.05248136,0.7552,Down
201089_at,ATP6V1B2,ATPase H+ transporting V1 subunit B2,0.0689,1.951,-3.904,0.05250979,0.7552,Up
217080_s_at,HOMER2,homer scaffolding protein 2,0.0996,1.951,-3.904,0.05251028,0.7552,Up
222031_at,LOC389906,zinc finger protein 839 pseudogene,-0.16,-1.951,-3.904,0.05251539,0.7552,Down
224846_at,SHKBP1,SH3KBP1 binding protein 1,0.165,1.951,-3.904,0.05253592,0.7552,Up
205285_s_at,FYB,FYN binding protein,-0.0921,-1.951,-3.904,0.05254115,0.7552,Down
1559714_at,RGR,retinal G protein coupled receptor,0.0957,1.951,-3.904,0.05254147,0.7552,Up
1565812_at,TRIM36,tripartite motif containing 36,0.0807,1.95,-3.904,0.05255492,0.7552,Up
1554739_at,IPP,intracisternal A particle-promoted polypeptide,-0.156,-1.95,-3.904,0.05256114,0.7552,Down
1556154_a_at,SNAI3-AS1,SNAI3 antisense RNA 1,0.129,1.95,-3.904,0.05257239,0.7552,Up
1557502_at,PCCB,propionyl-CoA carboxylase beta subunit,-0.147,-1.95,-3.905,0.05262531,0.7558,Down
222156_x_at,DYX1C1-CCPG1///CCPG1,DYX1C1-CCPG1 readthrough (NMD candidate)///cell cycle progression 1,0.186,1.95,-3.906,0.05266251,0.7561,Up
204642_at,S1PR1,sphingosine-1-phosphate receptor 1,-0.108,-1.949,-3.906,0.0527199,0.7565,Down
213017_at,ABHD3,abhydrolase domain containing 3,0.236,1.949,-3.906,0.05272471,0.7565,Up
1563655_at,TNNT2,"troponin T2, cardiac type",0.0944,1.949,-3.906,0.05272668,0.7565,Up
233216_at,ZDHHC21,zinc finger DHHC-type containing 21,0.0842,1.949,-3.907,0.05275143,0.7566,Up
203942_s_at,MARK2,microtubule affinity regulating kinase 2,0.0903,1.949,-3.907,0.05278841,0.7567,Up
204798_at,MYB,"MYB proto-oncogene, transcription factor",0.15,1.948,-3.908,0.05281775,0.7567,Up
1558295_a_at,PPFIA2,PTPRF interacting protein alpha 2,0.0888,1.948,-3.908,0.05282253,0.7567,Up
236316_at,FAM3C,family with sequence similarity 3 member C,-0.133,-1.948,-3.908,0.05284078,0.7567,Down
223613_at,UQCR11,"ubiquinol-cytochrome c reductase, complex III subunit XI",-0.0752,-1.948,-3.908,0.05284921,0.7567,Down
229214_at,STX7,syntaxin 7,0.116,1.948,-3.908,0.05285422,0.7567,Up
205896_at,SLC22A4,solute carrier family 22 member 4,0.156,1.948,-3.909,0.05290309,0.7571,Up
203778_at,MANBA,mannosidase beta,0.0991,1.947,-3.909,0.05292314,0.7571,Up
222280_at,TMEM147-AS1,TMEM147 antisense RNA 1,-0.102,-1.947,-3.909,0.0529406,0.7571,Down
204528_s_at,NAP1L1,nucleosome assembly protein 1 like 1,-0.0525,-1.947,-3.91,0.05298644,0.7575,Down
216212_s_at,MIR664B///SNORA56///DKC1,"microRNA 664b///small nucleolar RNA, H/ACA box 56///dyskerin pseudouridine synthase 1",-0.0964,-1.947,-3.91,0.05299601,0.7575,Down
200661_at,CTSA,cathepsin A,0.165,1.947,-3.91,0.05300452,0.7575,Up
235787_at,CDC37L1,cell division cycle 37 like 1,-0.166,-1.946,-3.911,0.05304734,0.7575,Down
226560_at,SGPP2,sphingosine-1-phosphate phosphatase 2,-0.173,-1.946,-3.911,0.0530665,0.7575,Down
203056_s_at,PRDM2,PR/SET domain 2,-0.141,-1.946,-3.911,0.0530741,0.7575,Down
228238_at,SNORD77///SNORD76///SNORD74///GAS5///SNORD44///SNORD47///SNORD80///SNORD79///SNORD81,"small nucleolar RNA, C/D box 77///small nucleolar RNA, C/D box 76///small nucleolar RNA, C/D box 74///growth arrest specific 5 (non-protein coding)///small nucleolar RNA, C/D box 44///small nucleolar RNA, C/D box 47///small nucleolar RNA, C/D box 80///small nucleolar RNA, C/D box 79///small nucleolar RNA, C/D box 81",-0.15,-1.946,-3.911,0.05310234,0.7575,Down
225782_at,MSRB3,methionine sulfoxide reductase B3,0.209,1.946,-3.911,0.0531073,0.7575,Up
1553947_at,EXOSC6,exosome component 6,0.0872,1.946,-3.911,0.05311167,0.7575,Up
1556319_at,TRIM44,tripartite motif containing 44,-0.115,-1.946,-3.911,0.05311839,0.7575,Down
221719_s_at,LZTS1,leucine zipper tumor suppressor 1,0.0808,1.945,-3.912,0.05317005,0.7575,Up
208104_s_at,TSC22D4,TSC22 domain family member 4,0.118,1.945,-3.912,0.05318416,0.7575,Up
213328_at,NEK1,NIMA related kinase 1,-0.151,-1.945,-3.912,0.05319324,0.7575,Down
226361_at,TMEM42,transmembrane protein 42,-0.125,-1.945,-3.913,0.05320125,0.7575,Down
219832_s_at,HOXC13,homeobox C13,-0.0928,-1.945,-3.913,0.05320461,0.7575,Down
1569983_at,LINC00566,long intergenic non-protein coding RNA 566,0.107,1.945,-3.913,0.05322036,0.7575,Up
236204_at,COPS8,COP9 signalosome subunit 8,-0.206,-1.945,-3.913,0.0532362,0.7575,Down
236048_at,LHFPL1,lipoma HMGIC fusion partner-like 1,-0.0951,-1.944,-3.914,0.05330151,0.7575,Down
220032_at,CPED1,cadherin like and PC-esterase domain containing 1,-0.112,-1.944,-3.914,0.05330957,0.7575,Down
224320_s_at,MCM8,minichromosome maintenance 8 homologous recombination repair factor,-0.131,-1.944,-3.914,0.05333188,0.7575,Down
212175_s_at,AK2,adenylate kinase 2,-0.0827,-1.944,-3.914,0.05335184,0.7575,Down
215693_x_at,DDX27,DEAD-box helicase 27,-0.115,-1.944,-3.915,0.05339362,0.7576,Down
243719_at,STK19,serine/threonine kinase 19,-0.16,-1.943,-3.915,0.05339936,0.7576,Down
238025_at,MLKL,mixed lineage kinase domain like,0.14,1.943,-3.916,0.0534422,0.7577,Up
208563_x_at,POU3F3,POU class 3 homeobox 3,0.104,1.943,-3.916,0.05348325,0.7577,Up
202341_s_at,TRIM2,tripartite motif containing 2,-0.144,-1.943,-3.916,0.05348862,0.7577,Down
216464_x_at,PTGDR2,prostaglandin D2 receptor 2,0.087,1.943,-3.916,0.05349573,0.7577,Up
1552275_s_at,PXK,PX domain containing serine/threonine kinase like,0.115,1.942,-3.917,0.05354748,0.7579,Up
208672_s_at,SRSF3,serine and arginine rich splicing factor 3,-0.0644,-1.942,-3.918,0.05358495,0.7579,Down
227437_at,NRAV,negative regulator of antiviral response (non-protein coding),-0.121,-1.942,-3.918,0.05362141,0.7579,Down
243239_at,SAMM50,SAMM50 sorting and assembly machinery component,0.116,1.942,-3.918,0.05363499,0.7579,Up
235194_at,TPCN2,two pore segment channel 2,0.103,1.941,-3.918,0.05364816,0.7579,Up
203110_at,PTK2B,protein tyrosine kinase 2 beta,0.099,1.941,-3.918,0.05365047,0.7579,Up
233589_x_at,TOR4A,torsin family 4 member A,0.0952,1.941,-3.919,0.05367636,0.7579,Up
225191_at,CIRBP,cold inducible RNA binding protein,-0.0724,-1.941,-3.919,0.05367943,0.7579,Down
208807_s_at,CHD3,chromodomain helicase DNA binding protein 3,-0.139,-1.941,-3.919,0.0536915,0.7579,Down
212114_at,ATXN7L3B,ataxin 7 like 3B,-0.0646,-1.941,-3.919,0.0536979,0.7579,Down
210823_s_at,PTPRS,"protein tyrosine phosphatase, receptor type S",0.084,1.941,-3.919,0.05370292,0.7579,Up
232479_at,FERMT1,fermitin family member 1,0.078,1.941,-3.919,0.05371352,0.7579,Up
207490_at,TUBA4B,tubulin alpha 4b,0.0971,1.941,-3.92,0.05375107,0.7581,Up
213078_x_at,LPCAT4,lysophosphatidylcholine acyltransferase 4,-0.111,-1.94,-3.92,0.05379219,0.7581,Down
205076_s_at,MTMR11,myotubularin related protein 11,0.117,1.94,-3.92,0.05381023,0.7581,Up
220121_at,LINS1,lines homolog 1,-0.196,-1.94,-3.921,0.0538227,0.7581,Down
232825_s_at,DSEL,dermatan sulfate epimerase-like,-0.128,-1.94,-3.921,0.05382612,0.7581,Down
216210_x_at,TRIOBP,TRIO and F-actin binding protein,0.0866,1.94,-3.921,0.05382764,0.7581,Up
204176_at,KLHL20,kelch like family member 20,-0.173,-1.94,-3.921,0.0538548,0.7581,Down
224603_at,SNHG16///SNORD1C///SNORD1A,"small nucleolar RNA host gene 16///small nucleolar RNA, C/D box 1C///small nucleolar RNA, C/D box 1A",-0.0898,-1.94,-3.921,0.05386527,0.7581,Down
210556_at,NFATC3,nuclear factor of activated T-cells 3,-0.14,-1.94,-3.921,0.05386626,0.7581,Down
236858_s_at,RUNX2,runt related transcription factor 2,-0.209,-1.94,-3.921,0.05386652,0.7581,Down
237790_at,SCN8A,sodium voltage-gated channel alpha subunit 8,0.0986,1.939,-3.922,0.05392059,0.7581,Up
1556618_at,ELK4,"ELK4, ETS transcription factor",0.0853,1.939,-3.922,0.0539329,0.7581,Up
1568618_a_at,GALNT1,polypeptide N-acetylgalactosaminyltransferase 1,-0.0759,-1.939,-3.922,0.0539616,0.7581,Down
204898_at,SAP30,Sin3A associated protein 30,0.0812,1.939,-3.922,0.05397422,0.7581,Up
1554624_a_at,SIRPB1,signal regulatory protein beta 1,0.145,1.939,-3.923,0.05397869,0.7581,Up
224971_at,MRPL30,mitochondrial ribosomal protein L30,-0.105,-1.939,-3.923,0.05398931,0.7581,Down
1554260_a_at,FRYL,FRY like transcription coactivator,-0.133,-1.938,-3.923,0.05401167,0.7581,Down
206316_s_at,KNTC1,kinetochore associated 1,-0.139,-1.938,-3.924,0.05406565,0.7581,Down
224601_at,SNHG16///SNORD1C///SNORD1A,"small nucleolar RNA host gene 16///small nucleolar RNA, C/D box 1C///small nucleolar RNA, C/D box 1A",-0.096,-1.938,-3.924,0.05407858,0.7581,Down
213164_at,SLC5A3,solute carrier family 5 member 3,-0.0989,-1.938,-3.924,0.05407973,0.7581,Down
225166_at,ARHGAP18,Rho GTPase activating protein 18,0.142,1.938,-3.924,0.05408884,0.7581,Up
219423_x_at,TNFRSF25,TNF receptor superfamily member 25,-0.143,-1.938,-3.924,0.05411797,0.7581,Down
209349_at,RAD50,RAD50 double strand break repair protein,-0.15,-1.937,-3.925,0.05413821,0.7581,Down
231976_at,LINS1,lines homolog 1,-0.154,-1.937,-3.925,0.05413981,0.7581,Down
239058_at,FOXC2,forkhead box C2,0.115,1.937,-3.925,0.05414329,0.7581,Up
232635_at,CEP128,centrosomal protein 128,-0.119,-1.937,-3.925,0.05415157,0.7581,Down
212423_at,ZCCHC24,zinc finger CCHC-type containing 24,0.102,1.937,-3.925,0.05415594,0.7581,Up
236068_s_at,C3orf14,chromosome 3 open reading frame 14,-0.102,-1.937,-3.925,0.05415854,0.7581,Down
232049_at,SNX2,sorting nexin 2,-0.145,-1.937,-3.925,0.05419999,0.7585,Down
208925_at,CLDND1,claudin domain containing 1,-0.184,-1.936,-3.926,0.05426007,0.7586,Down
216434_at,TTC38,tetratricopeptide repeat domain 38,0.0767,1.936,-3.926,0.05428063,0.7586,Up
208284_x_at,GGT2///GGTLC1///GGTLC2///GGT1,gamma-glutamyltransferase 2///gamma-glutamyltransferase light chain 1///gamma-glutamyltransferase light chain 2///gamma-glutamyltransferase 1,0.164,1.936,-3.926,0.05428522,0.7586,Up
231077_at,CFAP126,cilia and flagella associated protein 126,-0.0889,-1.936,-3.927,0.05429059,0.7586,Down
205434_s_at,AAK1,AP2 associated kinase 1,-0.166,-1.936,-3.927,0.05429711,0.7586,Down
239107_at,LOC145783///ZNF280D,uncharacterized LOC145783///zinc finger protein 280D,-0.11,-1.936,-3.927,0.05430837,0.7586,Down
220688_s_at,MRTO4,"MRT4 homolog, ribosome maturation factor",-0.115,-1.936,-3.927,0.05435187,0.7586,Down
238439_at,ANKRD22,ankyrin repeat domain 22,0.278,1.936,-3.928,0.05437104,0.7586,Up
235740_at,MCTP1,multiple C2 and transmembrane domain containing 1,0.271,1.935,-3.928,0.05438185,0.7586,Up
232216_at,YME1L1,YME1 like 1 ATPase,-0.241,-1.935,-3.928,0.05440688,0.7586,Down
226497_s_at,FLT1,fms related tyrosine kinase 1,0.203,1.935,-3.928,0.05442166,0.7586,Up
1560399_a_at,OTUD7A,OTU deubiquitinase 7A,0.0927,1.935,-3.928,0.05443157,0.7586,Up
218281_at,MRPL48,mitochondrial ribosomal protein L48,-0.139,-1.934,-3.929,0.05450839,0.759,Down
1552421_a_at,CALR3,calreticulin 3,0.0714,1.934,-3.929,0.05451017,0.759,Up
203948_s_at,MPO,myeloperoxidase,0.162,1.934,-3.929,0.05451568,0.759,Up
221734_at,PRRC1,proline rich coiled-coil 1,-0.111,-1.933,-3.931,0.05466158,0.7609,Down
213239_at,PIBF1,progesterone immunomodulatory binding factor 1,-0.203,-1.933,-3.932,0.05470695,0.7612,Down
228685_at,IL17RA,interleukin 17 receptor A,0.155,1.932,-3.933,0.05478623,0.7613,Up
207765_s_at,FAM214B,family with sequence similarity 214 member B,0.101,1.932,-3.933,0.05479189,0.7613,Up
219273_at,CCNK,cyclin K,-0.165,-1.932,-3.933,0.05482262,0.7613,Down
225484_at,CEP41,centrosomal protein 41,-0.124,-1.932,-3.933,0.05482976,0.7613,Down
205336_at,PVALB,parvalbumin,0.253,1.932,-3.933,0.05484383,0.7613,Up
210560_at,GBX2,gastrulation brain homeobox 2,0.0928,1.931,-3.934,0.05488186,0.7613,Up
213660_s_at,TOP3B,topoisomerase (DNA) III beta,0.0879,1.931,-3.934,0.0548883,0.7613,Up
1556209_at,CLEC2B,C-type lectin domain family 2 member B,-0.127,-1.931,-3.934,0.05489249,0.7613,Down
204254_s_at,VDR,"vitamin D (1,25- dihydroxyvitamin D3) receptor",0.143,1.931,-3.934,0.05490626,0.7613,Up
244183_x_at,PCDHB3,protocadherin beta 3,0.102,1.931,-3.934,0.05491266,0.7613,Up
35147_at,MCF2L,MCF.2 cell line derived transforming sequence like,-0.128,-1.931,-3.935,0.05493046,0.7613,Down
222465_at,RSL24D1,ribosomal L24 domain containing 1,-0.227,-1.931,-3.935,0.05494287,0.7613,Down
215679_at,LUNAR1,leukemia-associated non-coding IGF1R activator RNA 1,0.151,1.931,-3.935,0.05497108,0.7615,Up
227877_at,ANXA2R,annexin A2 receptor,-0.127,-1.93,-3.936,0.055015,0.7616,Down
226067_at,BPIFB1,BPI fold containing family B member 1,0.0809,1.93,-3.936,0.05501851,0.7616,Up
204277_s_at,TK2,"thymidine kinase 2, mitochondrial",0.115,1.93,-3.936,0.05502982,0.7616,Up
214861_at,KDM4C,lysine demethylase 4C,-0.12,-1.93,-3.936,0.05507069,0.7616,Down
1555694_a_at,KCNIP3,potassium voltage-gated channel interacting protein 3,0.0951,1.929,-3.937,0.05512998,0.7616,Up
242577_at,LOC389834,ankyrin repeat domain 57 pseudogene,-0.166,-1.929,-3.937,0.05513402,0.7616,Down
213794_s_at,NGDN,neuroguidin,-0.142,-1.929,-3.937,0.05514266,0.7616,Down
230043_at,MUC20,"mucin 20, cell surface associated",-0.107,-1.929,-3.937,0.05514907,0.7616,Down
200098_s_at,ANAPC5,anaphase promoting complex subunit 5,-0.107,-1.929,-3.938,0.05516851,0.7616,Down
226565_at,TMEM99,transmembrane protein 99,-0.142,-1.929,-3.938,0.05519278,0.7616,Down
223172_s_at,MTFP1,mitochondrial fission process 1,-0.116,-1.929,-3.938,0.0551959,0.7616,Down
1554485_s_at,TMEM37,transmembrane protein 37,0.101,1.929,-3.938,0.05521031,0.7616,Up
233802_at,MED28,mediator complex subunit 28,0.104,1.929,-3.938,0.05521361,0.7616,Up
221257_x_at,FBXO38,F-box protein 38,0.112,1.928,-3.939,0.05529235,0.7624,Up
243661_at,LOC285902///ZNF273,uncharacterized LOC285902///zinc finger protein 273,-0.141,-1.928,-3.939,0.05530945,0.7624,Down
205176_s_at,ITGB3BP,integrin subunit beta 3 binding protein,-0.169,-1.928,-3.939,0.05531713,0.7624,Down
210357_s_at,SMOX,spermine oxidase,0.196,1.928,-3.94,0.05533275,0.7624,Up
211067_s_at,GAS7,growth arrest specific 7,0.152,1.928,-3.94,0.05534142,0.7624,Up
216563_at,ANKRD12,ankyrin repeat domain 12,0.196,1.928,-3.94,0.05537033,0.7624,Up
211944_at,PRRC2C,proline rich coiled-coil 2C,-0.0936,-1.928,-3.94,0.05537056,0.7624,Down
214924_s_at,TRAK1,trafficking kinesin protein 1,-0.113,-1.927,-3.94,0.05538887,0.7624,Down
226844_at,MOB3B,MOB kinase activator 3B,-0.134,-1.927,-3.941,0.05542938,0.7628,Down
206124_s_at,LLGL1,"LLGL1, scribble cell polarity complex component",0.0727,1.927,-3.941,0.05546769,0.7629,Up
215069_at,NMT2,N-myristoyltransferase 2,-0.298,-1.927,-3.942,0.05548648,0.7629,Down
221210_s_at,NPL,N-acetylneuraminate pyruvate lyase,0.131,1.926,-3.942,0.05549861,0.7629,Up
219242_at,CEP63,centrosomal protein 63,0.0973,1.926,-3.942,0.05553049,0.7629,Up
224442_at,PHF6,PHD finger protein 6,-0.063,-1.926,-3.942,0.05555976,0.7629,Down
215833_s_at,SPPL2B,signal peptide peptidase like 2B,0.0942,1.926,-3.943,0.05557482,0.7629,Up
212207_at,MED13L,mediator complex subunit 13 like,0.0549,1.926,-3.943,0.0555774,0.7629,Up
233229_at,SCFD1,sec1 family domain containing 1,-0.16,-1.926,-3.943,0.05557803,0.7629,Down
223460_at,CAMKK1,calcium/calmodulin dependent protein kinase kinase 1,0.105,1.926,-3.943,0.0555885,0.7629,Up
227934_at,KPNA5,karyopherin subunit alpha 5,-0.182,-1.925,-3.944,0.05564754,0.7632,Down
210313_at,LILRA4,leukocyte immunoglobulin like receptor A4,-0.177,-1.925,-3.944,0.05566651,0.7632,Down
236633_at,GTPBP10,GTP binding protein 10,0.084,1.925,-3.944,0.05568214,0.7632,Up
230705_at,SLC2A5,solute carrier family 2 member 5,0.0912,1.925,-3.944,0.05569586,0.7632,Up
227054_at,EEF1AKMT1,eukaryotic translation elongation factor 1 alpha lysine methyltransferase 1,-0.126,-1.925,-3.944,0.05571046,0.7632,Down
201728_s_at,KIAA0100,KIAA0100,-0.112,-1.924,-3.945,0.05575998,0.7635,Down
224524_s_at,GPR75-ASB3///ASB3,GPR75-ASB3 readthrough///ankyrin repeat and SOCS box containing 3,-0.0966,-1.924,-3.945,0.05579759,0.7635,Down
1564166_s_at,LOC100630923,LOC100289561-PRKRIP1 readthrough,-0.103,-1.924,-3.946,0.05587511,0.764,Down
233818_at,LTN1,listerin E3 ubiquitin protein ligase 1,-0.13,-1.923,-3.946,0.05588081,0.764,Down
1561206_at,KLHL8,kelch like family member 8,0.144,1.923,-3.947,0.05592971,0.7643,Up
1557280_s_at,ITSN1,intersectin 1,0.114,1.923,-3.947,0.05593915,0.7643,Up
216701_at,C1orf68,chromosome 1 open reading frame 68,0.088,1.923,-3.948,0.0559834,0.7643,Up
200689_x_at,MIR3654///EEF1G,microRNA 3654///eukaryotic translation elongation factor 1 gamma,-0.0875,-1.923,-3.948,0.05599449,0.7643,Down
1554256_a_at,PCNX2,pecanex homolog 2 (Drosophila),-0.157,-1.922,-3.948,0.05600762,0.7643,Down
244006_at,POU2F1,POU class 2 homeobox 1,-0.142,-1.922,-3.948,0.05602935,0.7643,Down
235435_at,AASDH,aminoadipate-semialdehyde dehydrogenase,-0.119,-1.922,-3.948,0.0560411,0.7643,Down
1559701_s_at,NDST2,N-deacetylase and N-sulfotransferase 2,0.0967,1.922,-3.949,0.0560873,0.7643,Up
214064_at,TF,transferrin,0.0913,1.921,-3.95,0.056136,0.7643,Up
235283_at,INTS6,integrator complex subunit 6,-0.129,-1.921,-3.95,0.05614919,0.7643,Down
202449_s_at,RXRA,retinoid X receptor alpha,0.0922,1.921,-3.95,0.05615673,0.7643,Up
227930_at,AGO4,"argonaute 4, RISC catalytic component",0.0988,1.921,-3.95,0.05616205,0.7643,Up
236345_at,TBXAS1,thromboxane A synthase 1,0.146,1.921,-3.95,0.05616307,0.7643,Up
231441_at,C7orf62,chromosome 7 open reading frame 62,0.0994,1.921,-3.951,0.05623745,0.7643,Up
236226_at,BTLA,B and T lymphocyte associated,-0.169,-1.921,-3.951,0.05624406,0.7643,Down
229818_at,SVOP,SV2 related protein,0.0897,1.92,-3.951,0.05627341,0.7643,Up
204389_at,MAOA,monoamine oxidase A,0.105,1.92,-3.951,0.05629188,0.7643,Up
208857_s_at,PCMT1,protein-L-isoaspartate (D-aspartate) O-methyltransferase,0.1,1.92,-3.952,0.05631529,0.7643,Up
206488_s_at,CD36,CD36 molecule,0.128,1.92,-3.952,0.0563184,0.7643,Up
230397_at,SAR1B,secretion associated Ras related GTPase 1B,-0.131,-1.92,-3.952,0.05633262,0.7643,Down
210350_x_at,ING1,inhibitor of growth family member 1,0.0739,1.92,-3.952,0.05634776,0.7643,Up
1552518_s_at,MTBP,MDM2 binding protein,-0.1,-1.92,-3.952,0.05635791,0.7643,Down
225169_at,INTS4,integrator complex subunit 4,-0.0835,-1.92,-3.952,0.05637768,0.7643,Down
1566831_at,SBF2-AS1,SBF2 antisense RNA 1,0.103,1.919,-3.953,0.05639703,0.7643,Up
220522_at,CRB1,"crumbs 1, cell polarity complex component",0.105,1.919,-3.953,0.05640946,0.7643,Up
228399_at,OSR1,odd-skipped related transciption factor 1,0.0828,1.919,-3.953,0.05641073,0.7643,Up
239562_at,MTHFD2L,methylenetetrahydrofolate dehydrogenase (NADP+ dependent) 2-like,-0.161,-1.919,-3.953,0.05641902,0.7643,Down
243937_x_at,AGAP6,"ArfGAP with GTPase domain, ankyrin repeat and PH domain 6",-0.0894,-1.919,-3.953,0.0564363,0.7643,Down
203118_at,PCSK7,proprotein convertase subtilisin/kexin type 7,-0.12,-1.919,-3.954,0.05647883,0.7643,Down
201313_at,ENO2,enolase 2,-0.109,-1.919,-3.954,0.05649449,0.7643,Down
230007_at,JMJD1C,jumonji domain containing 1C,0.106,1.919,-3.954,0.05650306,0.7643,Up
223192_at,SLC25A28,solute carrier family 25 member 28,-0.0898,-1.919,-3.954,0.05650938,0.7643,Down
203469_s_at,CDK10,cyclin dependent kinase 10,-0.106,-1.918,-3.954,0.05651854,0.7643,Down
206622_at,TRH,thyrotropin releasing hormone,0.093,1.918,-3.954,0.05651992,0.7643,Up
243835_at,ZDHHC21,zinc finger DHHC-type containing 21,-0.229,-1.918,-3.955,0.0565618,0.7643,Down
226816_s_at,KIAA1143,KIAA1143,-0.113,-1.918,-3.955,0.05656392,0.7643,Down
221245_s_at,FZD5,frizzled class receptor 5,0.14,1.918,-3.955,0.05659654,0.7643,Up
235167_at,LOC100190986,uncharacterized LOC100190986,-0.143,-1.918,-3.955,0.0566144,0.7643,Down
1555431_a_at,IL31RA,interleukin 31 receptor A,0.0839,1.918,-3.955,0.05662559,0.7643,Up
1555759_a_at,CCL5,C-C motif chemokine ligand 5,-0.182,-1.918,-3.956,0.05663638,0.7643,Down
236627_at,LOC101927085,uncharacterized LOC101927085,0.0799,1.917,-3.956,0.05664448,0.7643,Up
232020_at,SMURF2,SMAD specific E3 ubiquitin protein ligase 2,-0.201,-1.917,-3.956,0.0566506,0.7643,Down
1570274_at,PRSS55,"protease, serine 55",0.0889,1.917,-3.956,0.05667361,0.7643,Up
200751_s_at,HNRNPC,heterogeneous nuclear ribonucleoprotein C (C1/C2),-0.0988,-1.917,-3.956,0.05667387,0.7643,Down
1554074_s_at,SLFNL1,schlafen like 1,0.0645,1.917,-3.956,0.05669554,0.7644,Up
214139_at,ARID4B,AT-rich interaction domain 4B,-0.102,-1.917,-3.957,0.05674312,0.7649,Down
218826_at,SLC35F2,solute carrier family 35 member F2,-0.131,-1.916,-3.958,0.05679395,0.7652,Down
227515_at,STAMBP,STAM binding protein,-0.13,-1.916,-3.958,0.05687038,0.7659,Down
202935_s_at,SOX9,SRY-box 9,-0.0897,-1.916,-3.958,0.05687367,0.7659,Down
222029_x_at,MIR6834///PFDN6,microRNA 6834///prefoldin subunit 6,-0.0786,-1.915,-3.959,0.05691041,0.7659,Down
201386_s_at,DHX15,DEAH-box helicase 15,-0.089,-1.915,-3.959,0.05693413,0.7659,Down
237745_at,TSC22D1-AS1,TSC22D1 antisense RNA 1,-0.101,-1.915,-3.959,0.05693444,0.7659,Down
242891_at,ADCY5,adenylate cyclase 5,0.079,1.915,-3.959,0.05695743,0.7659,Up
1553695_a_at,NLRX1,NLR family member X1,0.101,1.915,-3.96,0.05696834,0.7659,Up
233512_at,SH3RF3-AS1,SH3RF3 antisense RNA 1,0.0944,1.915,-3.96,0.05699688,0.7661,Up
239071_at,RBBP4,"RB binding protein 4, chromatin remodeling factor",-0.135,-1.914,-3.961,0.0570469,0.7664,Down
227046_at,SLC39A11,solute carrier family 39 member 11,0.0878,1.914,-3.961,0.05705109,0.7664,Up
204253_s_at,VDR,"vitamin D (1,25- dihydroxyvitamin D3) receptor",0.0916,1.914,-3.961,0.0570611,0.7664,Up
216697_at,TRIO,trio Rho guanine nucleotide exchange factor,-0.0823,-1.914,-3.961,0.05709705,0.7665,Down
205349_at,GNA15,G protein subunit alpha 15,0.174,1.914,-3.961,0.05711434,0.7665,Up
233599_at,LOC728061,hCG2003663,-0.102,-1.913,-3.962,0.05716458,0.7668,Down
201414_s_at,NAP1L4,nucleosome assembly protein 1 like 4,-0.0659,-1.913,-3.963,0.0572172,0.7668,Down
217723_x_at,RPS12,ribosomal protein S12,0.113,1.913,-3.963,0.05724142,0.7668,Up
217815_at,SUPT16H,"SPT16 homolog, facilitates chromatin remodeling subunit",-0.0518,-1.913,-3.963,0.0572447,0.7668,Down
240740_at,LOC100507443,uncharacterized LOC100507443,0.0945,1.913,-3.963,0.05726553,0.7668,Up
235417_at,SPOCD1,SPOC domain containing 1,0.111,1.913,-3.963,0.05727787,0.7668,Up
202957_at,HCLS1,hematopoietic cell-specific Lyn substrate 1,0.0493,1.912,-3.964,0.05731278,0.7668,Up
223273_at,GON7,"GON7, KEOPS complex subunit homolog",-0.135,-1.912,-3.964,0.05732466,0.7668,Down
1555676_s_at,GSX1,GS homeobox 1,0.0757,1.912,-3.964,0.05732813,0.7668,Up
216962_at,RPAIN,RPA interacting protein,-0.106,-1.912,-3.964,0.05734836,0.7668,Down
1569790_at,LOC100288590,cutaneous T-cell lymphoma-associated antigen 1 pseudogene,0.062,1.912,-3.964,0.05736565,0.7668,Up
227847_at,EPM2AIP1,EPM2A interacting protein 1,-0.0828,-1.912,-3.965,0.05737601,0.7668,Down
1569693_at,BTBD8,BTB domain containing 8,-0.0887,-1.912,-3.965,0.05738042,0.7668,Down
210187_at,LOC101929368///FKBP1A,uncharacterized LOC101929368///FK506 binding protein 1A,0.211,1.911,-3.965,0.05741691,0.7668,Up
1564494_s_at,P4HB,prolyl 4-hydroxylase subunit beta,0.115,1.911,-3.966,0.05746132,0.7668,Up
213545_x_at,SNX3,sorting nexin 3,0.121,1.911,-3.966,0.05752742,0.7668,Up
1556136_at,MYLK4,myosin light chain kinase family member 4,0.161,1.911,-3.966,0.05753,0.7668,Up
211478_s_at,DPP4,dipeptidyl peptidase 4,-0.147,-1.911,-3.966,0.05753208,0.7668,Down
221030_s_at,ARHGAP24,Rho GTPase activating protein 24,0.148,1.91,-3.966,0.05754077,0.7668,Up
230060_at,CDCA7,cell division cycle associated 7,-0.153,-1.91,-3.967,0.05754903,0.7668,Down
212345_s_at,CREB3L2,cAMP responsive element binding protein 3 like 2,-0.0847,-1.91,-3.967,0.05755654,0.7668,Down
200834_s_at,RPS21,ribosomal protein S21,-0.182,-1.91,-3.967,0.05756716,0.7668,Down
202136_at,ZMYND11,zinc finger MYND-type containing 11,-0.147,-1.91,-3.967,0.05757782,0.7668,Down
221757_at,PIK3IP1,phosphoinositide-3-kinase interacting protein 1,-0.0919,-1.91,-3.967,0.0575978,0.7668,Down
1554869_at,WDR37,WD repeat domain 37,-0.0958,-1.91,-3.967,0.05761155,0.7668,Down
222818_at,OSBPL10,oxysterol binding protein like 10,0.0811,1.91,-3.967,0.05761284,0.7668,Up
202000_at,NDUFA6,NADH:ubiquinone oxidoreductase subunit A6,-0.106,-1.91,-3.967,0.05761714,0.7668,Down
230181_at,PQLC1,PQ loop repeat containing 1,0.075,1.91,-3.967,0.05762526,0.7668,Up
232209_x_at,HM13,histocompatibility minor 13,0.0609,1.91,-3.967,0.05762603,0.7668,Up
224980_at,LEMD2,LEM domain containing 2,0.112,1.91,-3.968,0.05762718,0.7668,Up
213566_at,RNASE6,ribonuclease A family member k6,0.112,1.91,-3.968,0.05764404,0.7668,Up
223868_s_at,WWOX,WW domain containing oxidoreductase,-0.109,-1.91,-3.968,0.05765392,0.7668,Down
214732_at,SP1,Sp1 transcription factor,0.0992,1.909,-3.968,0.05766783,0.7668,Up
201324_at,EMP1,epithelial membrane protein 1,-0.195,-1.909,-3.968,0.05766797,0.7668,Down
236859_at,RUNX2,runt related transcription factor 2,-0.152,-1.909,-3.968,0.05769447,0.7669,Down
241363_at,EXD3,exonuclease 3'-5' domain containing 3,0.102,1.909,-3.969,0.05773348,0.7672,Up
221317_x_at,PCDHB6,protocadherin beta 6,0.0734,1.909,-3.969,0.05773872,0.7672,Up
225182_at,TMEM50B,transmembrane protein 50B,-0.141,-1.909,-3.969,0.05776056,0.7673,Down
232953_at,LINC00266-1,long intergenic non-protein coding RNA 266-1,0.183,1.908,-3.97,0.05779859,0.7675,Up
230322_at,NFAM1,NFAT activating protein with ITAM motif 1,0.123,1.908,-3.97,0.05780904,0.7675,Up
235066_at,MAP4,microtubule associated protein 4,-0.105,-1.908,-3.97,0.0578429,0.7678,Down
218871_x_at,CSGALNACT2,chondroitin sulfate N-acetylgalactosaminyltransferase 2,0.174,1.908,-3.97,0.05787423,0.7678,Up
225284_at,DNAJC3,DnaJ heat shock protein family (Hsp40) member C3,0.0852,1.908,-3.971,0.05792365,0.7682,Up
1559656_a_at,MAMDC2-AS1,MAMDC2 antisense RNA 1,0.0997,1.907,-3.971,0.05795529,0.7682,Up
211710_x_at,SNORD18C///SNORD18B///SNORD18A///SNORD16///RPL4,"small nucleolar RNA, C/D box 18C///small nucleolar RNA, C/D box 18B///small nucleolar RNA, C/D box 18A///small nucleolar RNA, C/D box 16///ribosomal protein L4",-0.11,-1.907,-3.972,0.05796518,0.7682,Down
206204_at,GRB14,growth factor receptor bound protein 14,0.159,1.907,-3.972,0.05797729,0.7682,Up
242393_x_at,AGAP6,"ArfGAP with GTPase domain, ankyrin repeat and PH domain 6",-0.121,-1.907,-3.972,0.05800388,0.7682,Down
203502_at,BPGM,bisphosphoglycerate mutase,0.314,1.906,-3.973,0.05806397,0.7682,Up
1563079_at,LOC100289090,uncharacterized LOC100289090,0.095,1.906,-3.973,0.05809667,0.7682,Up
215381_at,MTOR,mechanistic target of rapamycin,-0.111,-1.906,-3.974,0.05815496,0.7682,Down
228127_at,KCNK3,potassium two pore domain channel subfamily K member 3,0.0769,1.906,-3.974,0.05817634,0.7682,Up
216325_x_at,RTEL1-TNFRSF6B///RTEL1,RTEL1-TNFRSF6B readthrough (NMD candidate)///regulator of telomere elongation helicase 1,0.0878,1.906,-3.974,0.05818518,0.7682,Up
244168_s_at,ULK4,unc-51 like kinase 4,-0.0973,-1.905,-3.974,0.0581996,0.7682,Down
212870_at,SOS2,SOS Ras/Rho guanine nucleotide exchange factor 2,0.147,1.905,-3.974,0.05820087,0.7682,Up
1560741_at,SNURF///SNRPN,SNRPN upstream reading frame///small nuclear ribonucleoprotein polypeptide N,-0.176,-1.905,-3.974,0.05820814,0.7682,Down
222292_at,CD40,CD40 molecule,-0.142,-1.905,-3.974,0.05820989,0.7682,Down
224878_at,UBFD1,ubiquitin family domain containing 1,-0.0788,-1.905,-3.975,0.05824924,0.7682,Down
209485_s_at,OSBPL1A,oxysterol binding protein like 1A,0.155,1.905,-3.975,0.05825272,0.7682,Up
207071_s_at,ACO1,aconitase 1,0.0995,1.905,-3.975,0.05828103,0.7682,Up
226442_at,ABTB1,ankyrin repeat and BTB domain containing 1,0.122,1.904,-3.976,0.05832416,0.7682,Up
238111_at,SDCCAG3,serologically defined colon cancer antigen 3,0.101,1.904,-3.976,0.05833219,0.7682,Up
205493_s_at,DPYSL4,dihydropyrimidinase like 4,-0.187,-1.904,-3.976,0.05835307,0.7682,Down
227658_s_at,PLEKHA3,pleckstrin homology domain containing A3,-0.143,-1.904,-3.976,0.05836048,0.7682,Down
230923_at,FAM19A1,"family with sequence similarity 19 member A1, C-C motif chemokine like",-0.233,-1.904,-3.976,0.05838553,0.7682,Down
213716_s_at,SECTM1,secreted and transmembrane 1,0.124,1.904,-3.977,0.05839126,0.7682,Up
1568852_x_at,LINC01352,long intergenic non-protein coding RNA 1352,0.166,1.904,-3.977,0.05839571,0.7682,Up
244324_at,C18orf54,chromosome 18 open reading frame 54,-0.147,-1.903,-3.978,0.05847775,0.7682,Down
211947_s_at,PRRC2C,proline rich coiled-coil 2C,-0.12,-1.903,-3.978,0.05850542,0.7682,Down
204575_s_at,MMP19,matrix metallopeptidase 19,0.0871,1.903,-3.978,0.05851176,0.7682,Up
217399_s_at,FOXO3B///FOXO3,forkhead box O3B pseudogene///forkhead box O3,0.0811,1.903,-3.978,0.05854397,0.7682,Up
203571_s_at,ADIRF,adipogenesis regulatory factor,0.0928,1.903,-3.978,0.05854464,0.7682,Up
219006_at,NDUFAF4,NADH:ubiquinone oxidoreductase complex assembly factor 4,-0.198,-1.903,-3.979,0.05856111,0.7682,Down
200645_at,GABARAP,GABA type A receptor-associated protein,0.0528,1.903,-3.979,0.05856149,0.7682,Up
226228_at,AQP4,aquaporin 4,0.11,1.903,-3.979,0.05856485,0.7682,Up
219539_at,GEMIN6,gem nuclear organelle associated protein 6,-0.116,-1.903,-3.979,0.05856866,0.7682,Down
223767_at,GPR84,G protein-coupled receptor 84,0.229,1.902,-3.979,0.05861819,0.7682,Up
220944_at,PGLYRP4,peptidoglycan recognition protein 4,0.0787,1.902,-3.979,0.05862696,0.7682,Up
231226_at,MED14OS,MED14 opposite strand,0.0874,1.902,-3.979,0.05862992,0.7682,Up
228153_at,RNF144B,ring finger protein 144B,0.0945,1.902,-3.979,0.05863337,0.7682,Up
207053_at,SLC8A1,solute carrier family 8 member A1,0.133,1.902,-3.979,0.05864292,0.7682,Up
211151_x_at,GH1,growth hormone 1,0.0836,1.902,-3.98,0.05864699,0.7682,Up
216711_s_at,TAF1,TATA-box binding protein associated factor 1,-0.102,-1.902,-3.98,0.05865354,0.7682,Down
226513_at,ASB7,ankyrin repeat and SOCS box containing 7,0.111,1.902,-3.98,0.05866367,0.7682,Up
231402_at,LOC100507507,uncharacterized LOC100507507,0.0916,1.902,-3.98,0.05866905,0.7682,Up
224448_s_at,MIR3934///UQCC2,microRNA 3934///ubiquinol-cytochrome c reductase complex assembly factor 2,-0.181,-1.902,-3.98,0.05868496,0.7682,Down
228911_at,ADAMTS7,ADAM metallopeptidase with thrombospondin type 1 motif 7,0.0864,1.902,-3.98,0.05870964,0.7682,Up
207039_at,CDKN2A,cyclin dependent kinase inhibitor 2A,0.103,1.901,-3.98,0.05872461,0.7682,Up
239579_at,EPHX4,epoxide hydrolase 4,-0.127,-1.901,-3.981,0.05873459,0.7682,Down
222289_at,KCNC2,potassium voltage-gated channel subfamily C member 2,0.0793,1.901,-3.981,0.05873976,0.7682,Up
221626_at,ZNF506,zinc finger protein 506,-0.0899,-1.901,-3.981,0.05876166,0.7682,Down
212479_s_at,RMND5A,required for meiotic nuclear division 5 homolog A,0.105,1.901,-3.981,0.05877005,0.7682,Up
1569614_s_at,LCN8,lipocalin 8,0.0948,1.901,-3.981,0.0587774,0.7682,Up
1553945_at,GPHB5,glycoprotein hormone beta 5,0.0776,1.901,-3.981,0.05878315,0.7682,Up
215259_s_at,CADM4,cell adhesion molecule 4,0.101,1.901,-3.981,0.05880599,0.7683,Up
212706_at,LOC102724229///RASA4B///RASA4,uncharacterized LOC102724229///RAS p21 protein activator 4B///RAS p21 protein activator 4,-0.164,-1.9,-3.982,0.05889572,0.7689,Down
222233_s_at,DCLRE1C,DNA cross-link repair 1C,-0.0911,-1.9,-3.983,0.05890467,0.7689,Down
204994_at,MX2,MX dynamin like GTPase 2,0.0963,1.9,-3.983,0.05891121,0.7689,Up
211348_s_at,CDC14B,cell division cycle 14B,-0.097,-1.9,-3.983,0.05896287,0.769,Down
214144_at,POLR2D,RNA polymerase II subunit D,-0.112,-1.9,-3.983,0.0589662,0.769,Down
217939_s_at,AFTPH,aftiphilin,-0.0756,-1.899,-3.984,0.05900653,0.769,Down
227423_at,LRRC28,leucine rich repeat containing 28,0.109,1.899,-3.984,0.05902512,0.769,Up
208447_s_at,PRPS1,phosphoribosyl pyrophosphate synthetase 1,-0.143,-1.899,-3.984,0.05903035,0.769,Down
219661_at,RANBP17,RAN binding protein 17,0.079,1.899,-3.984,0.05903324,0.769,Up
232074_at,PRSS27,"protease, serine 27",0.0755,1.899,-3.984,0.059051,0.769,Up
207227_x_at,RFPL2,ret finger protein like 2,0.111,1.899,-3.984,0.0590671,0.769,Up
225634_at,ZC3HAV1,"zinc finger CCCH-type containing, antiviral 1",0.105,1.899,-3.985,0.05909198,0.769,Up
203149_at,NECTIN2,nectin cell adhesion molecule 2,0.179,1.898,-3.985,0.05911932,0.769,Up
209643_s_at,PLD2,phospholipase D2,0.0801,1.898,-3.985,0.05912093,0.769,Up
210802_s_at,DIMT1,DIM1 dimethyladenosine transferase 1 homolog,-0.112,-1.898,-3.985,0.05913558,0.769,Down
1559297_at,SNX29P2,sorting nexin 29 pseudogene 2,-0.114,-1.898,-3.985,0.05914351,0.769,Down
213173_at,PCNX1,pecanex homolog 1 (Drosophila),0.131,1.898,-3.986,0.05916074,0.769,Up
218473_s_at,COLGALT1,collagen beta(1-O)galactosyltransferase 1,0.0693,1.897,-3.986,0.05924357,0.7693,Up
209035_at,MDK,midkine (neurite growth-promoting factor 2),0.0819,1.897,-3.986,0.05924488,0.7693,Up
207280_at,RNF185-AS1,RNF185 antisense RNA 1,-0.0898,-1.897,-3.986,0.05924528,0.7693,Down
231664_at,SLC25A29,solute carrier family 25 member 29,0.0771,1.897,-3.987,0.05924872,0.7693,Up
201655_s_at,HSPG2,heparan sulfate proteoglycan 2,0.0771,1.897,-3.987,0.05930468,0.7696,Up
1554279_a_at,TRMT2B,tRNA methyltransferase 2 homolog B,0.08,1.897,-3.987,0.05932011,0.7696,Up
201554_x_at,GYG1,glycogenin 1,0.123,1.897,-3.987,0.0593248,0.7696,Up
1553055_a_at,SLFN5,schlafen family member 5,-0.152,-1.897,-3.987,0.0593292,0.7696,Down
207804_s_at,FCN2,ficolin 2,0.0832,1.897,-3.988,0.05935305,0.7697,Up
1553702_at,ZNF697,zinc finger protein 697,0.0856,1.897,-3.988,0.0593705,0.7697,Up
211470_s_at,SULT1C2,sulfotransferase family 1C member 2,0.0627,1.896,-3.988,0.05937826,0.7697,Up
218083_at,PTGES2,prostaglandin E synthase 2,0.0694,1.896,-3.988,0.05940432,0.7698,Up
201072_s_at,SMARCC1,"SWI/SNF related, matrix associated, actin dependent regulator of chromatin subfamily c member 1",-0.117,-1.896,-3.989,0.05947368,0.7699,Down
1558549_s_at,VNN1,vanin 1,0.24,1.896,-3.989,0.05948388,0.7699,Up
200936_at,RPL8,ribosomal protein L8,-0.102,-1.895,-3.99,0.05953264,0.7699,Down
242396_at,NR2F2,nuclear receptor subfamily 2 group F member 2,0.0762,1.895,-3.99,0.05954472,0.7699,Up
1558124_at,NUDCD2,NudC domain containing 2,-0.141,-1.895,-3.99,0.05954912,0.7699,Down
230660_at,SERTAD4,SERTA domain containing 4,0.104,1.895,-3.991,0.05960471,0.7699,Up
219963_at,DUSP13,dual specificity phosphatase 13,0.0828,1.895,-3.991,0.05961949,0.7699,Up
200697_at,HK1,hexokinase 1,0.12,1.895,-3.991,0.05962199,0.7699,Up
229543_at,FAM26F,family with sequence similarity 26 member F,0.206,1.895,-3.991,0.05962252,0.7699,Up
226666_at,DAAM1,dishevelled associated activator of morphogenesis 1,-0.136,-1.895,-3.991,0.05962298,0.7699,Down
203761_at,SLA,Src-like-adaptor,0.0923,1.895,-3.991,0.05963434,0.7699,Up
236178_at,SMIM8,small integral membrane protein 8,-0.139,-1.894,-3.991,0.05965702,0.7699,Down
200984_s_at,CD59,CD59 molecule,0.214,1.894,-3.991,0.05966877,0.7699,Up
1553887_at,SIGLECL1,SIGLEC family like 1,0.0892,1.894,-3.991,0.05967497,0.7699,Up
221904_at,FAM131A,family with sequence similarity 131 member A,0.108,1.894,-3.992,0.05976686,0.7709,Up
205070_at,ING3,inhibitor of growth family member 3,-0.105,-1.893,-3.993,0.05982695,0.7709,Down
207643_s_at,TNFRSF1A,TNF receptor superfamily member 1A,0.0729,1.893,-3.993,0.05984574,0.7709,Up
224581_s_at,NUCKS1,nuclear casein kinase and cyclin dependent kinase substrate 1,-0.109,-1.893,-3.994,0.05989088,0.7709,Down
217035_at,SKAP2,src kinase associated phosphoprotein 2,0.0911,1.893,-3.994,0.05989215,0.7709,Up
235741_at,PPIA,peptidylprolyl isomerase A,0.0823,1.892,-3.995,0.05994792,0.7709,Up
219343_at,CDC37L1,cell division cycle 37 like 1,-0.112,-1.892,-3.995,0.05995021,0.7709,Down
1552467_at,DSCR10,Down syndrome critical region 10 (non-protein coding),0.0939,1.892,-3.995,0.05995087,0.7709,Up
203287_at,LAD1,ladinin 1,0.0849,1.892,-3.995,0.05995384,0.7709,Up
206531_at,DPF1,double PHD fingers 1,0.0813,1.892,-3.995,0.05996359,0.7709,Up
210384_at,PRMT2,protein arginine methyltransferase 2,-0.15,-1.892,-3.995,0.0599896,0.7709,Down
223448_x_at,MRPS22,mitochondrial ribosomal protein S22,-0.0625,-1.892,-3.995,0.05999023,0.7709,Down
229644_at,PREP,prolyl endopeptidase,-0.138,-1.892,-3.995,0.05999841,0.7709,Down
220755_s_at,C6orf48,chromosome 6 open reading frame 48,-0.0936,-1.892,-3.995,0.06000374,0.7709,Down
211612_s_at,IL13RA1,interleukin 13 receptor subunit alpha 1,0.12,1.892,-3.995,0.060015,0.7709,Up
220142_at,HAPLN2,hyaluronan and proteoglycan link protein 2,0.0837,1.892,-3.995,0.06002475,0.7709,Up
224670_at,SYS1,Sys1 golgi trafficking protein,-0.0989,-1.892,-3.996,0.06003741,0.7709,Down
1566840_at,LOC283674,uncharacterized LOC283674,0.0912,1.891,-3.996,0.06004637,0.7709,Up
201615_x_at,CALD1,caldesmon 1,0.15,1.891,-3.996,0.06005402,0.7709,Up
224622_at,TBC1D14,TBC1 domain family member 14,0.106,1.891,-3.996,0.06011675,0.7715,Up
235165_at,PARD6B,par-6 family cell polarity regulator beta,-0.217,-1.891,-3.997,0.06013841,0.7715,Down
230023_at,NSUN4,NOP2/Sun RNA methyltransferase family member 4,-0.175,-1.891,-3.997,0.06016447,0.7715,Down
220617_s_at,ZNF532,zinc finger protein 532,-0.162,-1.891,-3.997,0.06016841,0.7715,Down
1565338_x_at,DNAH6,dynein axonemal heavy chain 6,0.0805,1.89,-3.997,0.06019892,0.7717,Up
220573_at,KLK14,kallikrein related peptidase 14,0.0903,1.89,-3.998,0.06026924,0.7719,Up
210570_x_at,MAPK9,mitogen-activated protein kinase 9,-0.0974,-1.89,-3.998,0.0602737,0.7719,Down
216114_at,NCKIPSD,NCK interacting protein with SH3 domain,0.0879,1.89,-3.998,0.06029387,0.7719,Up
221511_x_at,DYX1C1-CCPG1///CCPG1,DYX1C1-CCPG1 readthrough (NMD candidate)///cell cycle progression 1,0.147,1.89,-3.999,0.0602946,0.7719,Up
213119_at,SLC36A1,solute carrier family 36 member 1,0.152,1.89,-3.999,0.06029707,0.7719,Up
228055_at,NAPSB,"napsin B aspartic peptidase, pseudogene",-0.245,-1.889,-3.999,0.06033394,0.7721,Down
1553129_at,SVEP1,"sushi, von Willebrand factor type A, EGF and pentraxin domain containing 1",0.0979,1.889,-3.999,0.060369,0.7721,Up
203259_s_at,HDDC2,HD domain containing 2,-0.165,-1.889,-4.0,0.06038925,0.7721,Down
1555235_s_at,IQCF3,IQ motif containing F3,0.0799,1.889,-4.0,0.06039853,0.7721,Up
211938_at,EIF4B,eukaryotic translation initiation factor 4B,-0.044,-1.889,-4.0,0.0603986,0.7721,Down
229511_at,SMARCE1,"SWI/SNF related, matrix associated, actin dependent regulator of chromatin, subfamily e, member 1",-0.133,-1.889,-4.0,0.06041578,0.7721,Down
226895_at,NFIC,nuclear factor I C,0.113,1.889,-4.0,0.06042955,0.7721,Up
214443_at,PVR,poliovirus receptor,0.104,1.889,-4.0,0.06043182,0.7721,Up
217200_x_at,CYB561,cytochrome b561,-0.121,-1.888,-4.0,0.06044822,0.7721,Down
244041_at,STX6,syntaxin 6,0.138,1.888,-4.0,0.06046507,0.7721,Up
204588_s_at,SLC7A7,solute carrier family 7 member 7,0.0822,1.888,-4.0,0.06046728,0.7721,Up
235623_at,ELP2,elongator acetyltransferase complex subunit 2,-0.152,-1.888,-4.001,0.06050629,0.7724,Down
1561550_at,LOC101928012,uncharacterized LOC101928012,0.0711,1.887,-4.002,0.06058738,0.7729,Up
236831_at,CCDC50,coiled-coil domain containing 50,-0.17,-1.887,-4.002,0.06058784,0.7729,Down
243008_at,RHEB,Ras homolog enriched in brain,-0.175,-1.887,-4.002,0.06058908,0.7729,Down
240642_at,ZMYM2,zinc finger MYM-type containing 2,-0.139,-1.887,-4.003,0.06068106,0.773,Down
242543_at,SH2D6,SH2 domain containing 6,0.0921,1.887,-4.003,0.06068585,0.773,Up
211505_s_at,STAU1,staufen double-stranded RNA binding protein 1,0.103,1.887,-4.003,0.06069856,0.773,Up
230911_at,SIX1,SIX homeobox 1,0.0796,1.887,-4.003,0.06070429,0.773,Up
238237_at,LOC100130964,ADAM metallopeptidase domain 3A-like,0.0813,1.887,-4.003,0.06071275,0.773,Up
219883_at,TEX40,testis expressed 40,0.0791,1.887,-4.003,0.06071321,0.773,Up
1557370_s_at,MYCBP2,"MYC binding protein 2, E3 ubiquitin protein ligase",-0.103,-1.886,-4.003,0.06072574,0.773,Down
1554614_a_at,PTBP2,polypyrimidine tract binding protein 2,-0.106,-1.886,-4.004,0.06075687,0.7732,Down
208354_s_at,SLC12A3,solute carrier family 12 member 3,0.091,1.886,-4.004,0.06078957,0.7733,Up
1570395_a_at,LOC101928910///FAM66C,uncharacterized LOC101928910///family with sequence similarity 66 member C,-0.0724,-1.886,-4.004,0.06080348,0.7733,Down
219482_at,SETD4,SET domain containing 4,-0.082,-1.886,-4.005,0.06084388,0.7733,Down
226139_at,CCDC149,coiled-coil domain containing 149,0.148,1.886,-4.005,0.06084828,0.7733,Up
206275_s_at,MICAL2,"microtubule associated monooxygenase, calponin and LIM domain containing 2",0.148,1.885,-4.005,0.06085716,0.7733,Up
217813_s_at,SPIN1,spindlin 1,-0.0944,-1.885,-4.005,0.06087539,0.7733,Down
228052_x_at,TCF3,transcription factor 3,0.0859,1.885,-4.005,0.060876,0.7733,Up
240072_at,ASXL2,"additional sex combs like 2, transcriptional regulator",-0.177,-1.885,-4.005,0.0608975,0.7734,Down
1560339_s_at,NAP1L4,nucleosome assembly protein 1 like 4,-0.079,-1.885,-4.006,0.06093169,0.7735,Down
207685_at,CRYBB3,crystallin beta B3,0.0816,1.885,-4.006,0.0609363,0.7735,Up
204444_at,KIF11,kinesin family member 11,-0.195,-1.885,-4.006,0.06094426,0.7735,Down
231399_at,RAB3IP,RAB3A interacting protein,-0.109,-1.885,-4.006,0.06096774,0.7736,Down
237988_at,EIF1B,eukaryotic translation initiation factor 1B,0.075,1.885,-4.006,0.06098216,0.7736,Up
221141_x_at,EPN1,epsin 1,0.0725,1.884,-4.006,0.06099793,0.7736,Up
64064_at,GIMAP1-GIMAP5///GIMAP5,"GIMAP1-GIMAP5 readthrough///GTPase, IMAP family member 5",-0.103,-1.884,-4.007,0.06103106,0.7739,Down
239607_at,GPR156,G protein-coupled receptor 156,0.0874,1.884,-4.007,0.06106363,0.7739,Up
202670_at,MAP2K1,mitogen-activated protein kinase kinase 1,0.103,1.884,-4.008,0.06110131,0.7741,Up
208916_at,SLC1A5,solute carrier family 1 member 5,0.125,1.884,-4.008,0.0611186,0.7741,Up
216370_s_at,TKTL1,transketolase like 1,-0.113,-1.883,-4.008,0.06112728,0.7741,Down
238630_at,OPA3,"optic atrophy 3 (autosomal recessive, with chorea and spastic paraplegia)",0.0996,1.883,-4.008,0.06113224,0.7741,Up
240006_at,SNHG22,small nucleolar RNA host gene 22,-0.179,-1.883,-4.008,0.06114692,0.7741,Down
204911_s_at,TRIM3,tripartite motif containing 3,0.0928,1.883,-4.009,0.06120932,0.7747,Up
229900_at,CD109,CD109 molecule,0.131,1.883,-4.009,0.06122244,0.7747,Up
220292_at,ZSCAN32,zinc finger and SCAN domain containing 32,-0.0809,-1.882,-4.01,0.06127108,0.7748,Down
221296_at,TECTA,tectorin alpha,0.0758,1.882,-4.01,0.06129574,0.7748,Up
212413_at,SEPT6,septin 6,-0.124,-1.882,-4.01,0.06134522,0.7748,Down
1554285_at,HAVCR2,hepatitis A virus cellular receptor 2,-0.101,-1.882,-4.011,0.0613889,0.7748,Down
217263_x_at,LOC101928269///LOC100506403///RUNX1,uncharacterized LOC101928269///uncharacterized LOC100506403///runt related transcription factor 1,-0.0941,-1.882,-4.011,0.06138994,0.7748,Down
210166_at,TLR5,toll like receptor 5,0.143,1.882,-4.011,0.06139463,0.7748,Up
212046_x_at,MAPK3,mitogen-activated protein kinase 3,0.106,1.881,-4.011,0.06140506,0.7748,Up
229450_at,IFIT3,interferon induced protein with tetratricopeptide repeats 3,0.206,1.881,-4.011,0.06140756,0.7748,Up
210606_x_at,KLRD1,killer cell lectin like receptor D1,-0.169,-1.881,-4.011,0.06141701,0.7748,Down
236434_at,PES1,pescadillo ribosomal biogenesis factor 1,0.1,1.881,-4.011,0.06143046,0.7748,Up
1554411_at,CTNNB1,catenin beta 1,0.13,1.881,-4.012,0.06150199,0.775,Up
239719_at,CD109,CD109 molecule,0.0908,1.881,-4.012,0.0615038,0.775,Up
213812_s_at,CAMKK2,calcium/calmodulin dependent protein kinase kinase 2,0.132,1.881,-4.012,0.06151499,0.775,Up
210031_at,CD247,CD247 molecule,-0.157,-1.881,-4.012,0.06152883,0.775,Down
234711_s_at,BCORL1,BCL6 corepressor-like 1,0.0826,1.88,-4.013,0.0615742,0.775,Up
1569022_a_at,PIK3C2A,phosphatidylinositol-4-phosphate 3-kinase catalytic subunit type 2 alpha,-0.16,-1.88,-4.013,0.06158855,0.775,Down
210000_s_at,SOCS1,suppressor of cytokine signaling 1,0.0908,1.88,-4.013,0.06159039,0.775,Up
234916_at,DBH,dopamine beta-hydroxylase,0.0824,1.88,-4.013,0.06160828,0.775,Up
1559670_at,LOC100506489,uncharacterized LOC100506489,0.0885,1.88,-4.013,0.06161707,0.775,Up
1566513_a_at,GNG4,G protein subunit gamma 4,-0.0829,-1.88,-4.014,0.06165989,0.775,Down
203140_at,BCL6,B-cell CLL/lymphoma 6,0.0645,1.88,-4.014,0.06166716,0.775,Up
231264_at,TMCO2,transmembrane and coiled-coil domains 2,-0.109,-1.88,-4.014,0.06166879,0.775,Down
226752_at,FAM174A,family with sequence similarity 174 member A,0.162,1.879,-4.014,0.06167925,0.775,Up
205293_x_at,BAIAP2,BAI1 associated protein 2,0.0858,1.879,-4.014,0.06170033,0.775,Up
231350_at,LINC01350,long intergenic non-protein coding RNA 1350,0.093,1.879,-4.015,0.06172529,0.775,Up
221896_s_at,HIGD1A,HIG1 hypoxia inducible domain family member 1A,-0.149,-1.879,-4.015,0.0617285,0.775,Down
209287_s_at,CDC42EP3,CDC42 effector protein 3,0.146,1.879,-4.015,0.06173368,0.775,Up
241871_at,CAMK4,calcium/calmodulin dependent protein kinase IV,-0.201,-1.879,-4.015,0.06177652,0.7751,Down
204178_s_at,RBM14,RNA binding motif protein 14,-0.065,-1.879,-4.015,0.06177768,0.7751,Down
218568_at,AGK,acylglycerol kinase,-0.153,-1.879,-4.015,0.06178038,0.7751,Down
1561544_at,LOC101927058,uncharacterized LOC101927058,-0.0925,-1.878,-4.016,0.06183713,0.7752,Down
226188_at,LGALSL,galectin like,0.176,1.878,-4.016,0.06184084,0.7752,Up
204686_at,IRS1,insulin receptor substrate 1,0.161,1.878,-4.016,0.06185579,0.7752,Up
223063_at,C1orf198,chromosome 1 open reading frame 198,0.115,1.878,-4.016,0.06189251,0.7752,Up
205129_at,NPM3,nucleophosmin/nucleoplasmin 3,-0.0854,-1.878,-4.016,0.06189607,0.7752,Down
59625_at,NOL3,nucleolar protein 3,0.0989,1.878,-4.017,0.0619128,0.7752,Up
203496_s_at,MED1,mediator complex subunit 1,-0.121,-1.878,-4.017,0.06194034,0.7752,Down
233593_at,GATB,glutamyl-tRNA amidotransferase subunit B,-0.111,-1.877,-4.017,0.06194867,0.7752,Down
204890_s_at,LCK,"LCK proto-oncogene, Src family tyrosine kinase",-0.131,-1.877,-4.017,0.06196675,0.7752,Down
224146_s_at,ABCC11,ATP binding cassette subfamily C member 11,0.0845,1.877,-4.017,0.06198578,0.7752,Up
1554705_at,SCARA5,scavenger receptor class A member 5,0.0805,1.877,-4.018,0.06201462,0.7752,Up
211819_s_at,SORBS1,sorbin and SH3 domain containing 1,0.0889,1.877,-4.018,0.0620229,0.7752,Up
229809_at,POU6F1,POU class 6 homeobox 1,-0.127,-1.877,-4.018,0.06202581,0.7752,Down
1554113_a_at,SLC4A8,solute carrier family 4 member 8,0.12,1.877,-4.018,0.0620307,0.7752,Up
202011_at,TJP1,tight junction protein 1,-0.105,-1.877,-4.018,0.06203547,0.7752,Down
220535_at,FAM90A1,family with sequence similarity 90 member A1,0.0886,1.877,-4.018,0.06204257,0.7752,Up
234741_at,ATP2B2,ATPase plasma membrane Ca2+ transporting 2,0.0781,1.877,-4.018,0.06207328,0.7752,Up
205321_at,EIF2S3,eukaryotic translation initiation factor 2 subunit gamma,-0.0976,-1.877,-4.018,0.06207652,0.7752,Down
238065_at,TPM3,tropomyosin 3,0.0986,1.876,-4.019,0.06210103,0.7752,Up
1555708_a_at,OFCC1,orofacial cleft 1 candidate 1,0.1,1.876,-4.019,0.06211336,0.7752,Up
213864_s_at,NAP1L1,nucleosome assembly protein 1 like 1,-0.0539,-1.876,-4.019,0.0621508,0.7753,Down
201109_s_at,THBS1,thrombospondin 1,0.13,1.876,-4.02,0.06217679,0.7753,Up
237322_at,MIAT,myocardial infarction associated transcript (non-protein coding),-0.159,-1.876,-4.02,0.06217817,0.7753,Down
1560257_at,LOC101928988,uncharacterized LOC101928988,0.177,1.876,-4.02,0.06219135,0.7753,Up
201272_at,AKR1B1,aldo-keto reductase family 1 member B,-0.089,-1.875,-4.02,0.06226144,0.7758,Down
213421_x_at,PRSS3,"protease, serine 3",0.0789,1.875,-4.021,0.06229226,0.7758,Up
1558028_x_at,NORAD,non-coding RNA activated by DNA damage,-0.135,-1.875,-4.021,0.0623068,0.7758,Down
223740_at,AGPAT4-IT1,AGPAT4 intronic transcript 1,-0.122,-1.875,-4.021,0.06232488,0.7758,Down
203680_at,PRKAR2B,protein kinase cAMP-dependent type II regulatory subunit beta,0.221,1.874,-4.022,0.06236889,0.7758,Up
231823_s_at,SH3PXD2B,SH3 and PX domains 2B,0.126,1.874,-4.022,0.0623811,0.7758,Up
35685_at,RING1,ring finger protein 1,-0.106,-1.874,-4.022,0.06238553,0.7758,Down
218462_at,RPF1,ribosome production factor 1 homolog,-0.0805,-1.874,-4.022,0.0624394,0.7758,Down
222345_at,EMC10,ER membrane protein complex subunit 10,-0.117,-1.874,-4.023,0.06245261,0.7758,Down
240304_s_at,TMC5,transmembrane channel like 5,0.0781,1.874,-4.023,0.06246619,0.7758,Up
202368_s_at,TRAM2,translocation associated membrane protein 2,-0.122,-1.874,-4.023,0.06248243,0.7758,Down
1562892_at,CHCHD5,coiled-coil-helix-coiled-coil-helix domain containing 5,-0.13,-1.874,-4.023,0.0624955,0.7758,Down
1569670_at,PP12613,uncharacterized LOC100192379,0.08,1.873,-4.023,0.06250235,0.7758,Up
212311_at,SEL1L3,SEL1L family member 3,-0.126,-1.873,-4.023,0.06250955,0.7758,Down
217868_s_at,METTL9,methyltransferase like 9,0.0747,1.873,-4.023,0.06252591,0.7758,Up
226450_at,INSR,insulin receptor,0.113,1.873,-4.023,0.06253437,0.7758,Up
205663_at,PCBP3,poly(rC) binding protein 3,0.11,1.873,-4.024,0.06254142,0.7758,Up
239027_at,DOCK8,dedicator of cytokinesis 8,-0.121,-1.873,-4.024,0.0625446,0.7758,Down
206156_at,GJB5,gap junction protein beta 5,0.0831,1.873,-4.024,0.06254634,0.7758,Up
231330_at,LINC00445,long intergenic non-protein coding RNA 445,0.129,1.873,-4.024,0.06258925,0.776,Up
203661_s_at,TMOD1,tropomodulin 1,0.233,1.873,-4.024,0.06261907,0.776,Up
205339_at,STIL,SCL/TAL1 interrupting locus,-0.146,-1.872,-4.025,0.06265343,0.776,Down
210214_s_at,BMPR2,bone morphogenetic protein receptor type 2,-0.104,-1.872,-4.025,0.06267564,0.776,Down
221864_at,ORAI3,ORAI calcium release-activated calcium modulator 3,0.0714,1.872,-4.025,0.0627193,0.7761,Up
202990_at,PYGL,"phosphorylase, glycogen, liver",0.124,1.872,-4.026,0.06272606,0.7761,Up
214673_s_at,HUWE1,"HECT, UBA and WWE domain containing 1, E3 ubiquitin protein ligase",-0.107,-1.872,-4.026,0.06277511,0.7763,Down
214147_at,MROH7,maestro heat like repeat family member 7,0.101,1.871,-4.026,0.06280744,0.7766,Up
201096_s_at,ARF4,ADP ribosylation factor 4,0.0758,1.871,-4.027,0.06283086,0.7767,Up
1569259_at,DAB1-AS1,DAB1 antisense RNA 1,-0.0739,-1.871,-4.027,0.06285907,0.7767,Down
221952_x_at,TRMT5,tRNA methyltransferase 5,-0.0339,-1.871,-4.027,0.06285968,0.7767,Down
230826_at,MMD2,monocyte to macrophage differentiation associated 2,0.0966,1.87,-4.028,0.06292264,0.7773,Up
217485_x_at,PMS2P1,"PMS1 homolog 2, mismatch repair system component pseudogene 1",-0.0906,-1.87,-4.028,0.06295257,0.7774,Down
240950_s_at,CCDC155,coiled-coil domain containing 155,0.0708,1.87,-4.028,0.06296044,0.7774,Up
231889_at,UBR4,ubiquitin protein ligase E3 component n-recognin 4,0.0865,1.87,-4.028,0.06297045,0.7774,Up
228574_at,TMTC2,transmembrane and tetratricopeptide repeat containing 2,0.142,1.87,-4.029,0.06303493,0.778,Up
217784_at,YKT6,YKT6 v-SNARE homolog (S. cerevisiae),0.0702,1.869,-4.029,0.06307462,0.7783,Up
215231_at,PRKAG2,protein kinase AMP-activated non-catalytic subunit gamma 2,-0.148,-1.869,-4.03,0.0631508,0.7785,Down
1558759_s_at,CLASP2,cytoplasmic linker associated protein 2,-0.117,-1.869,-4.03,0.06316177,0.7785,Down
236129_at,GALNT5,polypeptide N-acetylgalactosaminyltransferase 5,0.113,1.869,-4.03,0.06317045,0.7785,Up
211487_x_at,RPS17,ribosomal protein S17,-0.163,-1.869,-4.03,0.06317421,0.7785,Down
222831_at,SAP30L,SAP30 like,0.112,1.869,-4.031,0.06318805,0.7785,Up
235476_at,TRIM59///IFT80,tripartite motif containing 59///intraflagellar transport 80,-0.189,-1.869,-4.031,0.06318985,0.7785,Down
1563571_at,CTBP1-AS,CTBP1 antisense RNA,-0.123,-1.868,-4.031,0.06320341,0.7785,Down
219518_s_at,ELL3,elongation factor for RNA polymerase II 3,-0.0931,-1.868,-4.031,0.06323274,0.7785,Down
1552721_a_at,FGF1,fibroblast growth factor 1,0.0822,1.868,-4.031,0.06326305,0.7785,Up
201302_at,ANXA4,annexin A4,0.136,1.868,-4.032,0.06328709,0.7785,Up
230382_at,SLC11A1,solute carrier family 11 member 1,0.109,1.868,-4.032,0.06330423,0.7785,Up
223598_at,RAD23B,"RAD23 homolog B, nucleotide excision repair protein",0.118,1.868,-4.032,0.06330836,0.7785,Up
201070_x_at,SF3B1,splicing factor 3b subunit 1,-0.0984,-1.868,-4.032,0.06330869,0.7785,Down
226558_at,TEKT4P2///MAFIP///LOC389834,tektin 4 pseudogene 2///MAFF interacting protein (pseudogene)///ankyrin repeat domain 57 pseudogene,-0.314,-1.868,-4.032,0.06331722,0.7785,Down
234306_s_at,SLAMF7,SLAM family member 7,-0.14,-1.868,-4.032,0.06331815,0.7785,Down
227519_at,PLAC4,placenta specific 4,0.085,1.867,-4.032,0.06334627,0.7785,Up
202567_at,SNRPD3,small nuclear ribonucleoprotein D3 polypeptide,-0.0778,-1.867,-4.032,0.06334658,0.7785,Down
212107_s_at,DHX9,DEAH-box helicase 9,-0.102,-1.867,-4.033,0.06337414,0.7786,Down
211588_s_at,PML,promyelocytic leukemia,-0.0876,-1.867,-4.033,0.06338829,0.7786,Down
212578_x_at,RPS17,ribosomal protein S17,-0.162,-1.867,-4.033,0.0634346,0.779,Down
214606_at,TSPAN2,tetraspanin 2,0.171,1.867,-4.033,0.06345333,0.779,Up
1561481_at,LOC101928435,uncharacterized LOC101928435,0.101,1.866,-4.034,0.06350789,0.779,Up
229360_at,ZNF280B,zinc finger protein 280B,-0.171,-1.866,-4.034,0.06353971,0.779,Down
210872_x_at,GAS7,growth arrest specific 7,0.134,1.866,-4.035,0.06356387,0.779,Up
219598_s_at,RWDD1,RWD domain containing 1,-0.098,-1.865,-4.035,0.06363033,0.779,Down
227300_at,TMEM119,transmembrane protein 119,0.142,1.865,-4.035,0.06363841,0.779,Up
228368_at,ARHGAP20,Rho GTPase activating protein 20,-0.0951,-1.865,-4.036,0.06367091,0.779,Down
1553869_at,SESN3,sestrin 3,0.246,1.865,-4.036,0.0637047,0.779,Up
226267_at,JDP2,Jun dimerization protein 2,0.121,1.865,-4.036,0.06372413,0.779,Up
1553380_at,PARP15,poly(ADP-ribose) polymerase family member 15,-0.168,-1.865,-4.036,0.06374299,0.779,Down
213022_s_at,UTRN,utrophin,-0.125,-1.865,-4.037,0.06374712,0.779,Down
1555981_at,ASB16-AS1,ASB16 antisense RNA 1,-0.0899,-1.864,-4.037,0.06379521,0.779,Down
236456_at,PTPN5,"protein tyrosine phosphatase, non-receptor type 5",0.0957,1.864,-4.037,0.06381321,0.779,Up
205233_s_at,PAFAH2,platelet activating factor acetylhydrolase 2,-0.0855,-1.864,-4.037,0.06382584,0.779,Down
1552969_a_at,ZMYM6,zinc finger MYM-type containing 6,-0.204,-1.864,-4.037,0.063827,0.779,Down
206693_at,IL7,interleukin 7,-0.147,-1.864,-4.038,0.06384011,0.779,Down
224467_s_at,PDCD2L,programmed cell death 2 like,-0.127,-1.864,-4.038,0.06384077,0.779,Down
240306_at,LINC00312,long intergenic non-protein coding RNA 312,0.0851,1.864,-4.038,0.06384166,0.779,Up
216312_at,ATP2B3,ATPase plasma membrane Ca2+ transporting 3,0.086,1.864,-4.038,0.0638494,0.779,Up
220398_at,GNPTAB,N-acetylglucosamine-1-phosphate transferase alpha and beta subunits,0.0943,1.864,-4.038,0.06385132,0.779,Up
238084_at,PCGF3,polycomb group ring finger 3,0.101,1.864,-4.038,0.06388904,0.779,Up
201186_at,LRPAP1,LDL receptor related protein associated protein 1,0.154,1.864,-4.038,0.06389266,0.779,Up
202764_at,STIM1,stromal interaction molecule 1,0.0547,1.864,-4.038,0.063893,0.779,Up
238130_at,NFATC2IP,nuclear factor of activated T-cells 2 interacting protein,-0.183,-1.863,-4.038,0.06391076,0.779,Down
201421_s_at,WDR77,WD repeat domain 77,-0.0843,-1.863,-4.038,0.06392318,0.779,Down
243208_x_at,ACTL9,actin like 9,0.0671,1.863,-4.038,0.06392929,0.779,Up
216550_x_at,ANKRD12,ankyrin repeat domain 12,0.169,1.863,-4.039,0.06393896,0.779,Up
55705_at,R3HDM4,R3H domain containing 4,0.107,1.863,-4.039,0.06400364,0.779,Up
244411_at,MINCR,MYC-induced long noncoding RNA,-0.134,-1.863,-4.039,0.06401106,0.779,Down
227488_at,MIR503///MIR424///MIR503HG,microRNA 503///microRNA 424///MIR503 host gene,0.0935,1.863,-4.04,0.06403248,0.779,Up
215509_s_at,BUB1,BUB1 mitotic checkpoint serine/threonine kinase,-0.111,-1.862,-4.04,0.0640498,0.779,Down
214758_at,DCAF4,DDB1 and CUL4 associated factor 4,-0.142,-1.862,-4.04,0.06405537,0.779,Down
1554827_a_at,ADCY7,adenylate cyclase 7,-0.0969,-1.862,-4.04,0.06405818,0.779,Down
207639_at,FZD9,frizzled class receptor 9,0.0827,1.862,-4.04,0.06408425,0.779,Up
201560_at,CLIC4,chloride intracellular channel 4,0.176,1.862,-4.04,0.06411101,0.779,Up
217885_at,IPO9,importin 9,-0.0893,-1.862,-4.041,0.0641254,0.779,Down
207196_s_at,TNIP1,TNFAIP3 interacting protein 1,0.0736,1.861,-4.041,0.06418693,0.779,Up
222301_at,C1orf61,chromosome 1 open reading frame 61,0.0846,1.861,-4.041,0.06419161,0.779,Up
38707_r_at,E2F4,E2F transcription factor 4,0.0557,1.861,-4.041,0.06419477,0.779,Up
225777_at,SAPCD2,suppressor APC domain containing 2,0.0774,1.861,-4.042,0.06421948,0.779,Up
232613_at,PBRM1,polybromo 1,-0.137,-1.861,-4.042,0.06422407,0.779,Down
207432_at,BEST2,bestrophin 2,0.0879,1.861,-4.042,0.06425463,0.779,Up
215240_at,ITGB3,integrin subunit beta 3,0.221,1.861,-4.042,0.06426888,0.779,Up
1559642_a_at,LOC105378382,uncharacterized LOC105378382,0.075,1.861,-4.043,0.06431064,0.779,Up
1564238_a_at,WDR49,WD repeat domain 49,-0.0747,-1.86,-4.043,0.06433274,0.779,Down
221733_s_at,GPATCH4,G-patch domain containing 4,-0.159,-1.86,-4.043,0.06436204,0.779,Down
243595_at,SHB,SH2 domain containing adaptor protein B,0.0776,1.86,-4.043,0.06436822,0.779,Up
1554513_s_at,CEP89,centrosomal protein 89,-0.162,-1.86,-4.043,0.06437162,0.779,Down
219710_at,SH3TC2,SH3 domain and tetratricopeptide repeats 2,0.13,1.86,-4.043,0.06438048,0.779,Up
243721_at,C18orf61,uncharacterized LOC497259,0.166,1.86,-4.043,0.06438322,0.779,Up
219062_s_at,ZCCHC2,zinc finger CCHC-type containing 2,0.14,1.859,-4.045,0.06449664,0.779,Up
230276_at,FAM49A,family with sequence similarity 49 member A,0.102,1.859,-4.045,0.06450052,0.779,Up
224015_s_at,MRPS25,mitochondrial ribosomal protein S25,-0.124,-1.859,-4.045,0.06450887,0.779,Down
223974_at,DLGAP1-AS2,DLGAP1 antisense RNA 2,0.137,1.859,-4.045,0.06452941,0.779,Up
217492_s_at,PTENP1///PTEN,phosphatase and tensin homolog pseudogene 1///phosphatase and tensin homolog,0.0883,1.859,-4.045,0.06452957,0.779,Up
214040_s_at,GSN,gelsolin,0.0861,1.859,-4.045,0.06454995,0.779,Up
1558816_at,ZNF664,zinc finger protein 664,-0.115,-1.859,-4.045,0.06456074,0.779,Down
234721_s_at,CYP26B1,cytochrome P450 family 26 subfamily B member 1,0.0915,1.859,-4.045,0.06458538,0.779,Up
235117_at,CHAC2,ChaC cation transport regulator homolog 2,-0.186,-1.859,-4.046,0.06460302,0.779,Down
1565898_at,METTL15,methyltransferase like 15,-0.172,-1.858,-4.046,0.06461582,0.779,Down
234728_s_at,DHX35,DEAH-box helicase 35,0.0819,1.858,-4.046,0.06461902,0.779,Up
236819_at,PTBP1,polypyrimidine tract binding protein 1,0.0813,1.858,-4.046,0.06463481,0.779,Up
213542_at,ZNF710,zinc finger protein 710,0.0887,1.858,-4.046,0.06463689,0.779,Up
225273_at,WWC3,WWC family member 3,0.0895,1.858,-4.046,0.0646377,0.779,Up
232698_at,BPIFB2,BPI fold containing family B member 2,0.0805,1.858,-4.046,0.06465008,0.779,Up
227866_at,TIAM2,T-cell lymphoma invasion and metastasis 2,0.137,1.858,-4.046,0.0646562,0.779,Up
209386_at,TM4SF1,transmembrane 4 L six family member 1,0.159,1.858,-4.046,0.06466328,0.779,Up
215774_s_at,SUCLG2,succinate-CoA ligase GDP-forming beta subunit,-0.223,-1.858,-4.046,0.06466481,0.779,Down
214392_at,IRGC,immunity related GTPase cinema,0.073,1.858,-4.047,0.06468754,0.779,Up
229392_s_at,PIK3R2,phosphoinositide-3-kinase regulatory subunit 2,0.112,1.858,-4.047,0.06469848,0.779,Up
1566127_at,LIMS1,LIM zinc finger domain containing 1,0.0715,1.858,-4.047,0.06470629,0.779,Up
219157_at,KLHL2,kelch like family member 2,0.196,1.858,-4.047,0.06473108,0.779,Up
201059_at,CTTN,cortactin,0.209,1.858,-4.047,0.06473448,0.779,Up
218751_s_at,FBXW7,F-box and WD repeat domain containing 7,-0.0934,-1.858,-4.047,0.0647349,0.779,Down
220104_at,ZC3HAV1,"zinc finger CCCH-type containing, antiviral 1",0.0807,1.858,-4.047,0.06473551,0.779,Up
218325_s_at,DIDO1,death inducer-obliterator 1,-0.063,-1.857,-4.047,0.06476602,0.779,Down
208402_at,IL17A,interleukin 17A,0.0732,1.857,-4.047,0.06477189,0.779,Up
218660_at,DYSF,dysferlin,0.147,1.857,-4.048,0.06478965,0.779,Up
219694_at,FAM105A,family with sequence similarity 105 member A,0.108,1.857,-4.048,0.06479712,0.779,Up
1556053_at,DNAJC7,DnaJ heat shock protein family (Hsp40) member C7,-0.0886,-1.857,-4.048,0.06483142,0.779,Down
244581_at,ZBTB20,zinc finger and BTB domain containing 20,-0.128,-1.857,-4.048,0.06483961,0.779,Down
233522_at,MEF2C-AS1,MEF2C antisense RNA 1,0.0906,1.857,-4.048,0.06486256,0.779,Up
1554213_at,ARHGEF10,Rho guanine nucleotide exchange factor 10,-0.127,-1.857,-4.049,0.06488126,0.779,Down
206674_at,FLT3,fms related tyrosine kinase 3,0.128,1.857,-4.049,0.06488556,0.779,Up
222224_at,NACA2,nascent polypeptide associated complex alpha subunit 2,0.0968,1.857,-4.049,0.0648879,0.779,Up
207206_s_at,ALOX12,"arachidonate 12-lipoxygenase, 12S type",0.223,1.856,-4.049,0.06489287,0.779,Up
225982_at,UBTF,"upstream binding transcription factor, RNA polymerase I",-0.0558,-1.856,-4.049,0.06490982,0.779,Down
232376_at,PCCA,propionyl-CoA carboxylase alpha subunit,-0.12,-1.856,-4.049,0.06491018,0.779,Down
222779_s_at,NCBP3,nuclear cap binding subunit 3,0.0844,1.856,-4.049,0.06492526,0.779,Up
208835_s_at,LUC7L3,LUC7 like 3 pre-mRNA splicing factor,-0.0602,-1.856,-4.049,0.0649356,0.779,Down
201691_s_at,TPD52,tumor protein D52,-0.227,-1.856,-4.049,0.06494552,0.779,Down
232001_at,PRKCQ-AS1,PRKCQ antisense RNA 1,-0.0925,-1.856,-4.049,0.06495462,0.779,Down
222833_at,LPCAT2,lysophosphatidylcholine acyltransferase 2,0.241,1.856,-4.049,0.06496763,0.779,Up
227633_at,RHEB,Ras homolog enriched in brain,0.0817,1.856,-4.05,0.06499075,0.779,Up
213914_s_at,SPTBN1,"spectrin beta, non-erythrocytic 1",-0.136,-1.856,-4.05,0.06499547,0.779,Down
208242_at,RAX,retina and anterior neural fold homeobox,0.0872,1.856,-4.05,0.06503396,0.779,Up
228140_s_at,PPP2R2C,protein phosphatase 2 regulatory subunit Bgamma,0.0652,1.855,-4.05,0.06506092,0.779,Up
206440_at,LIN7A,"lin-7 homolog A, crumbs cell polarity complex component",0.137,1.855,-4.051,0.06506633,0.779,Up
200972_at,TSPAN3,tetraspanin 3,-0.13,-1.855,-4.051,0.06513252,0.779,Down
205750_at,BPHL,biphenyl hydrolase like,-0.115,-1.855,-4.051,0.06515305,0.779,Down
220847_x_at,ZNF221,zinc finger protein 221,0.0688,1.855,-4.052,0.06516292,0.779,Up
228343_at,POU2F2,POU class 2 homeobox 2,-0.11,-1.855,-4.052,0.06516569,0.779,Down
1553709_a_at,PRPF38A,pre-mRNA processing factor 38A,-0.0869,-1.855,-4.052,0.06517474,0.779,Down
226892_at,C10orf12,chromosome 10 open reading frame 12,0.0828,1.854,-4.052,0.06520222,0.779,Up
1569926_s_at,SLC34A3,solute carrier family 34 member 3,0.085,1.854,-4.052,0.06520951,0.779,Up
222061_at,CD58,CD58 molecule,0.133,1.854,-4.052,0.06524876,0.779,Up
215813_s_at,PTGS1,prostaglandin-endoperoxide synthase 1,0.148,1.854,-4.053,0.0652807,0.779,Up
211451_s_at,KCNJ4,potassium voltage-gated channel subfamily J member 4,0.0884,1.854,-4.053,0.06531457,0.779,Up
214670_at,ZKSCAN1,zinc finger with KRAB and SCAN domains 1,-0.0967,-1.853,-4.054,0.06537065,0.779,Down
239750_x_at,VAPA,VAMP associated protein A,0.0875,1.853,-4.054,0.0653798,0.779,Up
244204_at,PRR3,proline rich 3,-0.153,-1.853,-4.054,0.06538859,0.779,Down
231663_s_at,ARG1,arginase 1,0.115,1.853,-4.054,0.06538896,0.779,Up
218091_at,AGFG1,ArfGAP with FG repeats 1,0.146,1.853,-4.054,0.06540394,0.779,Up
223220_s_at,PARP9,poly(ADP-ribose) polymerase family member 9,0.133,1.853,-4.054,0.065448,0.779,Up
1568828_at,TRY2P,trypsinogen-like pseudogene,0.101,1.852,-4.055,0.06546893,0.779,Up
243738_at,NMNAT3,nicotinamide nucleotide adenylyltransferase 3,0.0932,1.852,-4.055,0.06550762,0.779,Up
235231_at,ZNF789,zinc finger protein 789,-0.0965,-1.852,-4.055,0.06551751,0.779,Down
217631_at,GTPBP4,GTP binding protein 4,-0.138,-1.852,-4.055,0.06553062,0.779,Down
213597_s_at,CTDSPL,CTD small phosphatase like,0.139,1.852,-4.055,0.06553195,0.779,Up
1557727_at,PCBP1-AS1,PCBP1 antisense RNA 1,0.113,1.852,-4.055,0.06553636,0.779,Up
204636_at,COL17A1,collagen type XVII alpha 1 chain,0.0777,1.852,-4.055,0.06553997,0.779,Up
210826_x_at,RAD17,RAD17 checkpoint clamp loader component,-0.115,-1.852,-4.056,0.06557033,0.779,Down
214788_x_at,DDN,dendrin,0.0799,1.852,-4.056,0.06561011,0.779,Up
241794_at,ACTR6,ARP6 actin-related protein 6 homolog,-0.0695,-1.852,-4.056,0.06561019,0.779,Down
230817_at,FAM84B,family with sequence similarity 84 member B,0.0821,1.851,-4.056,0.06562095,0.779,Up
225129_at,CPNE2,copine 2,0.115,1.851,-4.056,0.06562274,0.779,Up
213748_at,TRIM66,tripartite motif containing 66,-0.136,-1.851,-4.057,0.06564382,0.779,Down
230824_at,MARCH10,membrane associated ring-CH-type finger 10,0.0695,1.851,-4.057,0.06565138,0.779,Up
212379_at,GART,"phosphoribosylglycinamide formyltransferase, phosphoribosylglycinamide synthetase, phosphoribosylaminoimidazole synthetase",-0.0923,-1.851,-4.057,0.06566035,0.779,Down
214632_at,NRP2,neuropilin 2,0.0683,1.851,-4.057,0.06568064,0.779,Up
1558733_at,ZBTB38,zinc finger and BTB domain containing 38,-0.133,-1.851,-4.057,0.06570887,0.779,Down
204457_s_at,GAS1,growth arrest specific 1,-0.219,-1.851,-4.057,0.06571087,0.779,Down
212654_at,TPM2,tropomyosin 2 (beta),-0.0661,-1.851,-4.057,0.06571178,0.779,Down
219528_s_at,BCL11B,B-cell CLL/lymphoma 11B,-0.128,-1.851,-4.057,0.06571842,0.779,Down
201249_at,SLC2A1,solute carrier family 2 member 1,0.141,1.851,-4.057,0.06573492,0.779,Up
1559723_s_at,C9orf3,chromosome 9 open reading frame 3,-0.13,-1.851,-4.058,0.06574826,0.779,Down
229860_x_at,C4orf48,chromosome 4 open reading frame 48,0.123,1.85,-4.058,0.06578539,0.779,Up
238867_at,TMEM182,transmembrane protein 182,-0.109,-1.85,-4.058,0.0658081,0.779,Down
237329_at,RBMS3-AS3,RBMS3 antisense RNA 3,0.074,1.85,-4.058,0.06581307,0.779,Up
1568702_a_at,PAAF1,proteasomal ATPase associated factor 1,-0.123,-1.85,-4.058,0.06581514,0.779,Down
203910_at,ARHGAP29,Rho GTPase activating protein 29,0.171,1.85,-4.058,0.06582192,0.779,Up
213774_s_at,PPP1R2,protein phosphatase 1 regulatory inhibitor subunit 2,-0.161,-1.85,-4.059,0.06584498,0.779,Down
234377_at,IL23A,interleukin 23 subunit alpha,-0.188,-1.85,-4.059,0.06584702,0.779,Down
212158_at,SDC2,syndecan 2,0.185,1.85,-4.059,0.06586176,0.779,Up
216424_at,CD4,CD4 molecule,-0.113,-1.85,-4.059,0.06587232,0.779,Down
229715_at,NCR3LG1,natural killer cell cytotoxicity receptor 3 ligand 1,-0.171,-1.85,-4.059,0.0658848,0.779,Down
208258_s_at,GAS2L1,growth arrest specific 2 like 1,0.0908,1.849,-4.061,0.06603068,0.7801,Up
239840_at,TMEM161B-AS1,TMEM161B antisense RNA 1,-0.154,-1.849,-4.061,0.06603585,0.7801,Down
243536_x_at,ARHGAP27,Rho GTPase activating protein 27,0.073,1.848,-4.061,0.06605778,0.7801,Up
235146_at,TMCC3,transmembrane and coiled-coil domain family 3,0.167,1.848,-4.061,0.06608606,0.7801,Up
205671_s_at,HLA-DOB,"major histocompatibility complex, class II, DO beta",-0.178,-1.848,-4.061,0.06610246,0.7801,Down
237867_s_at,PID1,phosphotyrosine interaction domain containing 1,0.0877,1.847,-4.063,0.0662335,0.7808,Up
225487_at,TMEM18,transmembrane protein 18,-0.16,-1.847,-4.063,0.06624447,0.7808,Down
208034_s_at,PROZ,"protein Z, vitamin K dependent plasma glycoprotein",0.0893,1.847,-4.063,0.06627014,0.7808,Up
237844_at,LOC100506639///ZNF131,uncharacterized LOC100506639///zinc finger protein 131,0.0823,1.847,-4.063,0.0662735,0.7808,Up
1569895_at,LINC01134,long intergenic non-protein coding RNA 1134,0.0816,1.847,-4.063,0.06628239,0.7808,Up
222195_s_at,TRMO,tRNA methyltransferase O,-0.0695,-1.847,-4.063,0.0662846,0.7808,Down
241634_at,SATB1-AS1,SATB1 antisense RNA 1,-0.106,-1.847,-4.063,0.0663006,0.7808,Down
220220_at,LRRC37A2///LRRC37A4P,"leucine rich repeat containing 37 member A2///leucine rich repeat containing 37 member A4, pseudogene",-0.234,-1.847,-4.063,0.06630341,0.7808,Down
201327_s_at,CCT6A,chaperonin containing TCP1 subunit 6A,-0.0608,-1.846,-4.064,0.06637539,0.7812,Down
207463_x_at,PRSS3,"protease, serine 3",0.0922,1.846,-4.064,0.06638925,0.7812,Up
1554148_a_at,SLC33A1,solute carrier family 33 member 1,-0.118,-1.846,-4.064,0.06639791,0.7812,Down
213559_s_at,ZNF467,zinc finger protein 467,0.19,1.846,-4.065,0.06645438,0.7815,Up
203139_at,DAPK1,death associated protein kinase 1,0.128,1.846,-4.065,0.06647513,0.7815,Up
209965_s_at,RAD51D,RAD51 paralog D,-0.085,-1.846,-4.065,0.06648055,0.7815,Down
227367_at,SLCO3A1,solute carrier organic anion transporter family member 3A1,0.15,1.845,-4.066,0.06653287,0.7815,Up
1569426_at,LOC100996342,uncharacterized LOC100996342,0.0889,1.845,-4.066,0.06653819,0.7815,Up
209150_s_at,IPO4///TM9SF1,importin 4///transmembrane 9 superfamily member 1,0.116,1.845,-4.066,0.06654472,0.7815,Up
235017_s_at,CSRNP3,cysteine and serine rich nuclear protein 3,0.102,1.845,-4.066,0.06655873,0.7815,Up
205571_at,LIPT1,lipoyltransferase 1,-0.194,-1.845,-4.066,0.0665778,0.7815,Down
206394_at,MYBPC2,"myosin binding protein C, fast type",0.0812,1.845,-4.066,0.06659632,0.7815,Up
222089_s_at,C16orf71,chromosome 16 open reading frame 71,0.074,1.845,-4.067,0.06662072,0.7815,Up
219278_at,MAP3K6,mitogen-activated protein kinase kinase kinase 6,0.0925,1.845,-4.067,0.06662636,0.7815,Up
209076_s_at,WDR45B,WD repeat domain 45B,0.074,1.844,-4.067,0.06663954,0.7815,Up
218287_s_at,AGO1,"argonaute 1, RISC catalytic component",0.0631,1.844,-4.067,0.06665868,0.7815,Up
203365_s_at,MMP15,matrix metallopeptidase 15,0.0787,1.844,-4.067,0.06666195,0.7815,Up
214624_at,UPK1A,uroplakin 1A,0.0803,1.844,-4.068,0.06671406,0.7815,Up
218427_at,SDCCAG3,serologically defined colon cancer antigen 3,-0.0816,-1.844,-4.068,0.06672736,0.7815,Down
235048_at,FAM169A,family with sequence similarity 169 member A,-0.226,-1.844,-4.068,0.06673621,0.7815,Down
209729_at,GAS2L1,growth arrest specific 2 like 1,0.165,1.844,-4.068,0.06674591,0.7815,Up
237190_at,BTD,biotinidase,0.102,1.844,-4.068,0.06675391,0.7815,Up
65521_at,UBE2D4,ubiquitin conjugating enzyme E2 D4 (putative),0.0757,1.843,-4.068,0.06678502,0.7817,Up
212966_at,HIC2,hypermethylated in cancer 2,-0.152,-1.843,-4.068,0.06680667,0.7817,Down
225219_at,SMAD5,SMAD family member 5,-0.19,-1.843,-4.068,0.06680953,0.7817,Down
238960_s_at,LARP4,La ribonucleoprotein domain family member 4,-0.1,-1.843,-4.069,0.06683325,0.7818,Down
214568_at,TPSD1,tryptase delta 1,0.0887,1.843,-4.069,0.06684495,0.7818,Up
211597_s_at,HOPX,HOP homeobox,-0.247,-1.843,-4.069,0.06689995,0.782,Down
235479_at,CPEB2,cytoplasmic polyadenylation element binding protein 2,0.164,1.843,-4.069,0.0669051,0.782,Up
216641_s_at,LAD1,ladinin 1,0.0727,1.843,-4.069,0.066908,0.782,Up
1568763_s_at,LOC102724884///LOC728613///PDCD6,uncharacterized LOC102724884///programmed cell death 6 pseudogene///programmed cell death 6,-0.122,-1.842,-4.07,0.06692409,0.782,Down
208133_at,RFC1,replication factor C subunit 1,0.0703,1.842,-4.07,0.06694322,0.782,Up
204395_s_at,GRK5,G protein-coupled receptor kinase 5,0.0791,1.842,-4.07,0.06695519,0.782,Up
206355_at,GNAL,G protein subunit alpha L,0.165,1.842,-4.07,0.0669947,0.7822,Up
1557099_at,LOC101929132,uncharacterized LOC101929132,0.111,1.842,-4.071,0.0670326,0.7822,Up
227769_at,GPR27,G protein-coupled receptor 27,0.173,1.842,-4.071,0.06703824,0.7822,Up
1559101_at,FYN,"FYN proto-oncogene, Src family tyrosine kinase",-0.114,-1.842,-4.071,0.06705972,0.7823,Down
1555829_at,ESYT2,extended synaptotagmin 2,-0.168,-1.841,-4.071,0.06709038,0.7823,Down
224986_s_at,LOC101060747///PDPK1,3-phosphoinositide-dependent protein kinase 1-like///3-phosphoinositide dependent protein kinase 1,0.0944,1.841,-4.071,0.06709409,0.7823,Up
223040_at,NAA20,"N(alpha)-acetyltransferase 20, NatB catalytic subunit",-0.0964,-1.841,-4.071,0.06710354,0.7823,Down
224218_s_at,TRPS1,transcriptional repressor GATA binding 1,0.133,1.841,-4.072,0.06712986,0.7823,Up
1569110_x_at,LOC728613,programmed cell death 6 pseudogene,-0.201,-1.841,-4.072,0.06719136,0.7826,Down
207566_at,MR1,"major histocompatibility complex, class I-related",-0.0759,-1.841,-4.072,0.06720348,0.7826,Down
212634_at,UFL1,UFM1 specific ligase 1,-0.182,-1.84,-4.073,0.06723595,0.7826,Down
1554252_a_at,CERS3,ceramide synthase 3,0.0886,1.84,-4.073,0.06724669,0.7826,Up
214266_s_at,PDLIM7,PDZ and LIM domain 7,0.138,1.84,-4.073,0.06726485,0.7826,Up
223335_at,TMEM69,transmembrane protein 69,0.0761,1.84,-4.073,0.06728454,0.7826,Up
213449_at,POP1,"POP1 homolog, ribonuclease P/MRP subunit",-0.13,-1.84,-4.074,0.06731908,0.7826,Down
200896_x_at,HDGF,hepatoma-derived growth factor,0.103,1.84,-4.074,0.06734105,0.7826,Up
230360_at,GLDN,gliomedin,0.111,1.84,-4.074,0.06734122,0.7826,Up
205150_s_at,TRIL,TLR4 interactor with leucine rich repeats,0.0814,1.84,-4.074,0.06734322,0.7826,Up
229030_at,CAPN8,calpain 8,0.0904,1.84,-4.074,0.06735608,0.7826,Up
229780_at,MTSS1,metastasis suppressor 1,-0.14,-1.839,-4.075,0.06742445,0.783,Down
1552912_a_at,IL23R,interleukin 23 receptor,-0.186,-1.839,-4.075,0.06745992,0.783,Down
212382_at,TCF4,transcription factor 4,-0.251,-1.839,-4.075,0.067493,0.783,Down
237319_at,PRR30,proline rich 30,0.086,1.838,-4.076,0.06751782,0.783,Up
209346_s_at,PI4K2A,phosphatidylinositol 4-kinase type 2 alpha,-0.0881,-1.838,-4.076,0.06752529,0.783,Down
1554867_a_at,PRR16,proline rich 16,0.0794,1.838,-4.076,0.06753169,0.783,Up
212115_at,HN1L,hematological and neurological expressed 1 like,-0.0811,-1.838,-4.076,0.06754334,0.783,Down
215118_s_at,IGH,immunoglobulin heavy locus,-0.208,-1.838,-4.076,0.06754614,0.783,Down
212820_at,DMXL2,Dmx like 2,0.149,1.838,-4.076,0.06755311,0.783,Up
237853_x_at,KRTAP10-12///KRTAP10-7,keratin associated protein 10-12///keratin associated protein 10-7,0.0862,1.838,-4.076,0.06758775,0.7832,Up
214741_at,LOC100506639///ZNF131,uncharacterized LOC100506639///zinc finger protein 131,-0.133,-1.837,-4.077,0.06766145,0.7838,Down
229697_at,HIRIP3,HIRA interacting protein 3,-0.0983,-1.837,-4.077,0.06766417,0.7838,Down
230807_at,CCDC151,coiled-coil domain containing 151,0.118,1.837,-4.078,0.06772549,0.7839,Up
244446_at,SMAD1-AS2,SMAD1 antisense RNA 2,0.0671,1.837,-4.078,0.06773532,0.7839,Up
203228_at,PAFAH1B3,platelet activating factor acetylhydrolase 1b catalytic subunit 3,0.101,1.837,-4.078,0.06775159,0.7839,Up
212994_at,THOC2,THO complex 2,-0.119,-1.837,-4.078,0.06775648,0.7839,Down
214021_x_at,ITGB5,integrin subunit beta 5,0.295,1.837,-4.078,0.06777359,0.7839,Up
230080_at,HOXA-AS2,HOXA cluster antisense RNA 2,0.081,1.837,-4.078,0.06778114,0.7839,Up
215151_at,DOCK10,dedicator of cytokinesis 10,-0.178,-1.836,-4.079,0.06782512,0.7839,Down
238750_at,CCL28,C-C motif chemokine ligand 28,-0.101,-1.836,-4.079,0.0678267,0.7839,Down
232379_at,SKIL,SKI-like proto-oncogene,-0.0883,-1.836,-4.079,0.06783375,0.7839,Down
209333_at,ULK1,unc-51 like autophagy activating kinase 1,0.096,1.836,-4.079,0.06783655,0.7839,Up
226773_at,PPM1K,"protein phosphatase, Mg2+/Mn2+ dependent 1K",-0.0992,-1.836,-4.079,0.06784042,0.7839,Down
236969_at,GART,"phosphoribosylglycinamide formyltransferase, phosphoribosylglycinamide synthetase, phosphoribosylaminoimidazole synthetase",-0.188,-1.836,-4.08,0.06795073,0.7844,Down
1553668_at,LRCH3,leucine rich repeats and calponin homology domain containing 3,-0.124,-1.836,-4.08,0.06795193,0.7844,Down
206618_at,IL18R1,interleukin 18 receptor 1,0.186,1.836,-4.08,0.06795474,0.7844,Up
234774_at,R3HDML,R3H domain containing like,0.0809,1.835,-4.08,0.06796577,0.7844,Up
1564052_at,TREML4,triggering receptor expressed on myeloid cells like 4,-0.284,-1.835,-4.08,0.06797714,0.7844,Down
215336_at,AKAP11,A-kinase anchoring protein 11,-0.115,-1.835,-4.08,0.06798939,0.7844,Down
201640_x_at,CLPTM1,"CLPTM1, transmembrane protein",0.0691,1.835,-4.081,0.06800739,0.7844,Up
234810_at,ZFP1,ZFP1 zinc finger protein,0.0887,1.835,-4.081,0.06803073,0.7844,Up
213257_at,SARM1,sterile alpha and TIR motif containing 1,-0.116,-1.835,-4.081,0.06803395,0.7844,Down
204759_at,RCBTB2,RCC1 and BTB domain containing protein 2,0.126,1.835,-4.081,0.0680399,0.7844,Up
235825_at,LOC101927330,uncharacterized LOC101927330,-0.109,-1.835,-4.081,0.06805481,0.7844,Down
232489_at,TRMT13,tRNA methyltransferase 13 homolog,-0.125,-1.835,-4.081,0.06806406,0.7844,Down
237030_at,ACPP,"acid phosphatase, prostate",0.134,1.834,-4.082,0.06811075,0.7844,Up
221357_at,CHRM4,cholinergic receptor muscarinic 4,0.0977,1.834,-4.082,0.06811957,0.7844,Up
204986_s_at,TAOK2,TAO kinase 2,0.141,1.834,-4.082,0.06814756,0.7844,Up
206743_s_at,ASGR1,asialoglycoprotein receptor 1,0.115,1.834,-4.082,0.06815227,0.7844,Up
205424_at,TBKBP1,TBK1 binding protein 1,0.102,1.834,-4.082,0.06818034,0.7844,Up
226243_at,PTRHD1,peptidyl-tRNA hydrolase domain containing 1,-0.153,-1.834,-4.082,0.06820111,0.7844,Down
206931_at,ZNF141,zinc finger protein 141,-0.153,-1.834,-4.083,0.06820953,0.7844,Down
203875_at,SMARCA1,"SWI/SNF related, matrix associated, actin dependent regulator of chromatin, subfamily a, member 1",-0.0918,-1.834,-4.083,0.06821717,0.7844,Down
242492_at,CLNS1A,chloride nucleotide-sensitive channel 1A,-0.147,-1.834,-4.083,0.06821755,0.7844,Down
229472_at,SFT2D3///WDR33,SFT2 domain containing 3///WD repeat domain 33,0.0831,1.834,-4.083,0.06824001,0.7844,Up
1556630_at,CASC2,cancer susceptibility candidate 2 (non-protein coding),0.0981,1.834,-4.083,0.06824838,0.7844,Up
230450_at,SEPT7-AS1,SEPT7 antisense RNA 1 (head to head),-0.0966,-1.833,-4.084,0.06830734,0.7848,Down
201175_at,TMX2,thioredoxin related transmembrane protein 2,-0.0681,-1.833,-4.084,0.06830847,0.7848,Down
216850_at,LOC101930404///SNORD116-28///SNORD115-26///SNORD115-13///SNORD115-7///SNORD116-22///SNORD116-4///PWARSN///SNORD107///SNURF///SNRPN///IPW,"uncharacterized LOC101930404///small nucleolar RNA, C/D box 116-28///small nucleolar RNA, C/D box 115-26///small nucleolar RNA, C/D box 115-13///small nucleolar RNA, C/D box 115-7///small nucleolar RNA, C/D box 116-22///small nucleolar RNA, C/D box 116-4///Prader Willi/Angelman region RNA, SNRPN neighbor///small nucleolar RNA, C/D box 107///SNRPN upstream reading frame///small nuclear ribonucleoprotein polypeptide N///imprinted in Prader-Willi syndrome (non-protein coding)",-0.151,-1.833,-4.084,0.06834493,0.785,Down
1555378_at,DBF4B,DBF4 zinc finger B,0.0809,1.833,-4.084,0.06837666,0.7852,Up
209771_x_at,CD24,CD24 molecule,0.157,1.832,-4.085,0.06841124,0.7852,Up
219387_at,CCDC88A,coiled-coil domain containing 88A,0.156,1.832,-4.085,0.06841675,0.7852,Up
220764_at,PPP4R2,protein phosphatase 4 regulatory subunit 2,-0.0782,-1.832,-4.085,0.06842139,0.7852,Down
224103_at,LOC100132661,PRO0419,0.101,1.832,-4.085,0.06843784,0.7852,Up
201537_s_at,DUSP3,dual specificity phosphatase 3,0.101,1.832,-4.085,0.06845031,0.7852,Up
211806_s_at,KCNJ15,potassium voltage-gated channel subfamily J member 15,0.148,1.832,-4.085,0.06846323,0.7852,Up
240140_s_at,LRIG1,leucine rich repeats and immunoglobulin like domains 1,0.0842,1.832,-4.086,0.06852359,0.7854,Up
241234_at,LOC100506797,uncharacterized LOC100506797,-0.117,-1.832,-4.086,0.06854608,0.7854,Down
215560_x_at,MTRF1L,mitochondrial translational release factor 1 like,-0.0735,-1.831,-4.087,0.0686091,0.7854,Down
207231_at,DZIP3,DAZ interacting zinc finger protein 3,-0.119,-1.831,-4.087,0.06862923,0.7854,Down
1569348_at,LOC102725451///TPTEP1,uncharacterized LOC102725451///transmembrane phosphatase with tensin homology pseudogene 1,0.149,1.831,-4.087,0.06863507,0.7854,Up
243060_at,LINC01532,long intergenic non-protein coding RNA 1532,0.0749,1.831,-4.087,0.06863926,0.7854,Up
211360_s_at,ITPR2,"inositol 1,4,5-trisphosphate receptor type 2",-0.106,-1.831,-4.087,0.06864783,0.7854,Down
240856_at,FFAR4,free fatty acid receptor 4,0.0703,1.831,-4.087,0.06864909,0.7854,Up
223378_at,GLIS2,GLIS family zinc finger 2,0.129,1.831,-4.087,0.06870283,0.7854,Up
209105_at,NCOA1,nuclear receptor coactivator 1,0.0797,1.83,-4.088,0.0687063,0.7854,Up
243387_at,MESP1,mesoderm posterior bHLH transcription factor 1,0.0856,1.83,-4.088,0.0687215,0.7854,Up
224006_at,LOC100507377,uncharacterized LOC100507377,0.0859,1.83,-4.089,0.06881112,0.7854,Up
228173_at,GNAS,GNAS complex locus,-0.0944,-1.83,-4.089,0.06881934,0.7854,Down
220020_at,XPNPEP3,X-prolyl aminopeptidase 3,-0.141,-1.83,-4.089,0.0688255,0.7854,Down
217791_s_at,ALDH18A1,aldehyde dehydrogenase 18 family member A1,-0.0781,-1.83,-4.089,0.06884017,0.7854,Down
206332_s_at,IFI16,interferon gamma inducible protein 16,0.0663,1.83,-4.089,0.06884966,0.7854,Up
204707_s_at,MAPK4,mitogen-activated protein kinase 4,0.0922,1.829,-4.089,0.06885842,0.7854,Up
240574_at,DNAJC3-AS1,DNAJC3 antisense RNA 1 (head to head),0.15,1.828,-4.091,0.06901352,0.7854,Up
217299_s_at,NBN,nibrin,0.129,1.828,-4.091,0.06902404,0.7854,Up
202468_s_at,CTNNAL1,catenin alpha like 1,0.177,1.828,-4.091,0.06903507,0.7854,Up
1556067_a_at,KDM6B,lysine demethylase 6B,0.0948,1.828,-4.091,0.06908467,0.7854,Up
227004_at,CDKL5,cyclin dependent kinase like 5,0.134,1.828,-4.091,0.0691104,0.7854,Up
1552906_at,FMR1NB,fragile X mental retardation 1 neighbor,-0.0692,-1.827,-4.092,0.06918326,0.7854,Down
217717_s_at,YWHAB,tyrosine 3-monooxygenase/tryptophan 5-monooxygenase activation protein beta,-0.0712,-1.827,-4.092,0.06919946,0.7854,Down
229799_s_at,NCAM1,neural cell adhesion molecule 1,0.0922,1.827,-4.093,0.06921683,0.7854,Up
201963_at,ACSL1,acyl-CoA synthetase long-chain family member 1,0.137,1.827,-4.093,0.0692379,0.7854,Up
243582_at,SH3RF2,SH3 domain containing ring finger 2,-0.165,-1.827,-4.093,0.06924536,0.7854,Down
221759_at,G6PC3,glucose-6-phosphatase catalytic subunit 3,0.0871,1.826,-4.093,0.06931181,0.7854,Up
1563488_at,TMEM132B,transmembrane protein 132B,0.0882,1.826,-4.094,0.06933291,0.7854,Up
209243_s_at,PEG3,paternally expressed 3,0.0974,1.826,-4.094,0.06933877,0.7854,Up
212159_x_at,AP2A2,adaptor related protein complex 2 alpha 2 subunit,0.11,1.826,-4.094,0.06934133,0.7854,Up
211815_s_at,GGA3,"golgi associated, gamma adaptin ear containing, ARF binding protein 3",0.085,1.826,-4.094,0.06935045,0.7854,Up
229751_s_at,PUS7L,pseudouridylate synthase 7 like,-0.178,-1.826,-4.094,0.06935064,0.7854,Down
221560_at,MARK4,microtubule affinity regulating kinase 4,0.117,1.826,-4.094,0.06937743,0.7854,Up
1566603_s_at,RPUSD3,RNA pseudouridylate synthase domain containing 3,-0.13,-1.826,-4.094,0.06940393,0.7854,Down
1555546_a_at,POFUT2,protein O-fucosyltransferase 2,0.0893,1.826,-4.095,0.06942062,0.7854,Up
225099_at,FBXO45,F-box protein 45,-0.14,-1.826,-4.095,0.06944458,0.7854,Down
203762_s_at,DYNC2LI1,dynein cytoplasmic 2 light intermediate chain 1,-0.13,-1.826,-4.095,0.06944556,0.7854,Down
239101_at,ITCH,itchy E3 ubiquitin protein ligase,-0.102,-1.825,-4.095,0.06946224,0.7854,Down
209453_at,SLC9A1,solute carrier family 9 member A1,0.101,1.825,-4.095,0.06948217,0.7854,Up
211262_at,PCSK6,proprotein convertase subtilisin/kexin type 6,0.0836,1.825,-4.095,0.06949746,0.7854,Up
206360_s_at,SOCS3,suppressor of cytokine signaling 3,0.0826,1.825,-4.095,0.06951891,0.7854,Up
242916_at,CNTRL,centriolin,-0.0954,-1.825,-4.095,0.06952074,0.7854,Down
1558667_at,SPATA22,spermatogenesis associated 22,0.0811,1.825,-4.096,0.06952229,0.7854,Up
231192_at,LPAR3,lysophosphatidic acid receptor 3,0.124,1.825,-4.096,0.06954424,0.7854,Up
221870_at,EHD2,EH domain containing 2,0.141,1.825,-4.096,0.06955128,0.7854,Up
217128_s_at,CAMK1G,calcium/calmodulin dependent protein kinase IG,0.0759,1.825,-4.096,0.06956462,0.7854,Up
202107_s_at,MCM2,minichromosome maintenance complex component 2,-0.0936,-1.825,-4.096,0.06957788,0.7854,Down
218978_s_at,SLC25A37,solute carrier family 25 member 37,0.147,1.825,-4.096,0.06957824,0.7854,Up
1555939_at,PRKCA-AS1,PRKCA antisense RNA 1,-0.139,-1.825,-4.096,0.06958008,0.7854,Down
216525_x_at,PMS2P3,"PMS1 homolog 2, mismatch repair system component pseudogene 3",-0.0875,-1.825,-4.096,0.06958225,0.7854,Down
213207_s_at,GOSR2,golgi SNAP receptor complex member 2,-0.101,-1.824,-4.096,0.06962015,0.7854,Down
219603_s_at,ZNF226,zinc finger protein 226,-0.126,-1.824,-4.097,0.06963599,0.7854,Down
206964_at,NAT8B,"N-acetyltransferase 8B (putative, gene/pseudogene)",0.129,1.824,-4.097,0.06967294,0.7854,Up
208789_at,PTRF,polymerase I and transcript release factor,0.101,1.824,-4.097,0.0696833,0.7854,Up
209047_at,AQP1,aquaporin 1 (Colton blood group),0.23,1.824,-4.097,0.06968447,0.7854,Up
221776_s_at,BRD7,bromodomain containing 7,-0.0612,-1.824,-4.097,0.06968779,0.7854,Down
231580_at,LINC01082,long intergenic non-protein coding RNA 1082,0.0897,1.824,-4.097,0.0697002,0.7854,Up
215358_x_at,ZNF37BP,"zinc finger protein 37B, pseudogene",-0.206,-1.824,-4.098,0.06972691,0.7854,Down
239537_at,ST8SIA2,"ST8 alpha-N-acetyl-neuraminide alpha-2,8-sialyltransferase 2",-0.0787,-1.824,-4.098,0.06974111,0.7854,Down
206539_s_at,CYP4F12,cytochrome P450 family 4 subfamily F member 12,0.128,1.824,-4.098,0.06975165,0.7854,Up
1556804_s_at,POLR3B,RNA polymerase III subunit B,0.102,1.824,-4.098,0.06975483,0.7854,Up
226586_at,ANKS6,ankyrin repeat and sterile alpha motif domain containing 6,-0.115,-1.823,-4.098,0.06976583,0.7854,Down
214671_s_at,ABR,active BCR-related,0.0773,1.823,-4.098,0.06978509,0.7854,Up
209843_s_at,SOX10,SRY-box 10,0.0904,1.823,-4.098,0.06979428,0.7854,Up
200954_at,ATP6V0C,ATPase H+ transporting V0 subunit c,0.138,1.823,-4.098,0.06979746,0.7854,Up
219055_at,SRBD1,S1 RNA binding domain 1,0.0884,1.823,-4.098,0.06979807,0.7854,Up
223948_s_at,TMPRSS3,"transmembrane protease, serine 3",0.0871,1.823,-4.099,0.06983286,0.7856,Up
1559817_at,LOC100288798,uncharacterized LOC100288798,0.113,1.823,-4.099,0.06985265,0.7857,Up
213992_at,COL4A6,collagen type IV alpha 6 chain,-0.105,-1.823,-4.099,0.06986554,0.7857,Down
1556583_a_at,SLC8A1,solute carrier family 8 member A1,0.229,1.823,-4.099,0.06988765,0.7858,Up
203238_s_at,NOTCH3,notch 3,0.101,1.822,-4.099,0.06993172,0.7859,Up
214359_s_at,HSP90AB1,heat shock protein 90 alpha family class B member 1,-0.14,-1.822,-4.099,0.06993256,0.7859,Down
209415_at,FZR1,fizzy/cell division cycle 20 related 1,0.0692,1.822,-4.1,0.06995439,0.786,Up
218060_s_at,USB1,U6 snRNA biogenesis phosphodiesterase 1,0.0979,1.822,-4.1,0.06997848,0.7861,Up
1559352_a_at,MAFG-AS1,MAFG antisense RNA 1 (head to head),0.0731,1.822,-4.1,0.07000742,0.7863,Up
217759_at,TRIM44,tripartite motif containing 44,-0.0898,-1.822,-4.101,0.07004261,0.7865,Down
227833_s_at,MBD6,methyl-CpG binding domain protein 6,0.062,1.821,-4.101,0.07007933,0.7868,Up
235564_at,ZNF117,zinc finger protein 117,0.14,1.821,-4.102,0.07016661,0.7875,Up
220840_s_at,C1orf112,chromosome 1 open reading frame 112,-0.108,-1.821,-4.102,0.0701992,0.7875,Down
206963_s_at,NAT8B///NAT8,"N-acetyltransferase 8B (putative, gene/pseudogene)///N-acetyltransferase 8 (putative)",0.136,1.821,-4.102,0.07020887,0.7875,Up
242325_at,YWHAH,tyrosine 3-monooxygenase/tryptophan 5-monooxygenase activation protein eta,-0.129,-1.82,-4.102,0.07023468,0.7875,Down
207798_s_at,ATXN2L,ataxin 2 like,-0.183,-1.82,-4.102,0.0702347,0.7875,Down
203604_at,ZNF516,zinc finger protein 516,0.12,1.82,-4.103,0.07026657,0.7877,Up
228040_at,GLIDR,glioblastoma down-regulated RNA,-0.119,-1.82,-4.103,0.07029766,0.7879,Down
210578_at,TRIM10,tripartite motif containing 10,0.0824,1.82,-4.103,0.07031248,0.7879,Up
227860_at,CPXM1,"carboxypeptidase X, M14 family member 1",0.0777,1.82,-4.103,0.07034163,0.7881,Up
1554846_at,CCDC158,coiled-coil domain containing 158,0.0866,1.82,-4.104,0.0703609,0.7882,Up
206210_s_at,CETP,cholesteryl ester transfer protein,0.137,1.819,-4.104,0.07038337,0.7882,Up
209163_at,CYB561,cytochrome b561,-0.131,-1.819,-4.105,0.07048223,0.7887,Down
219849_at,ZNF671,zinc finger protein 671,-0.0945,-1.819,-4.105,0.07048935,0.7887,Down
202914_s_at,ARHGEF11,Rho guanine nucleotide exchange factor 11,0.111,1.818,-4.105,0.07053369,0.7887,Up
212105_s_at,DHX9,DEAH-box helicase 9,-0.107,-1.818,-4.106,0.07057274,0.7887,Down
210742_at,CDC14A,cell division cycle 14A,-0.146,-1.818,-4.106,0.07059421,0.7887,Down
219525_at,SLC47A1,solute carrier family 47 member 1,0.176,1.818,-4.106,0.07059531,0.7887,Up
206116_s_at,TPM1,tropomyosin 1 (alpha),0.155,1.818,-4.106,0.07062638,0.7887,Up
221288_at,GPR22,G protein-coupled receptor 22,-0.171,-1.818,-4.106,0.07062801,0.7887,Down
229272_at,FNBP4,formin binding protein 4,-0.173,-1.818,-4.107,0.0706604,0.7887,Down
223177_at,NT5DC1,5'-nucleotidase domain containing 1,-0.0807,-1.818,-4.107,0.07066514,0.7887,Down
240048_at,LOC101930630///STRC,putative stereocilin-like protein-like///stereocilin,0.0886,1.818,-4.107,0.07066606,0.7887,Up
1555300_a_at,MED12L,mediator complex subunit 12 like,0.087,1.818,-4.107,0.07066789,0.7887,Up
201897_s_at,CKS1B,CDC28 protein kinase regulatory subunit 1B,-0.137,-1.817,-4.107,0.07069366,0.7887,Down
208031_s_at,RFX2,regulatory factor X2,0.103,1.817,-4.107,0.07069632,0.7887,Up
225453_x_at,CCDC124,coiled-coil domain containing 124,-0.0905,-1.817,-4.107,0.07070263,0.7887,Down
207652_s_at,CMKLR1,chemerin chemokine-like receptor 1,0.0904,1.817,-4.107,0.07070602,0.7887,Up
202251_at,PRPF3,pre-mRNA processing factor 3,-0.0575,-1.817,-4.107,0.07071297,0.7887,Down
219302_s_at,CNTNAP2,contactin associated protein-like 2,-0.105,-1.817,-4.107,0.07073076,0.7887,Down
215102_at,DPY19L1P1,DPY19L1 pseudogene 1,0.107,1.817,-4.107,0.07073723,0.7887,Up
205081_at,CRIP1,cysteine rich protein 1,-0.115,-1.817,-4.108,0.07080139,0.7889,Down
244774_at,PHACTR2,phosphatase and actin regulator 2,-0.321,-1.817,-4.108,0.07082199,0.789,Down
227740_at,UHMK1,U2AF homology motif (UHM) kinase 1,-0.11,-1.816,-4.108,0.07084668,0.789,Down
1560177_at,CCDC66,coiled-coil domain containing 66,-0.108,-1.816,-4.108,0.07085972,0.789,Down
1554483_at,TMEM37,transmembrane protein 37,0.094,1.816,-4.109,0.07091712,0.789,Up
201798_s_at,MYOF,myoferlin,-0.196,-1.816,-4.109,0.0709227,0.789,Down
208437_at,CLCN1,chloride voltage-gated channel 1,0.0696,1.816,-4.109,0.07092317,0.789,Up
207922_s_at,MAEA,macrophage erythroblast attacher,0.0786,1.816,-4.109,0.07092915,0.789,Up
203004_s_at,MEF2D,myocyte enhancer factor 2D,0.0885,1.815,-4.11,0.07099467,0.7894,Up
202286_s_at,TACSTD2,tumor-associated calcium signal transducer 2,0.337,1.815,-4.11,0.07099603,0.7894,Up
214159_at,PLCE1,phospholipase C epsilon 1,-0.0809,-1.815,-4.11,0.07102686,0.7895,Down
210062_s_at,ZNF589,zinc finger protein 589,-0.106,-1.815,-4.11,0.07107095,0.7897,Down
223183_at,AGPAT3,1-acylglycerol-3-phosphate O-acyltransferase 3,0.101,1.815,-4.11,0.07107538,0.7897,Up
227179_at,STAU2,staufen double-stranded RNA binding protein 2,0.117,1.815,-4.111,0.07112669,0.7899,Up
207065_at,KRT75,keratin 75,0.0883,1.814,-4.112,0.0712025,0.7903,Up
220555_s_at,PDZD7,PDZ domain containing 7,0.0974,1.814,-4.112,0.07121619,0.7903,Up
230648_at,LINC00926,long intergenic non-protein coding RNA 926,-0.162,-1.814,-4.112,0.07123177,0.7903,Down
222999_s_at,CCNL2,cyclin L2,-0.0564,-1.814,-4.112,0.07123199,0.7903,Down
206649_s_at,TFE3,transcription factor binding to IGHM enhancer 3,0.133,1.814,-4.112,0.07124564,0.7903,Up
1553929_at,ACER1,alkaline ceramidase 1,0.0889,1.814,-4.112,0.07128634,0.7904,Up
203598_s_at,WBP4,WW domain binding protein 4,0.135,1.813,-4.113,0.0712995,0.7904,Up
229137_at,FUCA1,"fucosidase, alpha-L- 1, tissue",0.0838,1.813,-4.113,0.07131403,0.7904,Up
229903_x_at,RNPC3,"RNA binding region (RNP1, RRM) containing 3",0.0851,1.813,-4.113,0.07134303,0.7906,Up
231088_at,MORF4L2-AS1,MORF4L2 antisense RNA 1,-0.158,-1.813,-4.114,0.07139818,0.7909,Down
218285_s_at,BDH2,"3-hydroxybutyrate dehydrogenase, type 2",-0.138,-1.813,-4.114,0.07143808,0.791,Down
204301_at,KBTBD11,kelch repeat and BTB domain containing 11,0.114,1.812,-4.114,0.07147429,0.791,Up
226007_at,ISCA2,iron-sulfur cluster assembly 2,-0.0856,-1.812,-4.114,0.07147952,0.791,Down
230875_s_at,ATP11A,ATPase phospholipid transporting 11A,0.122,1.812,-4.115,0.07157294,0.7918,Up
221985_at,KLHL24,kelch like family member 24,-0.121,-1.811,-4.116,0.07161999,0.7919,Down
224374_s_at,EMILIN2,elastin microfibril interfacer 2,0.15,1.811,-4.116,0.07162121,0.7919,Up
232692_at,TDRD6,tudor domain containing 6,0.128,1.811,-4.116,0.071681,0.7921,Up
1556328_at,PCDH10,protocadherin 10,0.0765,1.811,-4.116,0.07168497,0.7921,Up
227287_at,CITED2,Cbp/p300 interacting transactivator with Glu/Asp rich carboxy-terminal domain 2,0.0797,1.811,-4.116,0.07168786,0.7921,Up
203083_at,THBS2,thrombospondin 2,0.144,1.811,-4.117,0.07172124,0.7921,Up
202835_at,TXNL4A,thioredoxin like 4A,0.0898,1.811,-4.117,0.07173068,0.7921,Up
201960_s_at,MYCBP2,"MYC binding protein 2, E3 ubiquitin protein ligase",-0.0512,-1.811,-4.117,0.07175031,0.7921,Down
1555198_x_at,C21orf58,chromosome 21 open reading frame 58,0.0904,1.81,-4.117,0.07176649,0.7921,Up
239960_x_at,LYRM7,LYR motif containing 7,-0.121,-1.81,-4.117,0.07177486,0.7921,Down
204359_at,LOC100506718///FLRT2,uncharacterized LOC100506718///fibronectin leucine rich transmembrane protein 2,0.0879,1.81,-4.117,0.07178477,0.7921,Up
207570_at,SHOX,short stature homeobox,-0.112,-1.81,-4.118,0.07184645,0.7924,Down
218885_s_at,GALNT12,polypeptide N-acetylgalactosaminyltransferase 12,-0.172,-1.81,-4.118,0.07185913,0.7924,Down
1554079_at,GALNT18,polypeptide N-acetylgalactosaminyltransferase 18,0.0894,1.81,-4.118,0.07187123,0.7924,Up
215322_at,LONRF1,LON peptidase N-terminal domain and ring finger 1,-0.134,-1.809,-4.119,0.07192964,0.7929,Down
236420_s_at,ANO4,anoctamin 4,0.0822,1.809,-4.119,0.07196983,0.7931,Up
201039_s_at,RAD23A,"RAD23 homolog A, nucleotide excision repair protein",0.164,1.809,-4.119,0.07197743,0.7931,Up
238847_at,HOXD10,homeobox D10,-0.0847,-1.809,-4.119,0.07198911,0.7931,Down
218755_at,KIF20A,kinesin family member 20A,0.0931,1.809,-4.119,0.07201381,0.7932,Up
215271_at,TNN,tenascin N,0.112,1.808,-4.12,0.07208426,0.7938,Up
218261_at,AP1M2,adaptor related protein complex 1 mu 2 subunit,0.101,1.808,-4.121,0.07220002,0.7942,Up
1559513_a_at,FANCC,Fanconi anemia complementation group C,-0.0827,-1.808,-4.121,0.07221048,0.7942,Down
223711_s_at,THYN1,thymocyte nuclear protein 1,-0.0867,-1.808,-4.121,0.0722131,0.7942,Down
212822_at,HEG1,heart development protein with EGF like domains 1,-0.113,-1.808,-4.121,0.07222474,0.7942,Down
1553594_a_at,INSL3,insulin like 3,0.0823,1.807,-4.121,0.07224038,0.7942,Up
1570572_at,LOC729291,translation initiation factor IF-2,-0.109,-1.807,-4.122,0.072246,0.7942,Down
231029_at,F5,coagulation factor V,0.191,1.807,-4.122,0.07229495,0.7942,Up
211837_s_at,PTCRA,pre T-cell antigen receptor alpha,0.0796,1.807,-4.122,0.07231056,0.7942,Up
201787_at,FBLN1,fibulin 1,-0.0703,-1.807,-4.122,0.07232373,0.7942,Down
200081_s_at,RPS6,ribosomal protein S6,-0.0939,-1.807,-4.122,0.07232432,0.7942,Down
208451_s_at,C4B_2///C4B///C4A,"complement component 4B (Chido blood group), copy 2///complement component 4B (Chido blood group)///complement component 4A (Rodgers blood group)",-0.213,-1.807,-4.122,0.07234207,0.7942,Down
223511_at,SPRTN,SprT-like N-terminal domain,0.176,1.807,-4.123,0.07235895,0.7942,Up
230624_at,SLC25A27,solute carrier family 25 member 27,0.0958,1.807,-4.123,0.07236326,0.7942,Up
209229_s_at,PPP6R1,protein phosphatase 6 regulatory subunit 1,0.116,1.806,-4.123,0.07238674,0.7942,Up
1565816_at,IKZF1,IKAROS family zinc finger 1,-0.101,-1.806,-4.123,0.07241726,0.7942,Down
214695_at,UBAP2L,ubiquitin associated protein 2 like,-0.101,-1.806,-4.123,0.07242869,0.7942,Down
211212_s_at,ORC5,origin recognition complex subunit 5,-0.131,-1.806,-4.123,0.07244834,0.7942,Down
1558544_at,FAAP20,Fanconi anemia core complex associated protein 20,0.0916,1.806,-4.124,0.07245932,0.7942,Up
209877_at,SNCG,synuclein gamma,0.0813,1.806,-4.124,0.07246135,0.7942,Up
238637_at,NUP37,nucleoporin 37,-0.13,-1.806,-4.124,0.07246714,0.7942,Down
230612_at,SCAND2P,SCAN domain containing 2 pseudogene,-0.11,-1.806,-4.124,0.07248697,0.7942,Down
243681_at,SHANK2,SH3 and multiple ankyrin repeat domains 2,0.0808,1.806,-4.124,0.07252721,0.7942,Up
210274_at,MAGEA8,MAGE family member A8,0.0935,1.806,-4.124,0.07253247,0.7942,Up
222920_s_at,TESPA1,"thymocyte expressed, positive selection associated 1",-0.143,-1.806,-4.124,0.07253789,0.7942,Down
217487_x_at,FOLH1B///FOLH1,folate hydrolase 1B///folate hydrolase (prostate-specific membrane antigen) 1,0.0795,1.805,-4.124,0.07254117,0.7942,Up
207179_at,TLX1,T-cell leukemia homeobox 1,0.0646,1.805,-4.125,0.07256625,0.7943,Up
206205_at,MPHOSPH9,M-phase phosphoprotein 9,-0.21,-1.805,-4.125,0.07259923,0.7943,Down
221238_at,HMGN5,high mobility group nucleosome binding domain 5,0.0768,1.805,-4.125,0.07264387,0.7943,Up
215784_at,CD1E,CD1e molecule,-0.154,-1.805,-4.125,0.07265951,0.7943,Down
243476_at,NF1P9///NF1,neurofibromin 1 pseudogene 9///neurofibromin 1,0.126,1.805,-4.126,0.07267214,0.7943,Up
206581_at,BNC1,basonuclin 1,-0.0841,-1.805,-4.126,0.07267457,0.7943,Down
201853_s_at,CDC25B,cell division cycle 25B,-0.114,-1.805,-4.126,0.07267545,0.7943,Down
222268_x_at,MUC5B,"mucin 5B, oligomeric mucus/gel-forming",0.0725,1.804,-4.126,0.07270076,0.7943,Up
219565_at,CYP20A1,cytochrome P450 family 20 subfamily A member 1,-0.11,-1.804,-4.127,0.07278426,0.7943,Down
204611_s_at,PPP2R5B,protein phosphatase 2 regulatory subunit B'beta,0.108,1.804,-4.127,0.07281534,0.7943,Up
1564257_at,ACTA2-AS1,ACTA2 antisense RNA 1,0.0919,1.804,-4.127,0.07281657,0.7943,Up
233938_at,C11orf86,chromosome 11 open reading frame 86,0.0867,1.804,-4.127,0.07282443,0.7943,Up
207260_at,FEV,"FEV, ETS transcription factor",0.0787,1.804,-4.127,0.07283727,0.7943,Up
208105_at,GIPR,gastric inhibitory polypeptide receptor,0.107,1.804,-4.127,0.07283959,0.7943,Up
223413_s_at,LYAR,Ly1 antibody reactive,-0.131,-1.804,-4.127,0.0728472,0.7943,Down
210934_at,BLK,"BLK proto-oncogene, Src family tyrosine kinase",-0.0885,-1.804,-4.127,0.07284897,0.7943,Down
208594_x_at,LILRA6,leukocyte immunoglobulin like receptor A6,0.121,1.804,-4.127,0.07285326,0.7943,Up
1558342_x_at,DIXDC1,DIX domain containing 1,0.0758,1.803,-4.128,0.07292394,0.7946,Up
215764_x_at,AP2A2,adaptor related protein complex 2 alpha 2 subunit,0.0749,1.803,-4.128,0.07294429,0.7946,Up
210346_s_at,CLK4,CDC like kinase 4,0.16,1.803,-4.128,0.07295422,0.7946,Up
201182_s_at,CHD4,chromodomain helicase DNA binding protein 4,-0.0857,-1.803,-4.128,0.07295537,0.7946,Down
33814_at,PAK4,p21 (RAC1) activated kinase 4,0.0626,1.803,-4.128,0.07299551,0.7949,Up
204249_s_at,LMO2,LIM domain only 2,0.0992,1.802,-4.129,0.07304738,0.7949,Up
206246_at,PFKFB4,"6-phosphofructo-2-kinase/fructose-2,6-biphosphatase 4",0.0839,1.802,-4.129,0.07305228,0.7949,Up
225149_at,PCID2,PCI domain containing 2,-0.126,-1.802,-4.129,0.07306269,0.7949,Down
204787_at,VSIG4,V-set and immunoglobulin domain containing 4,0.158,1.802,-4.129,0.07309407,0.7949,Up
212241_at,MYZAP///GCOM1///POLR2M,myocardial zonula adherens protein///GRINL1A complex locus 1///RNA polymerase II subunit M,-0.122,-1.802,-4.13,0.07310685,0.7949,Down
200702_s_at,DDX24,DEAD-box helicase 24,-0.0964,-1.802,-4.13,0.07313724,0.7949,Down
213920_at,CUX2,cut like homeobox 2,-0.226,-1.801,-4.13,0.07317297,0.7949,Down
244416_at,TTC17,tetratricopeptide repeat domain 17,-0.108,-1.801,-4.13,0.07319225,0.7949,Down
216235_s_at,EDNRA,endothelin receptor type A,0.0729,1.801,-4.13,0.07319953,0.7949,Up
219811_at,MIR1306///DGCR8,microRNA 1306///DGCR8 microprocessor complex subunit,-0.093,-1.801,-4.13,0.07320546,0.7949,Down
217445_s_at,GART,"phosphoribosylglycinamide formyltransferase, phosphoribosylglycinamide synthetase, phosphoribosylaminoimidazole synthetase",-0.0873,-1.801,-4.131,0.07321476,0.7949,Down
225338_at,ZYG11B,"zyg-11 family member B, cell cycle regulator",0.138,1.801,-4.131,0.07325015,0.7949,Up
226771_at,ATP8B2,ATPase phospholipid transporting 8B2,-0.101,-1.801,-4.131,0.07326666,0.7949,Down
1563776_at,LOC100507283,uncharacterized LOC100507283,-0.0881,-1.801,-4.131,0.07328658,0.7949,Down
205133_s_at,HSPE1,heat shock protein family E (Hsp10) member 1,-0.102,-1.801,-4.131,0.07330862,0.7949,Down
220208_at,ADAMTS13,ADAM metallopeptidase with thrombospondin type 1 motif 13,0.0807,1.8,-4.132,0.07333818,0.7949,Up
240628_at,LOC105369507,uncharacterized LOC105369507,-0.076,-1.8,-4.132,0.07336926,0.7949,Down
1558215_s_at,UBTF,"upstream binding transcription factor, RNA polymerase I",-0.0901,-1.8,-4.132,0.07340077,0.7949,Down
218100_s_at,IFT57,intraflagellar transport 57,-0.142,-1.8,-4.132,0.07340241,0.7949,Down
208329_at,PBOV1,prostate and breast cancer overexpressed 1,0.0672,1.8,-4.132,0.07340528,0.7949,Up
244825_at,SHROOM4,shroom family member 4,0.109,1.8,-4.133,0.07343236,0.7949,Up
235654_at,TMEM218,transmembrane protein 218,-0.111,-1.8,-4.133,0.07344851,0.7949,Down
202464_s_at,PFKFB3,"6-phosphofructo-2-kinase/fructose-2,6-biphosphatase 3",0.101,1.8,-4.133,0.07345407,0.7949,Up
212773_s_at,TOMM20,translocase of outer mitochondrial membrane 20,-0.124,-1.8,-4.133,0.07346406,0.7949,Down
203052_at,C2,complement component 2,0.114,1.8,-4.133,0.0734663,0.7949,Up
205716_at,SLC25A40,solute carrier family 25 member 40,0.0882,1.8,-4.133,0.07348737,0.7949,Up
227074_at,CCDC18-AS1,CCDC18 antisense RNA 1,-0.13,-1.799,-4.133,0.07350732,0.7949,Down
222314_x_at,EGOT,eosinophil granule ontogeny transcript (non-protein coding),-0.238,-1.799,-4.134,0.07354677,0.7949,Down
225939_at,EIF4E3,eukaryotic translation initiation factor 4E family member 3,0.166,1.799,-4.134,0.07355028,0.7949,Up
214242_at,MAN1A2,mannosidase alpha class 1A member 2,-0.137,-1.799,-4.134,0.07355535,0.7949,Down
206142_at,ZNF135,zinc finger protein 135,-0.0888,-1.799,-4.134,0.07355778,0.7949,Down
223005_s_at,TMEM245,transmembrane protein 245,-0.105,-1.799,-4.134,0.07358199,0.7949,Down
216309_x_at,JRK,Jrk helix-turn-helix protein,-0.107,-1.799,-4.134,0.07363103,0.7949,Down
210609_s_at,TP53I3,tumor protein p53 inducible protein 3,0.122,1.799,-4.134,0.07363658,0.7949,Up
235488_at,RASL10B,RAS like family 10 member B,0.0977,1.798,-4.135,0.073652,0.7949,Up
202292_x_at,LYPLA2,lysophospholipase II,0.0738,1.798,-4.135,0.07366091,0.7949,Up
219900_s_at,ZNF446,zinc finger protein 446,0.0638,1.798,-4.135,0.07368365,0.7949,Up
209025_s_at,SYNCRIP,synaptotagmin binding cytoplasmic RNA interacting protein,0.108,1.798,-4.135,0.07370577,0.7949,Up
229917_at,AGAP2,"ArfGAP with GTPase domain, ankyrin repeat and PH domain 2",0.0888,1.798,-4.135,0.07372616,0.7949,Up
204951_at,RHOH,ras homolog family member H,-0.165,-1.798,-4.135,0.073736,0.7949,Down
236402_at,BRAF,"B-Raf proto-oncogene, serine/threonine kinase",0.132,1.798,-4.136,0.07375858,0.7949,Up
209632_at,PPP2R3A,protein phosphatase 2 regulatory subunit B''alpha,-0.189,-1.798,-4.136,0.07376581,0.7949,Down
211943_x_at,LOC101928826///TPT1,"uncharacterized LOC101928826///tumor protein, translationally-controlled 1",-0.0641,-1.798,-4.136,0.07377863,0.7949,Down
226217_at,SLC30A7,solute carrier family 30 member 7,-0.0743,-1.798,-4.136,0.07378267,0.7949,Down
47560_at,ADGRL1,adhesion G protein-coupled receptor L1,-0.164,-1.797,-4.136,0.07382215,0.7949,Down
220986_s_at,TIGD6,tigger transposable element derived 6,-0.104,-1.797,-4.136,0.07383179,0.7949,Down
214757_at,PMS2P2,"PMS1 homolog 2, mismatch repair system component pseudogene 2",-0.113,-1.797,-4.136,0.07383416,0.7949,Down
216133_at,YME1L1,YME1 like 1 ATPase,-0.149,-1.797,-4.136,0.0738429,0.7949,Down
223886_s_at,RNF146,ring finger protein 146,0.145,1.797,-4.136,0.07384716,0.7949,Up
204746_s_at,PICK1,protein interacting with PRKCA 1,0.0704,1.797,-4.136,0.07384879,0.7949,Up
234964_at,YME1L1,YME1 like 1 ATPase,-0.162,-1.797,-4.136,0.07384962,0.7949,Down
213810_s_at,AKIRIN2,akirin 2,0.103,1.797,-4.137,0.07387021,0.7949,Up
219899_x_at,NDOR1,NADPH dependent diflavin oxidoreductase 1,0.0786,1.797,-4.137,0.0739071,0.7949,Up
1561500_at,CTU2,cytosolic thiouridylase subunit 2,0.0684,1.797,-4.137,0.07390955,0.7949,Up
221656_s_at,ARHGEF10L,Rho guanine nucleotide exchange factor 10 like,0.114,1.797,-4.137,0.0739441,0.7949,Up
204345_at,COL16A1,collagen type XVI alpha 1 chain,0.0726,1.797,-4.137,0.07394479,0.7949,Up
211213_at,ORC5,origin recognition complex subunit 5,-0.0892,-1.797,-4.137,0.07396435,0.7949,Down
1553024_at,DAOA-AS1,DAOA antisense RNA 1,-0.106,-1.796,-4.137,0.07396489,0.7949,Down
213572_s_at,SERPINB1,serpin family B member 1,0.0745,1.796,-4.138,0.07398748,0.7949,Up
214328_s_at,HSP90AA1,heat shock protein 90 alpha family class A member 1,-0.0725,-1.796,-4.138,0.07401572,0.7949,Down
242385_at,RORB,RAR related orphan receptor B,0.0825,1.796,-4.138,0.07404434,0.7949,Up
1562424_at,LOC285889,uncharacterized LOC285889,0.081,1.796,-4.138,0.07404853,0.7949,Up
1558166_at,MGC16275,uncharacterized protein MGC16275,-0.135,-1.796,-4.138,0.07405439,0.7949,Down
1564537_a_at,ASB10,ankyrin repeat and SOCS box containing 10,0.0857,1.796,-4.138,0.07405753,0.7949,Up
204165_at,WASF1,WAS protein family member 1,0.179,1.796,-4.139,0.07409485,0.7951,Up
225626_at,PAG1,phosphoprotein membrane anchor with glycosphingolipid microdomains 1,-0.0664,-1.796,-4.139,0.07410296,0.7951,Down
216379_x_at,CD24,CD24 molecule,0.155,1.795,-4.139,0.07413448,0.7951,Up
203338_at,PPP2R5E,protein phosphatase 2 regulatory subunit B'epsilon,-0.084,-1.795,-4.139,0.07415062,0.7951,Down
234511_at,ANKRD60,ankyrin repeat domain 60,0.0832,1.795,-4.14,0.07421892,0.7957,Up
1552804_a_at,TIRAP,TIR domain containing adaptor protein,0.0708,1.795,-4.14,0.07426264,0.796,Up
213567_at,KPNA4,karyopherin subunit alpha 4,0.0769,1.794,-4.141,0.07431807,0.7963,Up
231700_at,GUCA1A,guanylate cyclase activator 1A,0.0809,1.794,-4.141,0.07433004,0.7963,Up
1568827_at,LOC401442,uncharacterized LOC401442,0.0706,1.794,-4.141,0.07434675,0.7963,Up
231737_at,CACNG4,calcium voltage-gated channel auxiliary subunit gamma 4,0.0771,1.794,-4.141,0.07435445,0.7963,Up
200025_s_at,RPL27,ribosomal protein L27,-0.113,-1.794,-4.141,0.07440312,0.7966,Down
223648_s_at,FGFRL1,fibroblast growth factor receptor-like 1,0.0872,1.794,-4.142,0.0744191,0.7966,Up
1560455_at,LOC339166///WSCD1,uncharacterized LOC339166///WSC domain containing 1,0.0808,1.793,-4.142,0.07446,0.7966,Up
220008_at,PEAK1,pseudopodium enriched atypical kinase 1,0.0822,1.793,-4.142,0.07447276,0.7966,Up
239337_at,LOC400768,uncharacterized LOC400768,0.0953,1.793,-4.142,0.07448039,0.7966,Up
218106_s_at,MRPS10,mitochondrial ribosomal protein S10,-0.0973,-1.793,-4.142,0.07448283,0.7966,Down
1557147_a_at,LOC101928837,uncharacterized LOC101928837,0.0858,1.793,-4.142,0.07449289,0.7966,Up
226735_at,TAPT1,transmembrane anterior posterior transformation 1,-0.0581,-1.793,-4.142,0.07449607,0.7966,Down
205666_at,FMO1,flavin containing monooxygenase 1,0.09,1.793,-4.142,0.0745199,0.7967,Up
232924_at,LRRC17,leucine rich repeat containing 17,-0.088,-1.793,-4.143,0.07453225,0.7967,Down
206613_s_at,TAF1A,"TATA-box binding protein associated factor, RNA polymerase I subunit A",-0.154,-1.793,-4.143,0.07455026,0.7967,Down
225271_at,TMEM63B,transmembrane protein 63B,0.0848,1.793,-4.143,0.07459225,0.797,Up
230575_at,MSRB2,methionine sulfoxide reductase B2,0.126,1.792,-4.144,0.07463982,0.7972,Up
207410_s_at,TLX2,T-cell leukemia homeobox 2,0.0996,1.792,-4.144,0.07464001,0.7972,Up
203413_at,NELL2,neural EGFL like 2,-0.183,-1.792,-4.144,0.07467148,0.7974,Down
244105_at,WHAMMP2///WHAMMP3,"WAS protein homolog associated with actin, golgi membranes and microtubules pseudogene 2///WAS protein homolog associated with actin, golgi membranes and microtubules pseudogene 3",-0.114,-1.792,-4.144,0.074717,0.7974,Down
221217_s_at,RBFOX1,"RNA binding protein, fox-1 homolog 1",0.0837,1.792,-4.144,0.07473379,0.7974,Up
205506_at,VIL1,villin 1,0.106,1.792,-4.145,0.07476405,0.7974,Up
210123_s_at,LOC101930361///LOC101929970///CHRFAM7A///CHRNA7,uncharacterized LOC101930361///CHRNA7-FAM7A fusion protein///CHRNA7 (exons 5-10) and FAM7A (exons A-E) fusion///cholinergic receptor nicotinic alpha 7 subunit,0.0683,1.791,-4.145,0.0748088,0.7974,Up
243864_at,CCDC80,coiled-coil domain containing 80,0.0729,1.791,-4.145,0.07482234,0.7974,Up
201035_s_at,HADH,hydroxyacyl-CoA dehydrogenase,-0.122,-1.791,-4.145,0.07483596,0.7974,Down
211557_x_at,SLCO2B1,solute carrier organic anion transporter family member 2B1,0.0911,1.791,-4.146,0.07488472,0.7974,Up
228256_s_at,EPB41L4A,erythrocyte membrane protein band 4.1 like 4A,-0.218,-1.791,-4.146,0.07488927,0.7974,Down
201105_at,LGALS1,galectin 1,0.124,1.791,-4.146,0.0749115,0.7974,Up
216279_at,ZNF460,zinc finger protein 460,-0.0729,-1.79,-4.146,0.07493224,0.7974,Down
222573_s_at,SAV1,salvador family WW domain containing protein 1,-0.101,-1.79,-4.146,0.07493786,0.7974,Down
205376_at,INPP4B,inositol polyphosphate-4-phosphatase type II B,-0.124,-1.79,-4.146,0.07496159,0.7974,Down
236203_at,LOC100509457///HLA-DQA1,"HLA class II histocompatibility antigen, DQ alpha 1 chain-like///major histocompatibility complex, class II, DQ alpha 1",-0.447,-1.79,-4.147,0.07498752,0.7974,Down
239321_at,LOC441454,"prothymosin, alpha pseudogene",-0.138,-1.79,-4.147,0.07499457,0.7974,Down
223027_at,SNX9,sorting nexin 9,-0.137,-1.79,-4.147,0.07501384,0.7974,Down
209863_s_at,TP63,tumor protein p63,-0.109,-1.79,-4.147,0.07501845,0.7974,Down
240293_at,CCDC153,coiled-coil domain containing 153,0.111,1.79,-4.147,0.07502655,0.7974,Up
229426_at,COX5A,cytochrome c oxidase subunit 5A,0.128,1.79,-4.147,0.07505202,0.7974,Up
229327_s_at,MAF,MAF bZIP transcription factor,-0.223,-1.79,-4.147,0.07505413,0.7974,Down
208774_at,CSNK1D,casein kinase 1 delta,0.0592,1.79,-4.147,0.07507285,0.7974,Up
242083_at,ZNF81,zinc finger protein 81,-0.0884,-1.789,-4.148,0.07510461,0.7974,Down
238664_s_at,MGC12916,uncharacterized protein MGC12916,-0.0732,-1.789,-4.148,0.07512164,0.7974,Down
235958_at,PLA2G4F,phospholipase A2 group IVF,0.0966,1.789,-4.148,0.07512536,0.7974,Up
220162_s_at,DNLZ///CARD9,DNL-type zinc finger///caspase recruitment domain family member 9,0.114,1.789,-4.148,0.07513731,0.7974,Up
229218_at,COL1A2,collagen type I alpha 2 chain,0.087,1.789,-4.148,0.07516325,0.7974,Up
1557166_at,PDCD4,programmed cell death 4 (neoplastic transformation inhibitor),-0.11,-1.789,-4.148,0.0751829,0.7974,Down
207205_at,CEACAM4,carcinoembryonic antigen related cell adhesion molecule 4,0.198,1.789,-4.149,0.07519922,0.7974,Up
217955_at,BCL2L13,BCL2 like 13,0.098,1.789,-4.149,0.07521411,0.7974,Up
220623_s_at,TSGA10,testis specific 10,-0.132,-1.789,-4.149,0.07524601,0.7976,Down
205148_s_at,CLCN4,chloride voltage-gated channel 4,0.187,1.788,-4.149,0.07527821,0.7977,Up
202268_s_at,NAE1,NEDD8 activating enzyme E1 subunit 1,-0.0843,-1.788,-4.15,0.07530428,0.7977,Down
204131_s_at,FOXO3,forkhead box O3,0.0868,1.788,-4.15,0.07534468,0.7977,Up
1553785_at,RASGEF1B,RasGEF domain family member 1B,-0.163,-1.788,-4.15,0.07535501,0.7977,Down
208928_at,POR,cytochrome p450 oxidoreductase,0.118,1.788,-4.15,0.07539297,0.7977,Up
210495_x_at,FN1,fibronectin 1,0.0853,1.787,-4.151,0.07542457,0.7977,Up
222241_at,MVB12B,multivesicular body subunit 12B,0.0779,1.787,-4.151,0.07544731,0.7977,Up
1558393_at,KRT7,keratin 7,0.0966,1.787,-4.151,0.07544865,0.7977,Up
209869_at,ADRA2A,adrenoceptor alpha 2A,0.137,1.787,-4.151,0.07545435,0.7977,Up
240917_at,LOC101927640,uncharacterized LOC101927640,0.0847,1.787,-4.151,0.07546374,0.7977,Up
214756_x_at,PMS2P1,"PMS1 homolog 2, mismatch repair system component pseudogene 1",-0.0842,-1.787,-4.151,0.07546592,0.7977,Down
226411_at,EVI5L,ecotropic viral integration site 5 like,0.0998,1.787,-4.151,0.07547225,0.7977,Up
227674_at,ZNF585A,zinc finger protein 585A,-0.114,-1.787,-4.151,0.07549123,0.7977,Down
204538_x_at,NPIPA1,nuclear pore complex interacting protein family member A1,-0.119,-1.787,-4.151,0.07552189,0.7977,Down
225547_at,SNORD87///SNHG6,"small nucleolar RNA, C/D box 87///small nucleolar RNA host gene 6",-0.0937,-1.787,-4.152,0.07552961,0.7977,Down
223296_at,SLC25A33,solute carrier family 25 member 33,-0.113,-1.787,-4.152,0.0755312,0.7977,Down
206883_x_at,GP9,glycoprotein IX platelet,0.0976,1.787,-4.152,0.07553559,0.7977,Up
228748_at,CD59,CD59 molecule,0.107,1.786,-4.152,0.07563121,0.7982,Up
233585_at,SDK2,sidekick cell adhesion molecule 2,0.0723,1.786,-4.152,0.07563329,0.7982,Up
240806_at,RPL15,ribosomal protein L15,-0.126,-1.786,-4.153,0.07564738,0.7982,Down
226257_x_at,MRPS22,mitochondrial ribosomal protein S22,-0.0688,-1.786,-4.153,0.07565277,0.7982,Down
212009_s_at,STIP1,stress induced phosphoprotein 1,-0.112,-1.786,-4.153,0.07565833,0.7982,Down
203369_x_at,PDLIM7,PDZ and LIM domain 7,0.128,1.786,-4.153,0.07567432,0.7982,Up
232746_at,ACKR3,atypical chemokine receptor 3,-0.159,-1.786,-4.153,0.07569046,0.7982,Down
1553176_at,SH2D1B,SH2 domain containing 1B,-0.125,-1.786,-4.153,0.07569892,0.7982,Down
204811_s_at,CACNA2D2,calcium voltage-gated channel auxiliary subunit alpha2delta 2,-0.0961,-1.786,-4.153,0.07573149,0.7982,Down
207315_at,CD226,CD226 molecule,-0.152,-1.785,-4.153,0.07573829,0.7982,Down
238332_at,ANKRD29,ankyrin repeat domain 29,-0.0971,-1.785,-4.153,0.07573919,0.7982,Down
219964_at,ST7L,suppression of tumorigenicity 7 like,-0.136,-1.785,-4.154,0.07577882,0.7983,Down
216828_at,LOC100505874///MLLT10P1,"uncharacterized LOC100505874///myeloid/lymphoid or mixed-lineage leukemia; translocated to, 10 pseudogene 1",-0.14,-1.785,-4.154,0.07582681,0.7983,Down
225687_at,FAM83D,family with sequence similarity 83 member D,-0.0867,-1.784,-4.155,0.07592068,0.7983,Down
227402_s_at,UTP23,"UTP23, small subunit processome component",-0.0946,-1.784,-4.155,0.07592581,0.7983,Down
227552_at,SEPT1,septin 1,-0.143,-1.784,-4.155,0.07595735,0.7983,Down
209072_at,MBP,myelin basic protein,0.134,1.784,-4.155,0.07596721,0.7983,Up
215985_at,HCG8///ZNRD1ASP,"HLA complex group 8///zinc ribbon domain containing 1 antisense, pseudogene",-0.134,-1.784,-4.156,0.07603238,0.7983,Down
202936_s_at,SOX9,SRY-box 9,0.0902,1.784,-4.156,0.07603451,0.7983,Up
243976_at,RNF115,ring finger protein 115,-0.0983,-1.784,-4.156,0.0760509,0.7983,Down
239217_x_at,ABCC3,ATP binding cassette subfamily C member 3,0.0885,1.783,-4.156,0.07606867,0.7983,Up
1563860_at,LOC400965,uncharacterized LOC400965,-0.139,-1.783,-4.156,0.07607231,0.7983,Down
236986_at,LINC00582,long intergenic non-protein coding RNA 582,0.0866,1.783,-4.156,0.0760786,0.7983,Up
219483_s_at,PORCN,porcupine homolog (Drosophila),0.0974,1.783,-4.157,0.07609214,0.7983,Up
204860_s_at,NAIP,NLR family apoptosis inhibitory protein,0.134,1.783,-4.157,0.0761317,0.7983,Up
205520_at,STRN,striatin,-0.132,-1.783,-4.157,0.07619822,0.7983,Down
227082_at,ZBTB20,zinc finger and BTB domain containing 20,-0.121,-1.783,-4.158,0.07622356,0.7983,Down
241752_at,SLC8A1,solute carrier family 8 member A1,0.179,1.782,-4.158,0.07622934,0.7983,Up
235844_at,PHTF1,putative homeodomain transcription factor 1,0.17,1.782,-4.158,0.07623303,0.7983,Up
229387_at,LRCH3,leucine rich repeats and calponin homology domain containing 3,-0.159,-1.782,-4.158,0.0762373,0.7983,Down
206647_at,HBZ,hemoglobin subunit zeta,0.181,1.782,-4.158,0.07624162,0.7983,Up
1557330_at,CASC23,cancer susceptibility candidate 23 (non-protein coding),-0.0642,-1.782,-4.158,0.07624743,0.7983,Down
203278_s_at,PHF21A,PHD finger protein 21A,0.077,1.782,-4.158,0.0762501,0.7983,Up
239594_at,DRAIC,"downregulated RNA in cancer, inhibitor of cell invasion and migration",0.0967,1.782,-4.158,0.07625123,0.7983,Up
212400_at,FAM102A,family with sequence similarity 102 member A,-0.0991,-1.782,-4.158,0.07626977,0.7983,Down
1554084_a_at,NOL9,nucleolar protein 9,-0.141,-1.782,-4.158,0.0762989,0.7983,Down
225569_at,CASC7///AGO2,"cancer susceptibility candidate 7 (non-protein coding)///argonaute 2, RISC catalytic component",0.0726,1.782,-4.158,0.07630916,0.7983,Up
211313_s_at,BAZ1B,bromodomain adjacent to zinc finger domain 1B,-0.115,-1.782,-4.159,0.0763201,0.7983,Down
208408_at,PTN,pleiotrophin,0.0821,1.782,-4.159,0.07632659,0.7983,Up
200817_x_at,RPS10,ribosomal protein S10,-0.121,-1.782,-4.159,0.07633616,0.7983,Down
224853_at,SLAIN2,SLAIN motif family member 2,-0.123,-1.782,-4.159,0.07634987,0.7983,Down
239083_at,ZNF786,zinc finger protein 786,-0.0786,-1.782,-4.159,0.07636393,0.7983,Down
222380_s_at,PDCD6,programmed cell death 6,-0.123,-1.782,-4.159,0.07637731,0.7983,Down
242335_at,SLC25A37,solute carrier family 25 member 37,0.0947,1.782,-4.159,0.07638606,0.7983,Up
1555590_a_at,GATA1,GATA binding protein 1,0.162,1.781,-4.16,0.07645633,0.7983,Up
212139_at,GCN1,"GCN1, eIF2 alpha kinase activator homolog",-0.0773,-1.781,-4.16,0.07647751,0.7983,Down
210545_at,ITSN2,intersectin 2,-0.07,-1.781,-4.16,0.07647828,0.7983,Down
1557638_at,LOC101929748,uncharacterized LOC101929748,-0.11,-1.781,-4.16,0.07648179,0.7983,Down
210038_at,PRKCQ,protein kinase C theta,-0.111,-1.781,-4.16,0.07652026,0.7983,Down
242731_x_at,BMPR1A,bone morphogenetic protein receptor type 1A,-0.157,-1.781,-4.16,0.07652201,0.7983,Down
203137_at,WTAP,Wilms tumor 1 associated protein,-0.105,-1.781,-4.161,0.07654536,0.7983,Down
215201_at,REPS1,RALBP1 associated Eps domain containing 1,-0.154,-1.78,-4.161,0.07655682,0.7983,Down
205955_at,TAF6L,TATA-box binding protein associated factor 6 like,-0.123,-1.78,-4.161,0.07656157,0.7983,Down
1558477_at,LOC100131496,uncharacterized LOC100131496,-0.101,-1.78,-4.161,0.07656386,0.7983,Down
213363_at,CA5BP1,carbonic anhydrase 5B pseudogene 1,0.0792,1.78,-4.162,0.07665681,0.7983,Up
211861_x_at,CD28,CD28 molecule,-0.1,-1.78,-4.162,0.07666091,0.7983,Down
222848_at,CENPK,centromere protein K,-0.219,-1.78,-4.162,0.07667028,0.7983,Down
204005_s_at,PAWR,pro-apoptotic WT1 regulator,-0.149,-1.78,-4.162,0.07667194,0.7983,Down
204533_at,CXCL10,C-X-C motif chemokine ligand 10,-0.173,-1.78,-4.162,0.0766918,0.7983,Down
227560_at,SFXN2,sideroflexin 2,-0.106,-1.78,-4.162,0.07669447,0.7983,Down
231062_at,DOCK9-AS2,DOCK9 antisense RNA 2 (head to head),-0.124,-1.78,-4.162,0.07670868,0.7983,Down
231928_at,HES2,hes family bHLH transcription factor 2,0.08,1.779,-4.162,0.07671982,0.7983,Up
218129_s_at,NFYB,nuclear transcription factor Y subunit beta,-0.148,-1.779,-4.162,0.07674636,0.7983,Down
233660_at,EHD4,EH domain containing 4,0.0991,1.779,-4.162,0.07674748,0.7983,Up
206701_x_at,EDNRB,endothelin receptor type B,0.0985,1.779,-4.162,0.07676744,0.7983,Up
1564029_at,USP49,ubiquitin specific peptidase 49,0.076,1.779,-4.163,0.07679726,0.7983,Up
215480_at,KIAA0509,uncharacterized LOC57242,0.0921,1.779,-4.163,0.07681855,0.7983,Up
203973_s_at,CEBPD,CCAAT/enhancer binding protein delta,0.113,1.779,-4.163,0.07681941,0.7983,Up
1555250_a_at,CPEB3,cytoplasmic polyadenylation element binding protein 3,0.182,1.779,-4.163,0.07686566,0.7986,Up
1554822_at,PHTF2,putative homeodomain transcription factor 2,-0.138,-1.779,-4.163,0.0768746,0.7986,Down
213275_x_at,CTSB,cathepsin B,0.116,1.778,-4.164,0.07692561,0.799,Up
239377_at,EIF1AD,eukaryotic translation initiation factor 1A domain containing,-0.0447,-1.778,-4.164,0.07696738,0.799,Down
202887_s_at,DDIT4,DNA damage inducible transcript 4,0.127,1.778,-4.164,0.07697301,0.799,Up
1556029_s_at,NMNAT2,nicotinamide nucleotide adenylyltransferase 2,0.094,1.778,-4.165,0.07702172,0.7994,Up
219919_s_at,SSH3,slingshot protein phosphatase 3,0.126,1.778,-4.165,0.07703359,0.7994,Up
1552985_at,SLC30A8,solute carrier family 30 member 8,0.077,1.777,-4.165,0.07705549,0.7994,Up
1556919_at,LEPR,leptin receptor,-0.161,-1.777,-4.166,0.07713533,0.8,Down
203115_at,FECH,ferrochelatase,0.306,1.777,-4.166,0.07715685,0.8,Up
240413_at,PYHIN1,pyrin and HIN domain family member 1,-0.273,-1.777,-4.166,0.07716507,0.8,Down
205059_s_at,IDUA,"iduronidase, alpha-L-",0.106,1.777,-4.166,0.07719423,0.8,Up
208579_x_at,H2BFS,H2B histone family member S,0.12,1.777,-4.166,0.07720148,0.8,Up
228596_at,ARHGEF5,Rho guanine nucleotide exchange factor 5,-0.112,-1.776,-4.167,0.0772293,0.8,Down
225106_s_at,OGFOD1,2-oxoglutarate and iron dependent oxygenase domain containing 1,-0.136,-1.776,-4.167,0.07723164,0.8,Down
1554809_at,LOC389199,uncharacterized LOC389199,0.0766,1.776,-4.167,0.07724295,0.8,Up
239494_at,FBXW7,F-box and WD repeat domain containing 7,0.119,1.776,-4.167,0.07725312,0.8,Up
209442_x_at,ANK3,"ankyrin 3, node of Ranvier (ankyrin G)",-0.136,-1.776,-4.167,0.07726727,0.8,Down
213941_x_at,RPS7,ribosomal protein S7,-0.201,-1.776,-4.167,0.07732075,0.8001,Down
244865_at,HAX1,HCLS1 associated protein X-1,-0.148,-1.776,-4.167,0.0773388,0.8001,Down
205292_s_at,HNRNPA2B1,heterogeneous nuclear ribonucleoprotein A2/B1,-0.0559,-1.776,-4.168,0.07735403,0.8001,Down
1552436_a_at,LOC100653137///CDH23,cadherin-23-like///cadherin-related 23,0.0831,1.775,-4.168,0.07738807,0.8001,Up
207646_s_at,CDY1B///CDY2B///CDY2A///CDY1,chromodomain Y-linked 1B///chromodomain Y-linked 2B///chromodomain Y-linked 2A///chromodomain Y-linked 1,0.0966,1.775,-4.168,0.077395,0.8001,Up
1555197_a_at,C21orf58,chromosome 21 open reading frame 58,0.0918,1.775,-4.168,0.07739638,0.8001,Up
223202_s_at,LOC101928589///TMEM164,uncharacterized LOC101928589///transmembrane protein 164,0.133,1.775,-4.168,0.07740951,0.8001,Up
1568691_at,ARMC9,armadillo repeat containing 9,0.0669,1.775,-4.168,0.07741029,0.8001,Up
227012_at,SLC25A40,solute carrier family 25 member 40,0.227,1.775,-4.168,0.07743503,0.8001,Up
234316_x_at,KLK12,kallikrein related peptidase 12,0.106,1.775,-4.168,0.07743956,0.8001,Up
227765_at,OTUD6B-AS1,OTUD6B antisense RNA 1 (head to head),-0.203,-1.775,-4.168,0.07745304,0.8001,Down
204713_s_at,F5,coagulation factor V,0.169,1.775,-4.169,0.07746049,0.8001,Up
226811_at,FAM46C,family with sequence similarity 46 member C,0.251,1.775,-4.169,0.07748911,0.8003,Up
222949_at,NXF3,nuclear RNA export factor 3,0.081,1.775,-4.169,0.07752848,0.8004,Up
223122_s_at,SFRP2,secreted frizzled related protein 2,0.147,1.775,-4.169,0.07752914,0.8004,Up
220124_at,GAN,gigaxonin,-0.133,-1.774,-4.17,0.07757646,0.8006,Down
219556_at,C16orf59,chromosome 16 open reading frame 59,0.0803,1.774,-4.17,0.07758001,0.8006,Up
213113_s_at,SLC43A3,solute carrier family 43 member 3,0.0904,1.774,-4.17,0.07759539,0.8006,Up
200812_at,CCT7,chaperonin containing TCP1 subunit 7,-0.0843,-1.774,-4.17,0.07764517,0.8008,Down
1560878_at,SYT15,synaptotagmin 15,0.0751,1.774,-4.17,0.07764554,0.8008,Up
232553_at,PCYT1B,"phosphate cytidylyltransferase 1, choline, beta",0.178,1.774,-4.17,0.07767063,0.8008,Up
1558996_at,FOXP1,forkhead box P1,-0.11,-1.774,-4.171,0.07769911,0.8008,Down
201328_at,ETS2,"ETS proto-oncogene 2, transcription factor",0.108,1.774,-4.171,0.07769991,0.8008,Up
235974_at,EXOC4,exocyst complex component 4,-0.0883,-1.774,-4.171,0.0777017,0.8008,Down
244452_at,ERLEC1,endoplasmic reticulum lectin 1,-0.179,-1.773,-4.171,0.07771923,0.8008,Down
213752_at,KAZN,"kazrin, periplakin interacting protein",0.0897,1.773,-4.171,0.07775303,0.801,Up
222557_at,STMN3,stathmin 3,-0.182,-1.773,-4.171,0.07776972,0.8011,Down
231773_at,ANGPTL1,angiopoietin like 1,-0.116,-1.773,-4.172,0.07781135,0.8013,Down
210982_s_at,HLA-DRA,"major histocompatibility complex, class II, DR alpha",-0.119,-1.773,-4.172,0.0778173,0.8013,Down
227224_at,RALGPS2,Ral GEF with PH domain and SH3 binding motif 2,-0.171,-1.773,-4.172,0.07784368,0.8014,Down
212146_at,PLEKHM2,pleckstrin homology and RUN domain containing M2,0.099,1.772,-4.172,0.07790238,0.8016,Up
207155_at,TBX5,T-box 5,-0.0713,-1.772,-4.172,0.07791133,0.8016,Down
226058_at,B3GNT9,"UDP-GlcNAc:betaGal beta-1,3-N-acetylglucosaminyltransferase 9",0.0642,1.772,-4.173,0.07795622,0.8019,Up
235353_at,SEL1L3,SEL1L family member 3,-0.135,-1.771,-4.174,0.0780514,0.8022,Down
224202_at,SUFU,SUFU negative regulator of hedgehog signaling,0.0833,1.771,-4.174,0.07805713,0.8022,Up
200028_s_at,STARD7,StAR related lipid transfer domain containing 7,-0.0503,-1.771,-4.174,0.07809306,0.8022,Down
230121_at,SERTAD4-AS1,SERTAD4 antisense RNA 1,0.0777,1.771,-4.174,0.078103,0.8022,Up
212513_s_at,USP33,ubiquitin specific peptidase 33,0.112,1.771,-4.174,0.07814775,0.8022,Up
221147_x_at,WWOX,WW domain containing oxidoreductase,-0.0861,-1.771,-4.175,0.07815498,0.8022,Down
231278_at,LOC101927503,uncharacterized LOC101927503,0.0777,1.771,-4.175,0.07816339,0.8022,Up
214173_x_at,URI1,"URI1, prefoldin like chaperone",-0.118,-1.771,-4.175,0.07818536,0.8022,Down
219958_at,TMEM74B,transmembrane protein 74B,0.0871,1.771,-4.175,0.07819968,0.8022,Up
1568834_s_at,CCDC90B,coiled-coil domain containing 90B,-0.179,-1.77,-4.175,0.07822983,0.8022,Down
214143_x_at,RPL24,ribosomal protein L24,-0.0331,-1.77,-4.175,0.07826084,0.8022,Down
228030_at,RBM6,RNA binding motif protein 6,-0.112,-1.77,-4.175,0.07826476,0.8022,Down
226574_at,PSPC1,paraspeckle component 1,-0.105,-1.77,-4.176,0.07827984,0.8022,Down
206258_at,ST8SIA5,"ST8 alpha-N-acetyl-neuraminide alpha-2,8-sialyltransferase 5",0.0871,1.77,-4.176,0.07828082,0.8022,Up
214003_x_at,SNORD54///RPS20,"small nucleolar RNA, C/D box 54///ribosomal protein S20",-0.0246,-1.77,-4.176,0.07828205,0.8022,Down
229423_at,CHEK1,checkpoint kinase 1,-0.105,-1.77,-4.176,0.07829679,0.8022,Down
32091_at,SLC25A44,solute carrier family 25 member 44,0.0591,1.77,-4.176,0.07833503,0.8022,Up
222071_s_at,SLCO4C1,solute carrier organic anion transporter family member 4C1,0.217,1.769,-4.176,0.07837961,0.8022,Up
227270_at,FAM200B,family with sequence similarity 200 member B,0.183,1.769,-4.177,0.07839537,0.8022,Up
238320_at,MIR612///NEAT1,microRNA 612///nuclear paraspeckle assembly transcript 1 (non-protein coding),0.0962,1.769,-4.177,0.07842418,0.8022,Up
228556_at,YTHDC1,YTH domain containing 1,-0.104,-1.769,-4.177,0.078439,0.8022,Down
221433_at,FGF21,fibroblast growth factor 21,0.0843,1.769,-4.177,0.07844169,0.8022,Up
201393_s_at,IGF2R,insulin like growth factor 2 receptor,0.0958,1.769,-4.177,0.07847062,0.8022,Up
243201_at,RPL36A,ribosomal protein L36a,-0.135,-1.769,-4.178,0.07851277,0.8022,Down
214477_at,MLLT1,"MLLT1, super elongation complex subunit",0.0826,1.768,-4.178,0.07856284,0.8022,Up
242898_at,EIF2AK2,eukaryotic translation initiation factor 2 alpha kinase 2,0.0859,1.768,-4.178,0.07856321,0.8022,Up
200827_at,PLOD1,"procollagen-lysine,2-oxoglutarate 5-dioxygenase 1",0.132,1.768,-4.178,0.07861184,0.8022,Up
231349_at,GPR150,G protein-coupled receptor 150,0.0832,1.768,-4.179,0.07862687,0.8022,Up
225481_at,FRMD6,FERM domain containing 6,-0.101,-1.768,-4.179,0.07863654,0.8022,Down
219584_at,PLA1A,phospholipase A1 member A,0.105,1.768,-4.179,0.07866113,0.8022,Up
227893_at,LOC101930476///LINC00476,uncharacterized LOC101930476///long intergenic non-protein coding RNA 476,-0.102,-1.768,-4.179,0.07866349,0.8022,Down
222539_at,CLN6,"ceroid-lipofuscinosis, neuronal 6, late infantile, variant",0.0764,1.768,-4.179,0.07868363,0.8022,Up
225299_at,MYO5B,myosin VB,-0.14,-1.768,-4.179,0.07869827,0.8022,Down
227597_at,DIS3L2,DIS3 like 3'-5' exoribonuclease 2,-0.0856,-1.767,-4.179,0.07872331,0.8022,Down
209281_s_at,ATP2B1,ATPase plasma membrane Ca2+ transporting 1,-0.146,-1.767,-4.179,0.07872703,0.8022,Down
216925_s_at,TAL1,"TAL bHLH transcription factor 1, erythroid differentiation factor",0.191,1.767,-4.179,0.07872927,0.8022,Up
232328_at,ZNF552,zinc finger protein 552,0.0779,1.767,-4.18,0.07876293,0.8022,Up
235573_at,HSPH1,heat shock protein family H (Hsp110) member 1,-0.152,-1.767,-4.18,0.07876459,0.8022,Down
218020_s_at,ZFAND3,zinc finger AN1-type containing 3,0.0736,1.767,-4.18,0.0788195,0.8022,Up
235903_at,ANKS6,ankyrin repeat and sterile alpha motif domain containing 6,0.0718,1.767,-4.18,0.07882309,0.8022,Up
1569064_at,C15orf62,chromosome 15 open reading frame 62,0.0851,1.767,-4.18,0.07882835,0.8022,Up
222658_s_at,APTX,aprataxin,-0.0752,-1.767,-4.18,0.07883164,0.8022,Down
214588_s_at,MFAP3,microfibrillar associated protein 3,0.14,1.767,-4.18,0.07883856,0.8022,Up
219877_at,ZMAT4,zinc finger matrin-type 4,-0.162,-1.767,-4.18,0.0788514,0.8022,Down
206525_at,GABRR1,gamma-aminobutyric acid type A receptor rho1 subunit,-0.088,-1.767,-4.181,0.0788648,0.8022,Down
220330_s_at,SAMSN1,"SAM domain, SH3 domain and nuclear localization signals 1",0.252,1.767,-4.181,0.07886511,0.8022,Up
213288_at,MBOAT2,membrane bound O-acyltransferase domain containing 2,0.145,1.766,-4.181,0.07891498,0.8026,Up
1556186_s_at,EMC1,ER membrane protein complex subunit 1,-0.198,-1.766,-4.181,0.07893699,0.8027,Down
202722_s_at,GFPT1,glutamine--fructose-6-phosphate transaminase 1,0.166,1.766,-4.181,0.07895365,0.8027,Up
242214_at,RPS27A,ribosomal protein S27a,-0.0892,-1.766,-4.182,0.0789746,0.8027,Down
219406_at,C1orf50,chromosome 1 open reading frame 50,-0.111,-1.766,-4.182,0.07901035,0.803,Down
1566257_at,GPR180,G protein-coupled receptor 180,-0.195,-1.765,-4.182,0.07905849,0.8031,Down
222640_at,DNMT3A,DNA methyltransferase 3 alpha,-0.0702,-1.765,-4.182,0.07906513,0.8031,Down
225718_at,LNPK,"lunapark, ER junction formation factor",-0.153,-1.765,-4.182,0.07907183,0.8031,Down
232891_at,SIRPD,signal regulatory protein delta,0.147,1.765,-4.183,0.07912542,0.8033,Up
213214_x_at,ACTG1///ACTB,actin gamma 1///actin beta,0.0318,1.765,-4.183,0.07913571,0.8033,Up
202210_x_at,GSK3A,glycogen synthase kinase 3 alpha,0.0852,1.765,-4.183,0.07918775,0.8033,Up
204111_at,HNMT,histamine N-methyltransferase,-0.0764,-1.765,-4.183,0.07920562,0.8033,Down
221258_s_at,KIF18A,kinesin family member 18A,-0.0927,-1.765,-4.184,0.07921493,0.8033,Down
219822_at,MTRF1,mitochondrial translational release factor 1,-0.116,-1.764,-4.184,0.07922448,0.8033,Down
234339_s_at,SNORD23///GLTSCR2,"small nucleolar RNA, C/D box 23///glioma tumor suppressor candidate region gene 2",-0.11,-1.764,-4.184,0.07922666,0.8033,Down
230576_at,BLOC1S3,biogenesis of lysosomal organelles complex 1 subunit 3,0.0895,1.764,-4.184,0.07923091,0.8033,Up
1555358_a_at,ENTPD4,ectonucleoside triphosphate diphosphohydrolase 4,-0.107,-1.764,-4.184,0.07928168,0.8033,Down
210704_at,FEZ2,fasciculation and elongation protein zeta 2,-0.109,-1.764,-4.184,0.0792867,0.8033,Down
232478_at,MIR181A2HG,MIR181A2 host gene,-0.167,-1.764,-4.184,0.0792876,0.8033,Down
209449_at,LSM2,"LSM2 homolog, U6 small nuclear RNA and mRNA degradation associated",-0.0839,-1.764,-4.184,0.07931602,0.8034,Down
1553214_a_at,CCDC7,coiled-coil domain containing 7,-0.183,-1.764,-4.185,0.07935397,0.8035,Down
230351_at,FGF14-AS2,FGF14 antisense RNA 2,-0.123,-1.764,-4.185,0.07935805,0.8035,Down
234226_at,OPN4,opsin 4,0.0744,1.763,-4.185,0.07940029,0.8036,Up
236150_at,HYKK,hydroxylysine kinase,-0.109,-1.763,-4.185,0.0794121,0.8036,Down
243099_at,NFAM1,NFAT activating protein with ITAM motif 1,0.0636,1.763,-4.185,0.0794333,0.8036,Up
242633_x_at,ZNF75A,zinc finger protein 75a,-0.15,-1.763,-4.186,0.07946416,0.8036,Down
238168_at,TM4SF1,transmembrane 4 L six family member 1,0.0597,1.763,-4.186,0.07946716,0.8036,Up
1562223_at,LOC642426,uncharacterized LOC642426,0.0712,1.763,-4.186,0.07948624,0.8036,Up
215561_s_at,IL1R1,interleukin 1 receptor type 1,0.144,1.763,-4.186,0.07952145,0.8037,Up
236190_at,LOC102723692,uncharacterized LOC102723692,-0.0892,-1.763,-4.186,0.07952744,0.8037,Down
214083_at,PPP2R5C,protein phosphatase 2 regulatory subunit B'gamma,-0.0979,-1.762,-4.187,0.07958393,0.8038,Down
1555299_s_at,ERVW-1,endogenous retrovirus group W member 1,0.113,1.762,-4.187,0.07960264,0.8038,Up
217781_s_at,ZNF106,zinc finger protein 106,0.0626,1.762,-4.187,0.07961269,0.8038,Up
226271_at,GDAP1,ganglioside induced differentiation associated protein 1,-0.0842,-1.762,-4.187,0.07961616,0.8038,Down
233143_at,C20orf173,chromosome 20 open reading frame 173,0.072,1.762,-4.187,0.07962353,0.8038,Up
1564151_at,LOC102724718,uncharacterized LOC102724718,-0.119,-1.762,-4.187,0.07962546,0.8038,Down
1555016_at,IL16,interleukin 16,0.0918,1.762,-4.187,0.07965354,0.8038,Up
203081_at,CTNNBIP1,catenin beta interacting protein 1,0.0751,1.762,-4.188,0.07969469,0.8038,Up
210134_x_at,SHOX2,short stature homeobox 2,0.0732,1.762,-4.188,0.07969785,0.8038,Up
242026_at,MYCN,v-myc avian myelocytomatosis viral oncogene neuroblastoma derived homolog,0.0706,1.762,-4.188,0.07971374,0.8038,Up
210680_s_at,MASP1,mannan binding lectin serine peptidase 1,0.0696,1.761,-4.188,0.07974954,0.8039,Up
227950_at,UBE2H,ubiquitin conjugating enzyme E2 H,0.116,1.761,-4.188,0.0797548,0.8039,Up
226801_s_at,AIDA,"axin interactor, dorsalization associated",-0.105,-1.761,-4.188,0.07978473,0.8041,Down
238420_at,TAOK1,TAO kinase 1,0.147,1.76,-4.189,0.07989459,0.8046,Up
1552773_at,CLEC4D,C-type lectin domain family 4 member D,0.243,1.76,-4.19,0.0799477,0.8046,Up
205844_at,VNN1,vanin 1,0.222,1.76,-4.19,0.07995103,0.8046,Up
225050_at,ZNF512,zinc finger protein 512,-0.0769,-1.76,-4.19,0.07995548,0.8046,Down
213023_at,UTRN,utrophin,-0.0762,-1.76,-4.19,0.07995632,0.8046,Down
