Gene_list,Library,Term,Overlap,P_value,FDR,Enrichment_ratio,Odds_ratio,Genes
Hub genes (10),GO_Biological_Process_2025,Cell Surface Receptor Signaling Pathway via JAK-STAT (GO:0007259),4/44,8.27e-09,2.08e-06,153.7,281.0,JAK1;JAK2;STAT2;STAT3
Hub genes (10),GO_Biological_Process_2025,Cell Surface Receptor Signaling Pathway via STAT (GO:0097696),4/52,1.65e-08,2.08e-06,130.1,234.1,JAK1;JAK2;STAT2;STAT3
Hub genes (10),GO_Biological_Process_2025,Growth Hormone Receptor Signaling Pathway via JAK-STAT (GO:0060397),3/10,1.78e-08,2.08e-06,507.3,1034.3,JAK1;JAK2;STAT3
Hub genes (10),GO_Biological_Process_2025,Regulation of Cell Population Proliferation (GO:0042127),7/686,1.89e-08,2.08e-06,17.3,55.7,HDAC1;IGF1R;JAK2;MDM2;PML;STAT2;STAT3
Hub genes (10),GO_Biological_Process_2025,Interleukin-6-Mediated Signaling Pathway (GO:0070102),3/12,3.27e-08,2.87e-06,422.8,804.4,JAK1;JAK2;STAT3
Hub genes (10),GO_Biological_Process_2025,Growth Hormone Receptor Signaling Pathway (GO:0060396),3/19,1.44e-07,1.05e-05,267.0,452.3,JAK1;JAK2;STAT3
Hub genes (10),GO_Biological_Process_2025,Cellular Response to Interleukin-6 (GO:0071354),3/21,1.97e-07,1.24e-05,241.6,402.0,JAK1;JAK2;STAT3
Hub genes (10),GO_Biological_Process_2025,Phosphatidylinositol 3-Kinase/Protein Kinase B Signal Transduction (GO:0043491),3/37,1.14e-06,6.30e-05,137.1,212.6,ERBB2;IGF1R;STAT3
Hub genes (10),GO_Biological_Process_2025,Interferon-Mediated Signaling Pathway (GO:0140888),3/46,2.23e-06,1.06e-04,110.3,168.0,JAK1;JAK2;STAT2
Hub genes (10),GO_Biological_Process_2025,Positive Regulation of Cell Population Proliferation (GO:0008284),5/432,2.41e-06,1.06e-04,19.6,38.6,ERBB2;HDAC1;IGF1R;JAK2;MDM2
Hub genes (10),GO_Biological_Process_2025,Interleukin-23-Mediated Signaling Pathway (GO:0038155),2/5,3.14e-06,1.26e-04,676.4,1408.2,JAK2;STAT3
Hub genes (10),GO_Biological_Process_2025,Peptidyl-Tyrosine Phosphorylation (GO:0018108),3/53,3.43e-06,1.26e-04,95.7,144.4,ERBB2;IGF1R;JAK2
Hub genes (10),GO_Biological_Process_2025,Cellular Response to Interleukin-2 (GO:0071352),2/7,6.60e-06,1.81e-04,483.2,844.8,JAK1;STAT3
Hub genes (10),GO_Biological_Process_2025,Cellular Response to Interleukin-9 (GO:0071355),2/7,6.60e-06,1.81e-04,483.2,844.8,JAK1;STAT3
Hub genes (10),GO_Biological_Process_2025,Interleukin-2-Mediated Signaling Pathway (GO:0038110),2/7,6.60e-06,1.81e-04,483.2,844.8,JAK1;STAT3
Hub genes (10),GO_Biological_Process_2025,Interleukin-9-Mediated Signaling Pathway (GO:0038113),2/7,6.60e-06,1.81e-04,483.2,844.8,JAK1;STAT3
Hub genes (10),GO_Biological_Process_2025,T-helper 17 Cell Lineage Commitment (GO:0072540),2/9,1.13e-05,2.59e-04,375.8,603.4,JAK1;STAT3
Hub genes (10),GO_Biological_Process_2025,Cellular Response to Interleukin-15 (GO:0071350),2/9,1.13e-05,2.59e-04,375.8,603.4,JAK1;STAT3
Hub genes (10),GO_Biological_Process_2025,Interleukin-15-Mediated Signaling Pathway (GO:0035723),2/9,1.13e-05,2.59e-04,375.8,603.4,JAK1;STAT3
Hub genes (10),GO_Biological_Process_2025,Cell Surface Receptor Protein Tyrosine Kinase Signaling Pathway (GO:0007169),4/271,1.26e-05,2.59e-04,25.0,41.5,ERBB2;IGF1R;JAK2;STAT3
Hub genes (10),GO_Biological_Process_2025,Regulation of Apoptotic Process (GO:0042981),5/613,1.33e-05,2.59e-04,13.8,26.8,ERBB2;HDAC1;IGF1R;JAK2;MDM2
Hub genes (10),GO_Biological_Process_2025,T-helper 17 Cell Differentiation (GO:0072539),2/10,1.41e-05,2.59e-04,338.2,527.9,JAK1;STAT3
Hub genes (10),GO_Biological_Process_2025,Interleukin-10-Mediated Signaling Pathway (GO:0140105),2/10,1.41e-05,2.59e-04,338.2,527.9,JAK1;STAT3
Hub genes (10),GO_Biological_Process_2025,Type II Interferon-Mediated Signaling Pathway (GO:0060333),2/10,1.41e-05,2.59e-04,338.2,527.9,JAK1;JAK2
Hub genes (10),GO_Biological_Process_2025,Cellular Response to Growth Hormone Stimulus (GO:0071378),2/11,1.73e-05,3.04e-04,307.5,469.2,JAK2;STAT3
Hub genes (10),GO_Biological_Process_2025,T-helper Cell Lineage Commitment (GO:0002295),2/12,2.07e-05,3.50e-04,281.8,422.3,JAK1;STAT3
Hub genes (10),GO_Biological_Process_2025,Negative Regulation of Programmed Cell Death (GO:0043069),4/340,3.06e-05,4.81e-04,19.9,32.9,ERBB2;HDAC1;IGF1R;MDM2
Hub genes (10),GO_Biological_Process_2025,Protein Phosphorylation (GO:0006468),4/340,3.06e-05,4.81e-04,19.9,32.9,ERBB2;IGF1R;JAK1;JAK2
Hub genes (10),GO_Biological_Process_2025,Protein Localization to Nucleus (GO:0034504),3/116,3.64e-05,5.51e-04,43.7,63.7,MDM2;PML;STAT3
Hub genes (10),GO_Biological_Process_2025,Positive Regulation of Homotypic Cell-Cell Adhesion (GO:0034112),2/16,3.76e-05,5.51e-04,211.4,301.6,JAK1;JAK2
Hub genes (10),GO_Biological_Process_2025,Negative Regulation of Apoptotic Process (GO:0043066),4/421,7.06e-05,1.00e-03,16.1,26.4,ERBB2;HDAC1;IGF1R;MDM2
Hub genes (10),GO_Biological_Process_2025,Negative Regulation of Cytokine Production Involved in Inflammatory Response (GO:1900016),2/27,1.10e-04,1.51e-03,125.3,168.8,JAK2;STAT3
Hub genes (10),GO_Biological_Process_2025,"DNA Damage Response, Signal Transduction by P53 Class Mediator (GO:0030330)",2/28,1.18e-04,1.57e-03,120.8,162.3,MDM2;PML
Hub genes (10),GO_Biological_Process_2025,Positive Regulation of Cellular Process (GO:0048522),4/545,1.92e-04,2.47e-03,12.4,20.2,ERBB2;HDAC1;IGF1R;MDM2
Hub genes (10),GO_Biological_Process_2025,Type I Interferon-Mediated Signaling Pathway (GO:0060337),2/36,1.96e-04,2.47e-03,94.0,124.0,JAK1;STAT2
Hub genes (10),GO_Biological_Process_2025,Cellular Response to Type I Interferon (GO:0071357),2/37,2.07e-04,2.53e-03,91.4,120.5,JAK1;STAT2
Hub genes (10),GO_Biological_Process_2025,Apoptotic Process (GO:0006915),3/214,2.25e-04,2.67e-03,23.7,33.9,JAK2;MDM2;PML
Hub genes (10),GO_Biological_Process_2025,Cellular Response to Type II Interferon (GO:0071346),2/40,2.43e-04,2.77e-03,84.6,110.9,JAK1;JAK2
Hub genes (10),GO_Biological_Process_2025,Positive Regulation of Intracellular Signal Transduction (GO:1902533),4/581,2.45e-04,2.77e-03,11.6,18.9,ERBB2;IGF1R;JAK2;STAT3
Hub genes (10),GO_Biological_Process_2025,Protein Sumoylation (GO:0016925),2/42,2.68e-04,2.94e-03,80.5,105.4,MDM2;PML
Hub genes (10),GO_Biological_Process_2025,Cytokine-Mediated Signaling Pathway (GO:0019221),3/237,3.03e-04,3.23e-03,21.4,30.5,JAK1;JAK2;STAT3
Hub genes (10),GO_Biological_Process_2025,Positive Regulation of DNA-templated Transcription (GO:0045893),5/1181,3.08e-04,3.23e-03,7.2,13.4,ERBB2;HDAC1;JAK2;STAT2;STAT3
Hub genes (10),GO_Biological_Process_2025,Signal Transduction by P53 Class Mediator (GO:0072331),2/47,3.35e-04,3.43e-03,72.0,93.6,MDM2;PML
Hub genes (10),GO_Biological_Process_2025,Positive Regulation of Interleukin-1 Beta Production (GO:0032731),2/50,3.80e-04,3.65e-03,67.6,87.8,JAK2;STAT3
Hub genes (10),GO_Biological_Process_2025,Regulation of Cytokine Production Involved in Inflammatory Response (GO:1900015),2/50,3.80e-04,3.65e-03,67.6,87.8,JAK2;STAT3
Hub genes (10),GO_Biological_Process_2025,Negative Regulation of Intracellular Signal Transduction (GO:1902532),3/259,3.94e-04,3.65e-03,19.6,27.9,IGF1R;MDM2;STAT3
Hub genes (10),GO_Biological_Process_2025,Cellular Response to Virus (GO:0098586),2/51,3.95e-04,3.65e-03,66.3,86.0,JAK1;JAK2
Hub genes (10),GO_Biological_Process_2025,Cellular Response to Cytokine Stimulus (GO:0071345),3/260,3.98e-04,3.65e-03,19.5,27.8,JAK1;JAK2;STAT3
Hub genes (10),GO_Biological_Process_2025,Response to Peptide Hormone (GO:0043434),2/54,4.43e-04,3.97e-03,62.6,81.0,STAT2;STAT3
Hub genes (10),GO_Biological_Process_2025,Phosphorylation (GO:0016310),3/272,4.54e-04,3.97e-03,18.7,26.5,ERBB2;JAK1;STAT3
Hub genes (10),GO_Biological_Process_2025,Positive Regulation of Interleukin-1 Production (GO:0032732),2/55,4.60e-04,3.97e-03,61.5,79.5,JAK2;STAT3
Hub genes (10),GO_Biological_Process_2025,Regulation of Cell Cycle (GO:0051726),3/282,5.05e-04,4.27e-03,18.0,25.5,MDM2;PML;STAT3
Hub genes (10),GO_Biological_Process_2025,Positive Regulation of Macromolecule Biosynthetic Process (GO:0010557),3/313,6.84e-04,5.68e-03,16.2,22.9,HDAC1;JAK2;STAT3
Hub genes (10),GO_Biological_Process_2025,Signal Transduction in Response to DNA Damage (GO:0042770),2/70,7.44e-04,6.06e-03,48.3,61.9,MDM2;PML
Hub genes (10),GO_Biological_Process_2025,Intracellular Signaling Cassette (GO:0141124),3/326,7.70e-04,6.16e-03,15.6,22.0,ERBB2;IGF1R;STAT3
Hub genes (10),GO_Biological_Process_2025,Regulation of Interleukin-1 Beta Production (GO:0032651),2/72,7.87e-04,6.18e-03,47.0,60.1,JAK2;STAT3
Hub genes (10),GO_Biological_Process_2025,Positive Regulation of Tumor Necrosis Factor Production (GO:0032760),2/73,8.09e-04,6.24e-03,46.3,59.3,JAK2;STAT3
Hub genes (10),GO_Biological_Process_2025,Peptidyl-Lysine Modification (GO:0018205),2/76,8.76e-04,6.53e-03,44.5,56.8,MDM2;PML
Hub genes (10),GO_Biological_Process_2025,Positive Regulation of Tumor Necrosis Factor Superfamily Cytokine Production (GO:1903557),2/76,8.76e-04,6.53e-03,44.5,56.8,JAK2;STAT3
Hub genes (10),GO_Biological_Process_2025,Positive Regulation of Cell Adhesion (GO:0045785),2/85,1.09e-03,8.03e-03,39.8,50.7,ERBB2;JAK2
Hub genes (10),GO_Biological_Process_2025,Positive Regulation of Multicellular Organismal Process (GO:0051240),3/372,1.13e-03,8.15e-03,13.6,19.2,HDAC1;IGF1R;JAK2
Hub genes (10),GO_Biological_Process_2025,Positive Regulation of Gene Expression (GO:0010628),3/380,1.20e-03,8.52e-03,13.4,18.8,ERBB2;HDAC1;STAT3
Hub genes (10),GO_Biological_Process_2025,Positive Regulation of Protein Localization (GO:1903829),2/94,1.34e-03,9.17e-03,36.0,45.7,JAK1;PML
Hub genes (10),GO_Biological_Process_2025,Positive Regulation of Transcription by RNA Polymerase II (GO:0045944),4/913,1.36e-03,9.17e-03,7.4,11.7,HDAC1;JAK2;STAT2;STAT3
Hub genes (10),GO_Biological_Process_2025,Positive Regulation of Cold-Induced Thermogenesis (GO:0120162),2/95,1.36e-03,9.17e-03,35.6,45.2,IGF1R;JAK2
Hub genes (10),GO_Biological_Process_2025,Negative Regulation of DNA-templated Transcription (GO:0045892),4/915,1.37e-03,9.17e-03,7.4,11.7,HDAC1;MDM2;PML;STAT3
Hub genes (10),GO_Biological_Process_2025,Negative Regulation of Catabolic Process (GO:0009895),2/104,1.63e-03,1.07e-02,32.5,41.2,PML;STAT3
Hub genes (10),GO_Biological_Process_2025,Enzyme-Linked Receptor Protein Signaling Pathway (GO:0007167),2/107,1.73e-03,1.12e-02,31.6,40.0,ERBB2;JAK2
Hub genes (10),GO_Biological_Process_2025,Regulation of Cell Migration (GO:0030334),3/433,1.75e-03,1.12e-02,11.7,16.4,HDAC1;IGF1R;STAT3
Hub genes (10),GO_Biological_Process_2025,Negative Regulation of RNA Biosynthetic Process (GO:1902679),3/438,1.81e-03,1.14e-02,11.6,16.2,HDAC1;MDM2;PML
Hub genes (10),GO_Biological_Process_2025,Protein-Containing Complex Organization (GO:0043933),2/112,1.89e-03,1.17e-02,30.2,38.2,MDM2;PML
Hub genes (10),GO_Biological_Process_2025,Regulation of Mitotic Cell Cycle (GO:0007346),2/113,1.92e-03,1.18e-02,29.9,37.8,MDM2;PML
Hub genes (10),GO_Biological_Process_2025,Regulation of Tumor Necrosis Factor Production (GO:0032680),2/114,1.96e-03,1.18e-02,29.7,37.5,JAK2;STAT3
Hub genes (10),GO_Biological_Process_2025,Response to Cytokine (GO:0034097),2/116,2.03e-03,1.20e-02,29.2,36.8,JAK2;PML
Hub genes (10),GO_Biological_Process_2025,Regulation of Anatomical Structure Morphogenesis (GO:0022603),2/123,2.27e-03,1.33e-02,27.5,34.7,ERBB2;STAT2
Hub genes (10),GO_Biological_Process_2025,Protein Autophosphorylation (GO:0046777),2/127,2.42e-03,1.40e-02,26.6,33.6,IGF1R;JAK2
Hub genes (10),GO_Biological_Process_2025,Regulation of DNA-templated Transcription (GO:0006355),5/1876,2.61e-03,1.49e-02,4.5,8.0,HDAC1;MDM2;PML;STAT2;STAT3
Hub genes (10),GO_Biological_Process_2025,Protein Modification Process (GO:0036211),3/501,2.65e-03,1.50e-02,10.1,14.1,ERBB2;JAK1;JAK2
Hub genes (10),GO_Biological_Process_2025,Positive Regulation of Metabolic Process (GO:0009893),2/135,2.73e-03,1.50e-02,25.1,31.5,IGF1R;JAK2
Hub genes (10),GO_Biological_Process_2025,Cellular Response to Growth Factor Stimulus (GO:0071363),2/139,2.89e-03,1.50e-02,24.3,30.6,ERBB2;HDAC1
Hub genes (10),GO_Biological_Process_2025,ERBB2-EGFR Signaling Pathway (GO:0038134),1/5,2.95e-03,1.50e-02,338.2,469.4,ERBB2
Hub genes (10),GO_Biological_Process_2025,Astrocyte Differentiation (GO:0048708),1/5,2.95e-03,1.50e-02,338.2,469.4,STAT3
Hub genes (10),GO_Biological_Process_2025,Interleukin-4-Mediated Signaling Pathway (GO:0035771),1/5,2.95e-03,1.50e-02,338.2,469.4,JAK1
Hub genes (10),GO_Biological_Process_2025,Interleukin-5-Mediated Signaling Pathway (GO:0038043),1/5,2.95e-03,1.50e-02,338.2,469.4,JAK2
Hub genes (10),GO_Biological_Process_2025,Negative Regulation of miRNA Processing (GO:1903799),1/5,2.95e-03,1.50e-02,338.2,469.4,STAT3
Hub genes (10),GO_Biological_Process_2025,Positive Regulation of NK T Cell Proliferation (GO:0051142),1/5,2.95e-03,1.50e-02,338.2,469.4,JAK2
Hub genes (10),GO_Biological_Process_2025,Regulation of Cold-Induced Thermogenesis (GO:0120161),2/141,2.97e-03,1.50e-02,24.0,30.1,IGF1R;JAK2
Hub genes (10),GO_Biological_Process_2025,+ Reg of Phosphatidylinositol 3-Kinase/Prot Kinase B Signal Transduction (GO:0051897),2/146,3.18e-03,1.51e-02,23.2,29.1,IGF1R;JAK2
Hub genes (10),GO_Biological_Process_2025,Regulation of Transcription by RNA Polymerase II (GO:0006357),5/1982,3.33e-03,1.51e-02,4.3,7.5,HDAC1;JAK2;MDM2;STAT2;STAT3
Hub genes (10),GO_Biological_Process_2025,Cellular Response to Nitrogen Compound (GO:1901699),2/150,3.36e-03,1.51e-02,22.5,28.3,IGF1R;MDM2
Hub genes (10),GO_Biological_Process_2025,Cellular Response to Erythropoietin (GO:0036018),1/6,3.54e-03,1.51e-02,281.8,375.5,JAK2
Hub genes (10),GO_Biological_Process_2025,Cellular Response to Leptin Stimulus (GO:0044320),1/6,3.54e-03,1.51e-02,281.8,375.5,STAT3
Hub genes (10),GO_Biological_Process_2025,Cellular Response to Platelet-Derived Growth Factor Stimulus (GO:0036120),1/6,3.54e-03,1.51e-02,281.8,375.5,HDAC1
Hub genes (10),GO_Biological_Process_2025,Interleukin-3-Mediated Signaling Pathway (GO:0038156),1/6,3.54e-03,1.51e-02,281.8,375.5,JAK2
Hub genes (10),GO_Biological_Process_2025,Photoreceptor Cell Differentiation (GO:0046530),1/6,3.54e-03,1.51e-02,281.8,375.5,STAT3
Hub genes (10),GO_Biological_Process_2025,Positive Regulation of Natural Killer Cell Proliferation (GO:0032819),1/6,3.54e-03,1.51e-02,281.8,375.5,JAK2
Hub genes (10),GO_Biological_Process_2025,Regulation of NK T Cell Proliferation (GO:0051140),1/6,3.54e-03,1.51e-02,281.8,375.5,JAK2
Hub genes (10),GO_Biological_Process_2025,Regulation of Growth Hormone Receptor Signaling Pathway (GO:0060398),1/6,3.54e-03,1.51e-02,281.8,375.5,JAK2
Hub genes (10),GO_Biological_Process_2025,Regulation of Intrinsic Apoptotic Signaling Pathway by P53 Class Mediator (GO:1902253),1/6,3.54e-03,1.51e-02,281.8,375.5,MDM2
Hub genes (10),GO_Biological_Process_2025,Regulation of Leukocyte Proliferation (GO:0070663),1/6,3.54e-03,1.51e-02,281.8,375.5,JAK2
Hub genes (10),GO_Biological_Process_2025,Regulation of Translational Initiation in Response to Stress (GO:0043558),1/6,3.54e-03,1.51e-02,281.8,375.5,PML
Hub genes (10),GO_Biological_Process_2025,Response to Leptin (GO:0044321),1/6,3.54e-03,1.51e-02,281.8,375.5,STAT3
Hub genes (10),GO_Biological_Process_2025,Thrombopoietin-Mediated Signaling Pathway (GO:0038163),1/6,3.54e-03,1.51e-02,281.8,375.5,JAK2
Hub genes (10),GO_Biological_Process_2025,Cellular Response to Interleukin-7 (GO:0098761),1/7,4.13e-03,1.60e-02,241.6,312.9,JAK1
Hub genes (10),GO_Biological_Process_2025,Cellular Response to Type III Interferon (GO:0071358),1/7,4.13e-03,1.60e-02,241.6,312.9,JAK1
Hub genes (10),GO_Biological_Process_2025,Collagen-Activated Signaling Pathway (GO:0038065),1/7,4.13e-03,1.60e-02,241.6,312.9,JAK2
Hub genes (10),GO_Biological_Process_2025,Dendritic Spine Maintenance (GO:0097062),1/7,4.13e-03,1.60e-02,241.6,312.9,IGF1R
Hub genes (10),GO_Biological_Process_2025,Interleukin-7-Mediated Signaling Pathway (GO:0038111),1/7,4.13e-03,1.60e-02,241.6,312.9,JAK1
Hub genes (10),GO_Biological_Process_2025,Leptin-Mediated Signaling Pathway (GO:0033210),1/7,4.13e-03,1.60e-02,241.6,312.9,STAT3
Hub genes (10),GO_Biological_Process_2025,Negative Regulation of Inflammatory Response to Wounding (GO:0106015),1/7,4.13e-03,1.60e-02,241.6,312.9,STAT3
Hub genes (10),GO_Biological_Process_2025,Positive Regulation of Endopeptidase Activity (GO:0010950),1/7,4.13e-03,1.60e-02,241.6,312.9,STAT3
Hub genes (10),GO_Biological_Process_2025,Positive Regulation of Intracellular Estrogen Receptor Signaling Pathway (GO:0033148),1/7,4.13e-03,1.60e-02,241.6,312.9,HDAC1
Hub genes (10),GO_Biological_Process_2025,Response to Platelet-Derived Growth Factor (GO:0036119),1/7,4.13e-03,1.60e-02,241.6,312.9,HDAC1
Hub genes (10),GO_Biological_Process_2025,Type III Interferon-Mediated Signaling Pathway (GO:0038196),1/7,4.13e-03,1.60e-02,241.6,312.9,JAK1
Hub genes (10),GO_Biological_Process_2025,Negative Regulation of Cytokine Production (GO:0001818),2/168,4.19e-03,1.60e-02,20.1,25.2,JAK2;STAT3
Hub genes (10),GO_Biological_Process_2025,Defense Response to Virus (GO:0051607),2/176,4.59e-03,1.70e-02,19.2,24.0,PML;STAT2
Hub genes (10),GO_Biological_Process_2025,Interleukin-12-Mediated Signaling Pathway (GO:0035722),1/8,4.72e-03,1.70e-02,211.4,268.2,JAK2
Hub genes (10),GO_Biological_Process_2025,Positive Regulation of NK T Cell Activation (GO:0051135),1/8,4.72e-03,1.70e-02,211.4,268.2,JAK2
Hub genes (10),GO_Biological_Process_2025,Positive Regulation of Intracellular Steroid Hormone Receptor Signaling Pathway (GO:0033145),1/8,4.72e-03,1.70e-02,211.4,268.2,HDAC1
Hub genes (10),GO_Biological_Process_2025,Positive Regulation of Platelet Activation (GO:0010572),1/8,4.72e-03,1.70e-02,211.4,268.2,JAK2
Hub genes (10),GO_Biological_Process_2025,Regulation of Natural Killer Cell Proliferation (GO:0032817),1/8,4.72e-03,1.70e-02,211.4,268.2,JAK2
Hub genes (10),GO_Biological_Process_2025,Regulation of Nitric Oxide Metabolic Process (GO:0080164),1/8,4.72e-03,1.70e-02,211.4,268.2,JAK2
Hub genes (10),GO_Biological_Process_2025,Regulation of Angiogenesis (GO:0045765),2/187,5.16e-03,1.84e-02,18.1,22.6,ERBB2;PML
Hub genes (10),GO_Biological_Process_2025,Negative Regulation of Macromolecule Biosynthetic Process (GO:0010558),2/188,5.22e-03,1.84e-02,18.0,22.5,HDAC1;STAT3
Hub genes (10),GO_Biological_Process_2025,Peptidyl-Tyrosine Autophosphorylation (GO:0038083),1/9,5.31e-03,1.84e-02,187.9,234.6,IGF1R
Hub genes (10),GO_Biological_Process_2025,Positive Regulation of Platelet Aggregation (GO:1901731),1/9,5.31e-03,1.84e-02,187.9,234.6,JAK2
Hub genes (10),GO_Biological_Process_2025,Regulation of Inflammatory Response to Wounding (GO:0106014),1/9,5.31e-03,1.84e-02,187.9,234.6,STAT3
Hub genes (10),GO_Biological_Process_2025,Regulation of Cell Growth (GO:0001558),2/195,5.60e-03,1.92e-02,17.3,21.6,ERBB2;PML
Hub genes (10),GO_Biological_Process_2025,Regulation of Phosphatidylinositol 3-Kinase/Protein Kinase B Signal Transduction (GO:0051896),2/197,5.71e-03,1.92e-02,17.2,21.4,IGF1R;JAK2
Hub genes (10),GO_Biological_Process_2025,Negative Regulation of Transcription by RNA Polymerase II (GO:0000122),3/659,5.76e-03,1.92e-02,7.7,10.6,HDAC1;MDM2;STAT3
Hub genes (10),GO_Biological_Process_2025,Cellular Component Maintenance (GO:0043954),1/10,5.90e-03,1.92e-02,169.1,208.5,IGF1R
Hub genes (10),GO_Biological_Process_2025,Cellular Response to Interleukin-12 (GO:0071349),1/10,5.90e-03,1.92e-02,169.1,208.5,JAK2
Hub genes (10),GO_Biological_Process_2025,"Negative Regulation of DNA Damage Response, Signal Transduction by P53 Class Mediator (GO:0043518)",1/10,5.90e-03,1.92e-02,169.1,208.5,MDM2
Hub genes (10),GO_Biological_Process_2025,Negative Regulation of Myotube Differentiation (GO:0010832),1/10,5.90e-03,1.92e-02,169.1,208.5,HDAC1
Hub genes (10),GO_Biological_Process_2025,Positive Regulation of Natural Killer Cell Activation (GO:0032816),1/10,5.90e-03,1.92e-02,169.1,208.5,JAK2
Hub genes (10),GO_Biological_Process_2025,Insulin-Like Growth Factor Receptor Signaling Pathway (GO:0048009),1/11,6.49e-03,2.04e-02,153.7,187.7,IGF1R
Hub genes (10),GO_Biological_Process_2025,Negative Regulation by Host of Viral Transcription (GO:0043922),1/11,6.49e-03,2.04e-02,153.7,187.7,HDAC1
Hub genes (10),GO_Biological_Process_2025,Positive Regulation of MHC Class II Biosynthetic Process (GO:0045348),1/11,6.49e-03,2.04e-02,153.7,187.7,JAK2
Hub genes (10),GO_Biological_Process_2025,Regulation of T-helper 17 Type Immune Response (GO:2000316),1/11,6.49e-03,2.04e-02,153.7,187.7,JAK2
Hub genes (10),GO_Biological_Process_2025,Regulation of Feeding Behavior (GO:0060259),1/11,6.49e-03,2.04e-02,153.7,187.7,STAT3
Hub genes (10),GO_Biological_Process_2025,Cellular Response to Interleukin-4 (GO:0071353),1/12,7.08e-03,2.10e-02,140.9,170.6,JAK1
Hub genes (10),GO_Biological_Process_2025,Negative Regulation of Intrinsic Apoptotic Signaling Pathway by P53 Class Mediator (GO:1902254),1/12,7.08e-03,2.10e-02,140.9,170.6,MDM2
Hub genes (10),GO_Biological_Process_2025,Nuclear Body Organization (GO:0030575),1/12,7.08e-03,2.10e-02,140.9,170.6,PML
Hub genes (10),GO_Biological_Process_2025,Positive Regulation of T-helper 17 Type Immune Response (GO:2000318),1/12,7.08e-03,2.10e-02,140.9,170.6,JAK2
Hub genes (10),GO_Biological_Process_2025,Positive Regulation of Protein-Containing Complex Disassembly (GO:0043243),1/12,7.08e-03,2.10e-02,140.9,170.6,IGF1R
Hub genes (10),GO_Biological_Process_2025,Protein Localization to Cell-Cell Junction (GO:0150105),1/12,7.08e-03,2.10e-02,140.9,170.6,JAK1
Hub genes (10),GO_Biological_Process_2025,Regulation of Homotypic Cell-Cell Adhesion (GO:0034110),1/12,7.08e-03,2.10e-02,140.9,170.6,JAK1
Hub genes (10),GO_Biological_Process_2025,Suppression of Viral Release by Host (GO:0044790),1/12,7.08e-03,2.10e-02,140.9,170.6,PML
Hub genes (10),GO_Biological_Process_2025,Positive Regulation of Cell Motility (GO:2000147),2/224,7.33e-03,2.12e-02,15.1,18.8,IGF1R;STAT3
Hub genes (10),GO_Biological_Process_2025,Positive Regulation of Signal Transduction (GO:0009967),2/228,7.58e-03,2.12e-02,14.8,18.4,JAK2;STAT3
Hub genes (10),GO_Biological_Process_2025,ERBB2 Signaling Pathway (GO:0038128),1/13,7.66e-03,2.12e-02,130.1,156.4,ERBB2
Hub genes (10),GO_Biological_Process_2025,Cellular Response to Gamma Radiation (GO:0071480),1/13,7.66e-03,2.12e-02,130.1,156.4,MDM2
Hub genes (10),GO_Biological_Process_2025,Negative Regulation of Androgen Receptor Signaling Pathway (GO:0060766),1/13,7.66e-03,2.12e-02,130.1,156.4,HDAC1
Hub genes (10),GO_Biological_Process_2025,Odontogenesis of Dentin-Containing Tooth (GO:0042475),1/13,7.66e-03,2.12e-02,130.1,156.4,HDAC1
Hub genes (10),GO_Biological_Process_2025,+ Reg of Adaptive Imm Resp Based on Som Recomb of Imm Rcptrs Built Frm IgSF Domains (GO:0002824),1/13,7.66e-03,2.12e-02,130.1,156.4,JAK2
Hub genes (10),GO_Biological_Process_2025,Positive Regulation of Alpha-Beta T Cell Proliferation (GO:0046641),1/13,7.66e-03,2.12e-02,130.1,156.4,JAK2
Hub genes (10),GO_Biological_Process_2025,Protein Deacetylation (GO:0006476),1/13,7.66e-03,2.12e-02,130.1,156.4,HDAC1
Hub genes (10),GO_Biological_Process_2025,Regulation of Cell Fate Commitment (GO:0010453),1/13,7.66e-03,2.12e-02,130.1,156.4,HDAC1
Hub genes (10),GO_Biological_Process_2025,Regulation of MAPK Cascade (GO:0043408),2/230,7.71e-03,2.12e-02,14.7,18.3,ERBB2;IGF1R
Hub genes (10),GO_Biological_Process_2025,Regulation of Inflammatory Response (GO:0050727),2/230,7.71e-03,2.12e-02,14.7,18.3,JAK2;STAT3
Hub genes (10),GO_Biological_Process_2025,Chromatin Remodeling (GO:0006338),2/238,8.24e-03,2.20e-02,14.2,17.7,HDAC1;PML
Hub genes (10),GO_Biological_Process_2025,Eye Photoreceptor Cell Differentiation (GO:0001754),1/14,8.25e-03,2.20e-02,120.8,144.3,STAT3
Hub genes (10),GO_Biological_Process_2025,Mammary Gland Epithelium Development (GO:0061180),1/14,8.25e-03,2.20e-02,120.8,144.3,JAK2
Hub genes (10),GO_Biological_Process_2025,Positive Regulation of Cell Activation (GO:0050867),1/14,8.25e-03,2.20e-02,120.8,144.3,JAK2
Hub genes (10),GO_Biological_Process_2025,Regulation of Cell Fate Specification (GO:0042659),1/14,8.25e-03,2.20e-02,120.8,144.3,HDAC1
Hub genes (10),GO_Biological_Process_2025,Lipopolysaccharide-Mediated Signaling Pathway (GO:0031663),1/15,8.84e-03,2.28e-02,112.7,134.0,JAK2
Hub genes (10),GO_Biological_Process_2025,Maintenance of Protein Localization in Organelle (GO:0072595),1/15,8.84e-03,2.28e-02,112.7,134.0,PML
Hub genes (10),GO_Biological_Process_2025,Negative Regulation of Signal Transduction by P53 Class Mediator (GO:1901797),1/15,8.84e-03,2.28e-02,112.7,134.0,MDM2
Hub genes (10),GO_Biological_Process_2025,Regulation of MHC Class II Biosynthetic Process (GO:0045346),1/15,8.84e-03,2.28e-02,112.7,134.0,JAK2
Hub genes (10),GO_Biological_Process_2025,Regulation of Behavior (GO:0050795),1/15,8.84e-03,2.28e-02,112.7,134.0,STAT3
Hub genes (10),GO_Biological_Process_2025,Cellular Component Assembly (GO:0022607),2/247,8.85e-03,2.28e-02,13.7,17.0,MDM2;PML
Hub genes (10),GO_Biological_Process_2025,Negative Regulation of Striated Muscle Cell Differentiation (GO:0051154),1/16,9.42e-03,2.37e-02,105.7,125.1,HDAC1
Hub genes (10),GO_Biological_Process_2025,Positive Regulation of Leukocyte Proliferation (GO:0070665),1/16,9.42e-03,2.37e-02,105.7,125.1,JAK2
Hub genes (10),GO_Biological_Process_2025,Regulation of Protein-Containing Complex Disassembly (GO:0043244),1/16,9.42e-03,2.37e-02,105.7,125.1,IGF1R
Hub genes (10),GO_Biological_Process_2025,Regulation of Receptor Signaling Pathway via STAT (GO:1904892),1/16,9.42e-03,2.37e-02,105.7,125.1,JAK2
Hub genes (10),GO_Biological_Process_2025,Embryonic Digit Morphogenesis (GO:0042733),1/17,1.00e-02,2.43e-02,99.5,117.3,HDAC1
Hub genes (10),GO_Biological_Process_2025,Mesoderm Development (GO:0007498),1/17,1.00e-02,2.43e-02,99.5,117.3,JAK2
Hub genes (10),GO_Biological_Process_2025,Negative Regulation of Telomere Maintenance via Telomerase (GO:0032211),1/17,1.00e-02,2.43e-02,99.5,117.3,PML
Hub genes (10),GO_Biological_Process_2025,Negative Regulation of Type I Interferon-Mediated Signaling Pathway (GO:0060339),1/17,1.00e-02,2.43e-02,99.5,117.3,STAT2
Hub genes (10),GO_Biological_Process_2025,Positive Regulation of Cytokine Production Involved in Inflammatory Response (GO:1900017),1/17,1.00e-02,2.43e-02,99.5,117.3,STAT3
Hub genes (10),GO_Biological_Process_2025,Positive Regulation of Protein Targeting to Membrane (GO:0090314),1/17,1.00e-02,2.43e-02,99.5,117.3,ERBB2
Hub genes (10),GO_Biological_Process_2025,Entrainment of Circadian Clock by Photoperiod (GO:0043153),1/18,1.06e-02,2.51e-02,94.0,110.4,PML
Hub genes (10),GO_Biological_Process_2025,Negative Regulation of Stem Cell Population Maintenance (GO:1902455),1/18,1.06e-02,2.51e-02,94.0,110.4,HDAC1
Hub genes (10),GO_Biological_Process_2025,Positive Regulation of Sprouting Angiogenesis (GO:1903672),1/18,1.06e-02,2.51e-02,94.0,110.4,JAK1
Hub genes (10),GO_Biological_Process_2025,Protein Deacylation (GO:0035601),1/18,1.06e-02,2.51e-02,94.0,110.4,HDAC1
Hub genes (10),GO_Biological_Process_2025,Response to Gamma Radiation (GO:0010332),1/18,1.06e-02,2.51e-02,94.0,110.4,MDM2
Hub genes (10),GO_Biological_Process_2025,Chromatin Organization (GO:0006325),2/276,1.10e-02,2.58e-02,12.3,15.2,HDAC1;PML
Hub genes (10),GO_Biological_Process_2025,DNA Methylation-Dependent Constitutive Heterochromatin Formation (GO:0006346),1/19,1.12e-02,2.58e-02,89.0,104.2,HDAC1
Hub genes (10),GO_Biological_Process_2025,Endoplasmic Reticulum Calcium Ion Homeostasis (GO:0032469),1/19,1.12e-02,2.58e-02,89.0,104.2,PML
Hub genes (10),GO_Biological_Process_2025,Microglial Cell Activation (GO:0001774),1/19,1.12e-02,2.58e-02,89.0,104.2,JAK2
Hub genes (10),GO_Biological_Process_2025,Photoperiodism (GO:0009648),1/19,1.12e-02,2.58e-02,89.0,104.2,PML
Hub genes (10),GO_Biological_Process_2025,Protein-Containing Complex Assembly (GO:0065003),2/285,1.16e-02,2.63e-02,11.9,14.7,MDM2;PML
Hub genes (10),GO_Biological_Process_2025,Intrinsic Apoptotic Signaling Pathway in Response to DNA Damage by P53 Class Mediator (GO:0042771),1/20,1.18e-02,2.63e-02,84.6,98.7,PML
Hub genes (10),GO_Biological_Process_2025,Maintenance of Protein Location in Nucleus (GO:0051457),1/20,1.18e-02,2.63e-02,84.6,98.7,PML
Hub genes (10),GO_Biological_Process_2025,Mammary Gland Development (GO:0030879),1/20,1.18e-02,2.63e-02,84.6,98.7,JAK2
Hub genes (10),GO_Biological_Process_2025,Negative Regulation of Proteolysis Involved in Protein Catabolic Process (GO:1903051),1/20,1.18e-02,2.63e-02,84.6,98.7,PML
Hub genes (10),GO_Biological_Process_2025,Regulation of Biosynthetic Process (GO:0009889),1/20,1.18e-02,2.63e-02,84.6,98.7,JAK2
Hub genes (10),GO_Biological_Process_2025,Protein Modification by Small Protein Conjugation (GO:0032446),2/289,1.20e-02,2.64e-02,11.7,14.5,MDM2;PML
Hub genes (10),GO_Biological_Process_2025,Positive Regulation of Cytokine Production (GO:0001819),2/290,1.20e-02,2.64e-02,11.7,14.4,JAK2;STAT3
Hub genes (10),GO_Biological_Process_2025,Actin Filament Polymerization (GO:0030041),1/21,1.24e-02,2.64e-02,80.5,93.8,JAK2
Hub genes (10),GO_Biological_Process_2025,Eye Morphogenesis (GO:0048592),1/21,1.24e-02,2.64e-02,80.5,93.8,STAT3
Hub genes (10),GO_Biological_Process_2025,Negative Regulation of DNA Biosynthetic Process (GO:2000279),1/21,1.24e-02,2.64e-02,80.5,93.8,PML
Hub genes (10),GO_Biological_Process_2025,Positive Regulation of Tyrosine Phosphorylation of STAT Protein (GO:0042531),1/21,1.24e-02,2.64e-02,80.5,93.8,JAK2
Hub genes (10),GO_Biological_Process_2025,Regulation of Mitochondrial Fission (GO:0090140),1/21,1.24e-02,2.64e-02,80.5,93.8,STAT2
Hub genes (10),GO_Biological_Process_2025,Regulation of Myotube Differentiation (GO:0010830),1/21,1.24e-02,2.64e-02,80.5,93.8,HDAC1
Hub genes (10),GO_Biological_Process_2025,Regulation of Protein Targeting to Membrane (GO:0090313),1/21,1.24e-02,2.64e-02,80.5,93.8,ERBB2
Hub genes (10),GO_Biological_Process_2025,Proteasome-Mediated Ubiquitin-Dependent Protein Catabolic Process (GO:0043161),2/295,1.24e-02,2.64e-02,11.5,14.2,MDM2;PML
Hub genes (10),GO_Biological_Process_2025,Adaptive Imm Resp Based on Som Recomb of Imm Rcptrs Built Frm IgSF Domains (GO:0002460),1/22,1.29e-02,2.71e-02,76.9,89.3,STAT3
Hub genes (10),GO_Biological_Process_2025,Amyloid Fibril Formation (GO:1990000),1/22,1.29e-02,2.71e-02,76.9,89.3,MDM2
Hub genes (10),GO_Biological_Process_2025,Positive Regulation of Erythrocyte Differentiation (GO:0045648),1/22,1.29e-02,2.71e-02,76.9,89.3,STAT3
Hub genes (10),GO_Biological_Process_2025,Negative Regulation of Response to Wounding (GO:1903035),1/23,1.35e-02,2.78e-02,73.5,85.2,STAT3
Hub genes (10),GO_Biological_Process_2025,Negative Regulation of Telomere Maintenance via Telomere Lengthening (GO:1904357),1/23,1.35e-02,2.78e-02,73.5,85.2,PML
Hub genes (10),GO_Biological_Process_2025,Positive Regulation of Defense Response to Virus by Host (GO:0002230),1/23,1.35e-02,2.78e-02,73.5,85.2,PML
Hub genes (10),GO_Biological_Process_2025,Regulation of Platelet Aggregation (GO:0090330),1/23,1.35e-02,2.78e-02,73.5,85.2,JAK2
Hub genes (10),GO_Biological_Process_2025,Positive Regulation of Cell Migration (GO:0030335),2/312,1.38e-02,2.83e-02,10.8,13.4,IGF1R;STAT3
Hub genes (10),GO_Biological_Process_2025,Positive Regulation of Rho Protein Signal Transduction (GO:0035025),1/24,1.41e-02,2.86e-02,70.5,81.5,ERBB2
Hub genes (10),GO_Biological_Process_2025,Positive Regulation of Interleukin-17 Production (GO:0032740),1/24,1.41e-02,2.86e-02,70.5,81.5,JAK2
Hub genes (10),GO_Biological_Process_2025,Cellular Response to Epidermal Growth Factor Stimulus (GO:0071364),1/25,1.47e-02,2.91e-02,67.6,78.1,ERBB2
Hub genes (10),GO_Biological_Process_2025,Dendritic Spine Organization (GO:0097061),1/25,1.47e-02,2.91e-02,67.6,78.1,IGF1R
Hub genes (10),GO_Biological_Process_2025,Regulation of Intracellular Estrogen Receptor Signaling Pathway (GO:0033146),1/25,1.47e-02,2.91e-02,67.6,78.1,HDAC1
Hub genes (10),GO_Biological_Process_2025,Regulation of Mitochondrion Organization (GO:0010821),1/25,1.47e-02,2.91e-02,67.6,78.1,STAT2
Hub genes (10),GO_Biological_Process_2025,Regulation of Platelet Activation (GO:0010543),1/25,1.47e-02,2.91e-02,67.6,78.1,JAK2
Hub genes (10),GO_Biological_Process_2025,Proteasomal Protein Catabolic Process (GO:0010498),2/326,1.51e-02,2.97e-02,10.4,12.8,MDM2;PML
Hub genes (10),GO_Biological_Process_2025,Positive Regulation of MAPK Cascade (GO:0043410),2/327,1.51e-02,2.97e-02,10.3,12.8,ERBB2;IGF1R
Hub genes (10),GO_Biological_Process_2025,Positive Regulation of Mitotic Cell Cycle (GO:0045931),1/26,1.53e-02,2.97e-02,65.0,75.0,MDM2
Hub genes (10),GO_Biological_Process_2025,Regulation of Tyrosine Phosphorylation of STAT Protein (GO:0042509),1/26,1.53e-02,2.97e-02,65.0,75.0,JAK2
Hub genes (10),GO_Biological_Process_2025,Negative Regulation of Gene Expression (GO:0010629),2/330,1.54e-02,2.99e-02,10.2,12.6,HDAC1;STAT3
Hub genes (10),GO_Biological_Process_2025,Cellular Response to Hexose Stimulus (GO:0071331),1/27,1.59e-02,3.03e-02,62.6,72.1,IGF1R
Hub genes (10),GO_Biological_Process_2025,Positive Regulation of Vascular Endothelial Growth Factor Production (GO:0010575),1/27,1.59e-02,3.03e-02,62.6,72.1,STAT3
Hub genes (10),GO_Biological_Process_2025,Protein Localization to Cell Junction (GO:1902414),1/27,1.59e-02,3.03e-02,62.6,72.1,JAK1
Hub genes (10),GO_Biological_Process_2025,Cellular Response to Oxygen-Containing Compound (GO:1901701),2/339,1.62e-02,3.04e-02,10.0,12.3,IGF1R;MDM2
Hub genes (10),GO_Biological_Process_2025,Glial Cell Differentiation (GO:0010001),1/28,1.64e-02,3.04e-02,60.4,69.4,STAT3
Hub genes (10),GO_Biological_Process_2025,Positive Regulation of Interleukin-10 Production (GO:0032733),1/28,1.64e-02,3.04e-02,60.4,69.4,STAT3
Hub genes (10),GO_Biological_Process_2025,"Regulation of DNA Damage Response, Signal Transduction by P53 Class Mediator (GO:0043516)",1/28,1.64e-02,3.04e-02,60.4,69.4,MDM2
Hub genes (10),GO_Biological_Process_2025,Regulation of Androgen Receptor Signaling Pathway (GO:0060765),1/28,1.64e-02,3.04e-02,60.4,69.4,HDAC1
Hub genes (10),GO_Biological_Process_2025,Regulation of Protein Modification Process (GO:0031399),1/28,1.64e-02,3.04e-02,60.4,69.4,STAT2
Hub genes (10),GO_Biological_Process_2025,Regulation of Vascular Endothelial Growth Factor Production (GO:0010574),1/28,1.64e-02,3.04e-02,60.4,69.4,STAT3
Hub genes (10),GO_Biological_Process_2025,Response to Epidermal Growth Factor (GO:0070849),1/28,1.64e-02,3.04e-02,60.4,69.4,ERBB2
Hub genes (10),GO_Biological_Process_2025,Negative Regulation of Cell Population Proliferation (GO:0008285),2/344,1.67e-02,3.06e-02,9.8,12.1,JAK2;PML
Hub genes (10),GO_Biological_Process_2025,Regulation of Gene Expression (GO:0010468),3/976,1.69e-02,3.06e-02,5.2,7.0,HDAC1;PML;STAT3
Hub genes (10),GO_Biological_Process_2025,Negative Regulation of Intracellular Steroid Hormone Receptor Signaling Pathway (GO:0033144),1/29,1.70e-02,3.06e-02,58.3,67.0,HDAC1
Hub genes (10),GO_Biological_Process_2025,Negative Regulation of Mitotic Cell Cycle (GO:0045930),1/29,1.70e-02,3.06e-02,58.3,67.0,PML
Hub genes (10),GO_Biological_Process_2025,Positive Regulation of Notch Signaling Pathway (GO:0045747),1/29,1.70e-02,3.06e-02,58.3,67.0,STAT3
Hub genes (10),GO_Biological_Process_2025,Positive Regulation of Establishment of Protein Localization (GO:1904951),1/29,1.70e-02,3.06e-02,58.3,67.0,ERBB2
Hub genes (10),GO_Biological_Process_2025,Regulation of Transcription by RNA Polymerase I (GO:0006356),1/29,1.70e-02,3.06e-02,58.3,67.0,ERBB2
Hub genes (10),GO_Biological_Process_2025,Positive Regulation of Transcription by RNA Polymerase I (GO:0045943),1/30,1.76e-02,3.14e-02,56.4,64.6,ERBB2
Hub genes (10),GO_Biological_Process_2025,Regulation of Defense Response to Virus by Host (GO:0050691),1/30,1.76e-02,3.14e-02,56.4,64.6,PML
Hub genes (10),GO_Biological_Process_2025,Intracellular Receptor Signaling Pathway (GO:0030522),1/31,1.82e-02,3.21e-02,54.6,62.5,STAT3
Hub genes (10),GO_Biological_Process_2025,Tumor Necrosis Factor-Mediated Signaling Pathway (GO:0033209),1/31,1.82e-02,3.21e-02,54.6,62.5,JAK2
Hub genes (10),GO_Biological_Process_2025,Positive Regulation of Myeloid Cell Differentiation (GO:0045639),1/32,1.88e-02,3.28e-02,52.8,60.5,STAT3
Hub genes (10),GO_Biological_Process_2025,Regulation of Type I Interferon-Mediated Signaling Pathway (GO:0060338),1/32,1.88e-02,3.28e-02,52.8,60.5,STAT2
Hub genes (10),GO_Biological_Process_2025,Response to Estradiol (GO:0032355),1/32,1.88e-02,3.28e-02,52.8,60.5,STAT3
Hub genes (10),GO_Biological_Process_2025,Cellular Response to Amyloid-Beta (GO:1904646),1/33,1.93e-02,3.30e-02,51.2,58.6,IGF1R
Hub genes (10),GO_Biological_Process_2025,Constitutive Heterochromatin Formation (GO:0140719),1/33,1.93e-02,3.30e-02,51.2,58.6,HDAC1
Hub genes (10),GO_Biological_Process_2025,Positive Regulation of Receptor Signaling Pathway via JAK-STAT (GO:0046427),1/33,1.93e-02,3.30e-02,51.2,58.6,JAK2
Hub genes (10),GO_Biological_Process_2025,Regulation of Erythrocyte Differentiation (GO:0045646),1/33,1.93e-02,3.30e-02,51.2,58.6,STAT3
Hub genes (10),GO_Biological_Process_2025,Regulation of Interleukin-17 Production (GO:0032660),1/33,1.93e-02,3.30e-02,51.2,58.6,JAK2
Hub genes (10),GO_Biological_Process_2025,Regulation of Vasculature Development (GO:1901342),1/33,1.93e-02,3.30e-02,51.2,58.6,ERBB2
Hub genes (10),GO_Biological_Process_2025,Cellular Response to Glucose Stimulus (GO:0071333),1/34,1.99e-02,3.33e-02,49.7,56.8,IGF1R
Hub genes (10),GO_Biological_Process_2025,Embryonic Limb Morphogenesis (GO:0030326),1/34,1.99e-02,3.33e-02,49.7,56.8,HDAC1
Hub genes (10),GO_Biological_Process_2025,Macrophage Activation (GO:0042116),1/34,1.99e-02,3.33e-02,49.7,56.8,JAK2
Hub genes (10),GO_Biological_Process_2025,Odontogenesis (GO:0042476),1/34,1.99e-02,3.33e-02,49.7,56.8,HDAC1
Hub genes (10),GO_Biological_Process_2025,Positive Regulation of SMAD Protein Signal Transduction (GO:0060391),1/34,1.99e-02,3.33e-02,49.7,56.8,JAK2
Hub genes (10),GO_Biological_Process_2025,Protein Destabilization (GO:0031648),1/35,2.05e-02,3.41e-02,48.3,55.1,MDM2
Hub genes (10),GO_Biological_Process_2025,Regulation of Sprouting Angiogenesis (GO:1903670),1/35,2.05e-02,3.41e-02,48.3,55.1,JAK1
Hub genes (10),GO_Biological_Process_2025,Intrinsic Apoptotic Signaling Pathway by P53 Class Mediator (GO:0072332),1/36,2.11e-02,3.42e-02,47.0,53.5,PML
Hub genes (10),GO_Biological_Process_2025,Negative Regulation of Ubiquitin-Dependent Protein Catabolic Process (GO:2000059),1/36,2.11e-02,3.42e-02,47.0,53.5,PML
Hub genes (10),GO_Biological_Process_2025,Positive Regulation of Extrinsic Apoptotic Signaling Pathway (GO:2001238),1/36,2.11e-02,3.42e-02,47.0,53.5,PML
Hub genes (10),GO_Biological_Process_2025,Positive Regulation of Receptor Signaling Pathway via STAT (GO:1904894),1/36,2.11e-02,3.42e-02,47.0,53.5,JAK2
Hub genes (10),GO_Biological_Process_2025,Positive Regulation of Stem Cell Population Maintenance (GO:1902459),1/36,2.11e-02,3.42e-02,47.0,53.5,HDAC1
Hub genes (10),GO_Biological_Process_2025,Regulation of Telomere Maintenance via Telomerase (GO:0032210),1/36,2.11e-02,3.42e-02,47.0,53.5,PML
Hub genes (10),GO_Biological_Process_2025,Ubiquitin-Dependent Protein Catabolic Process (GO:0006511),2/403,2.25e-02,3.63e-02,8.4,10.3,MDM2;PML
Hub genes (10),GO_Biological_Process_2025,Chemokine-Mediated Signaling Pathway (GO:0070098),1/39,2.28e-02,3.66e-02,43.4,49.3,JAK2
Hub genes (10),GO_Biological_Process_2025,Semaphorin-Plexin Signaling Pathway (GO:0071526),1/39,2.28e-02,3.66e-02,43.4,49.3,ERBB2
Hub genes (10),GO_Biological_Process_2025,Regulation of RNA Biosynthetic Process (GO:2001141),2/407,2.29e-02,3.66e-02,8.3,10.2,PML;STAT3
Hub genes (10),GO_Biological_Process_2025,Regulation of Microtubule-Based Process (GO:0032886),1/40,2.34e-02,3.73e-02,42.3,48.0,ERBB2
Hub genes (10),GO_Biological_Process_2025,Erythrocyte Differentiation (GO:0030218),1/41,2.40e-02,3.80e-02,41.2,46.8,JAK2
Hub genes (10),GO_Biological_Process_2025,Response to Amyloid-Beta (GO:1904645),1/41,2.40e-02,3.80e-02,41.2,46.8,IGF1R
Hub genes (10),GO_Biological_Process_2025,Regulation of Interleukin-10 Production (GO:0032653),1/42,2.46e-02,3.87e-02,40.3,45.7,STAT3
Hub genes (10),GO_Biological_Process_2025,Positive Regulation of Chromosome Organization (GO:2001252),1/43,2.51e-02,3.92e-02,39.3,44.6,PML
Hub genes (10),GO_Biological_Process_2025,Regulation of Cell-Substrate Adhesion (GO:0010810),1/43,2.51e-02,3.92e-02,39.3,44.6,JAK2
Hub genes (10),GO_Biological_Process_2025,Regulation of Nitric Oxide Biosynthetic Process (GO:0045428),1/43,2.51e-02,3.92e-02,39.3,44.6,JAK2
Hub genes (10),GO_Biological_Process_2025,Actin Polymerization or Depolymerization (GO:0008154),1/44,2.57e-02,3.96e-02,38.4,43.6,JAK2
Hub genes (10),GO_Biological_Process_2025,Intracellular Glucose Homeostasis (GO:0001678),1/44,2.57e-02,3.96e-02,38.4,43.6,IGF1R
Hub genes (10),GO_Biological_Process_2025,Peptidyl-Tyrosine Modification (GO:0018212),1/44,2.57e-02,3.96e-02,38.4,43.6,ERBB2
Hub genes (10),GO_Biological_Process_2025,Positive Regulation of miRNA Transcription (GO:1902895),1/44,2.57e-02,3.96e-02,38.4,43.6,STAT3
Hub genes (10),GO_Biological_Process_2025,Activation of Protein Kinase Activity (GO:0032147),1/45,2.63e-02,4.00e-02,37.6,42.6,JAK2
Hub genes (10),GO_Biological_Process_2025,Epidermal Growth Factor Receptor Signaling Pathway (GO:0007173),1/45,2.63e-02,4.00e-02,37.6,42.6,ERBB2
Hub genes (10),GO_Biological_Process_2025,Regulation of Signal Transduction by P53 Class Mediator (GO:1901796),1/45,2.63e-02,4.00e-02,37.6,42.6,MDM2
Hub genes (10),GO_Biological_Process_2025,Insulin Receptor Signaling Pathway (GO:0008286),1/46,2.69e-02,4.01e-02,36.8,41.6,IGF1R
Hub genes (10),GO_Biological_Process_2025,Positive Regulation of Smooth Muscle Cell Proliferation (GO:0048661),1/46,2.69e-02,4.01e-02,36.8,41.6,HDAC1
Hub genes (10),GO_Biological_Process_2025,Regulation of Receptor Signaling Pathway via JAK-STAT (GO:0046425),1/46,2.69e-02,4.01e-02,36.8,41.6,JAK2
Hub genes (10),GO_Biological_Process_2025,Regulation of Stem Cell Differentiation (GO:2000736),1/46,2.69e-02,4.01e-02,36.8,41.6,HDAC1
Hub genes (10),GO_Biological_Process_2025,Regulation of Ubiquitin-Dependent Protein Catabolic Process (GO:2000058),1/46,2.69e-02,4.01e-02,36.8,41.6,PML
Hub genes (10),GO_Biological_Process_2025,Response to Glucose (GO:0009749),1/46,2.69e-02,4.01e-02,36.8,41.6,IGF1R
Hub genes (10),GO_Biological_Process_2025,Heterochromatin Formation (GO:0031507),1/47,2.75e-02,4.05e-02,36.0,40.7,HDAC1
Hub genes (10),GO_Biological_Process_2025,Positive Regulation of Cell-Cell Adhesion (GO:0022409),1/47,2.75e-02,4.05e-02,36.0,40.7,JAK1
Hub genes (10),GO_Biological_Process_2025,Post-Translational Protein Modification (GO:0043687),1/47,2.75e-02,4.05e-02,36.0,40.7,JAK2
Hub genes (10),GO_Biological_Process_2025,Cellular Response to Ionizing Radiation (GO:0071479),1/48,2.80e-02,4.13e-02,35.2,39.8,MDM2
Hub genes (10),GO_Biological_Process_2025,Positive Regulation of miRNA Metabolic Process (GO:2000630),1/49,2.86e-02,4.14e-02,34.5,39.0,STAT3
Hub genes (10),GO_Biological_Process_2025,Positive Regulation of Small GTPase Mediated Signal Transduction (GO:0051057),1/49,2.86e-02,4.14e-02,34.5,39.0,ERBB2
Hub genes (10),GO_Biological_Process_2025,Protein Polymerization (GO:0051258),1/49,2.86e-02,4.14e-02,34.5,39.0,JAK2
Hub genes (10),GO_Biological_Process_2025,Regulation of Smooth Muscle Cell Proliferation (GO:0048660),1/49,2.86e-02,4.14e-02,34.5,39.0,HDAC1
Hub genes (10),GO_Biological_Process_2025,Regulation of Telomere Maintenance (GO:0032204),1/49,2.86e-02,4.14e-02,34.5,39.0,PML
Hub genes (10),GO_Biological_Process_2025,Intrinsic Apoptotic Signaling Pathway in Response to DNA Damage (GO:0008630),1/50,2.92e-02,4.17e-02,33.8,38.2,PML
Hub genes (10),GO_Biological_Process_2025,Myeloid Cell Differentiation (GO:0030099),1/50,2.92e-02,4.17e-02,33.8,38.2,JAK2
Hub genes (10),GO_Biological_Process_2025,Negative Regulation of Innate Immune Response (GO:0045824),1/50,2.92e-02,4.17e-02,33.8,38.2,STAT2
Hub genes (10),GO_Biological_Process_2025,Positive Regulation of Telomere Maintenance (GO:0032206),1/50,2.92e-02,4.17e-02,33.8,38.2,PML
Hub genes (10),GO_Biological_Process_2025,Regulation of Stem Cell Population Maintenance (GO:2000036),1/51,2.98e-02,4.24e-02,33.2,37.4,HDAC1
Hub genes (10),GO_Biological_Process_2025,Epidermal Cell Differentiation (GO:0009913),1/52,3.03e-02,4.28e-02,32.5,36.7,HDAC1
Hub genes (10),GO_Biological_Process_2025,Epigenetic Regulation of Gene Expression (GO:0040029),1/52,3.03e-02,4.28e-02,32.5,36.7,HDAC1
Hub genes (10),GO_Biological_Process_2025,Positive Regulation of Type II Interferon Production (GO:0032729),1/52,3.03e-02,4.28e-02,32.5,36.7,JAK2
Hub genes (10),GO_Biological_Process_2025,Negative Regulation of Canonical NF-kappaB Signal Transduction (GO:0043124),1/53,3.09e-02,4.32e-02,31.9,36.0,STAT3
Hub genes (10),GO_Biological_Process_2025,Negative Regulation of Intrinsic Apoptotic Signaling Pathway (GO:2001243),1/53,3.09e-02,4.32e-02,31.9,36.0,MDM2
Hub genes (10),GO_Biological_Process_2025,Regulation of Protein Localization to Nucleus (GO:1900180),1/53,3.09e-02,4.32e-02,31.9,36.0,JAK1
Hub genes (10),GO_Biological_Process_2025,Negative Regulation of Cellular Process (GO:0048523),2/482,3.14e-02,4.36e-02,7.0,8.6,JAK2;PML
Hub genes (10),GO_Biological_Process_2025,ERBB Signaling Pathway (GO:0038127),1/54,3.15e-02,4.36e-02,31.3,35.3,ERBB2
Hub genes (10),GO_Biological_Process_2025,Regulation of SMAD Protein Signal Transduction (GO:0060390),1/54,3.15e-02,4.36e-02,31.3,35.3,JAK2
Hub genes (10),GO_Biological_Process_2025,Positive Regulation of Cell Cycle (GO:0045787),1/55,3.21e-02,4.42e-02,30.7,34.7,MDM2
Hub genes (10),GO_Biological_Process_2025,Positive Regulation of Phagocytosis (GO:0050766),1/57,3.32e-02,4.57e-02,29.7,33.4,STAT3
Hub genes (10),GO_Biological_Process_2025,Positive Regulation of Interleukin-8 Production (GO:0032757),1/58,3.38e-02,4.62e-02,29.2,32.8,STAT3
Hub genes (10),GO_Biological_Process_2025,Regulation of Phagocytosis (GO:0050764),1/58,3.38e-02,4.62e-02,29.2,32.8,STAT3
Hub genes (10),GO_Biological_Process_2025,Negative Regulation of Autophagy (GO:0010507),1/59,3.44e-02,4.65e-02,28.7,32.3,STAT3
Hub genes (10),GO_Biological_Process_2025,Negative Regulation of Cytokine-Mediated Signaling Pathway (GO:0001960),1/59,3.44e-02,4.65e-02,28.7,32.3,STAT2
Hub genes (10),GO_Biological_Process_2025,Protein Autoubiquitination (GO:0051865),1/59,3.44e-02,4.65e-02,28.7,32.3,MDM2
Hub genes (10),GO_Biological_Process_2025,Positive Regulation of T Cell Proliferation (GO:0042102),1/60,3.49e-02,4.69e-02,28.2,31.7,JAK2
Hub genes (10),GO_Biological_Process_2025,Positive Regulation of Peptidyl-Tyrosine Phosphorylation (GO:0050731),1/60,3.49e-02,4.69e-02,28.2,31.7,JAK2
Hub genes (10),GO_Biological_Process_2025,Regulation of Phosphorylation (GO:0042325),1/60,3.49e-02,4.69e-02,28.2,31.7,STAT2
Hub genes (10),GO_Biological_Process_2025,Positive Regulation of RNA Biosynthetic Process (GO:1902680),2/515,3.54e-02,4.72e-02,6.6,8.0,HDAC1;STAT3
Hub genes (10),GO_Biological_Process_2025,Positive Regulation of Proteasomal Ubiquitin-Dependent Protein Catabolic Process (GO:0032436),1/61,3.55e-02,4.72e-02,27.7,31.2,MDM2
Hub genes (10),GO_Biological_Process_2025,Regulation of miRNA Transcription (GO:1902893),1/61,3.55e-02,4.72e-02,27.7,31.2,STAT3
Hub genes (10),GO_Biological_Process_2025,Extrinsic Apoptotic Signaling Pathway (GO:0097191),1/63,3.66e-02,4.81e-02,26.8,30.2,JAK2
Hub genes (10),GO_Biological_Process_2025,Positive Regulation of MAP Kinase Activity (GO:0043406),1/63,3.66e-02,4.81e-02,26.8,30.2,ERBB2
Hub genes (10),GO_Biological_Process_2025,Positive Regulation of Apoptotic Signaling Pathway (GO:2001235),1/63,3.66e-02,4.81e-02,26.8,30.2,PML
Hub genes (10),GO_Biological_Process_2025,Regulation of Extrinsic Apoptotic Signaling Pathway (GO:2001236),1/63,3.66e-02,4.81e-02,26.8,30.2,PML
Hub genes (10),GO_Molecular_Function_2025,Protein Tyrosine Kinase Activity (GO:0004713),4/93,1.75e-07,8.95e-06,72.7,125.9,ERBB2;IGF1R;JAK1;JAK2
Hub genes (10),GO_Molecular_Function_2025,Growth Hormone Receptor Binding (GO:0005131),2/8,8.80e-06,1.63e-04,422.8,704.0,JAK1;JAK2
Hub genes (10),GO_Molecular_Function_2025,Ubiquitin-Like Protein Ligase Binding (GO:0044389),4/253,9.57e-06,1.63e-04,26.7,44.6,JAK1;MDM2;PML;STAT2
Hub genes (10),GO_Molecular_Function_2025,Hormone Receptor Binding (GO:0051427),2/17,4.26e-05,5.43e-04,199.0,281.4,JAK1;JAK2
Hub genes (10),GO_Molecular_Function_2025,SUMO Transferase Activity (GO:0019789),2/23,7.91e-05,8.07e-04,147.1,201.0,MDM2;PML
Hub genes (10),GO_Molecular_Function_2025,Non-Membrane Spanning Protein Tyrosine Kinase Activity (GO:0004715),2/35,1.85e-04,1.58e-03,96.6,127.8,JAK1;JAK2
Hub genes (10),GO_Molecular_Function_2025,Ubiquitin Protein Ligase Binding (GO:0031625),3/238,3.07e-04,1.96e-03,21.3,30.4,JAK1;MDM2;PML
Hub genes (10),GO_Molecular_Function_2025,Transmembrane Receptor Protein Tyrosine Kinase Activity (GO:0004714),2/45,3.07e-04,1.96e-03,75.2,98.0,ERBB2;IGF1R
Hub genes (10),GO_Molecular_Function_2025,Cytokine Receptor Binding (GO:0005126),2/98,1.45e-03,8.15e-03,34.5,43.8,JAK1;JAK2
Hub genes (10),GO_Molecular_Function_2025,Phosphatase Binding (GO:0019902),2/106,1.69e-03,8.15e-03,31.9,40.4,JAK1;STAT3
Hub genes (10),GO_Molecular_Function_2025,Protein Phosphatase Binding (GO:0019903),2/108,1.76e-03,8.15e-03,31.3,39.6,JAK1;STAT3
Hub genes (10),GO_Molecular_Function_2025,5S rRNA Binding (GO:0008097),1/5,2.95e-03,1.08e-02,338.2,469.4,MDM2
Hub genes (10),GO_Molecular_Function_2025,lncRNA Binding (GO:0106222),1/5,2.95e-03,1.08e-02,338.2,469.4,STAT3
Hub genes (10),GO_Molecular_Function_2025,Primary miRNA Binding (GO:0070878),1/5,2.95e-03,1.08e-02,338.2,469.4,STAT3
Hub genes (10),GO_Molecular_Function_2025,Histone H3 Kinase Activity (GO:0140996),1/9,5.31e-03,1.75e-02,187.9,234.6,JAK2
Hub genes (10),GO_Molecular_Function_2025,Protein Heterodimerization Activity (GO:0046982),2/193,5.49e-03,1.75e-02,17.5,21.9,ERBB2;PML
Hub genes (10),GO_Molecular_Function_2025,RNA Polymerase II Core Promoter Sequence-Specific DNA Binding (GO:0000979),1/11,6.49e-03,1.95e-02,153.7,187.7,HDAC1
Hub genes (10),GO_Molecular_Function_2025,RNA Polymerase II-specific DNA-binding Transcription Factor Binding (GO:0061629),2/217,6.89e-03,1.95e-02,15.6,19.4,HDAC1;STAT3
Hub genes (10),GO_Molecular_Function_2025,SUMO Binding (GO:0032183),1/13,7.66e-03,2.00e-02,130.1,156.4,PML
Hub genes (10),GO_Molecular_Function_2025,Insulin-Like Growth Factor Binding (GO:0005520),1/14,8.25e-03,2.00e-02,120.8,144.3,IGF1R
Hub genes (10),GO_Molecular_Function_2025,Nucleosomal DNA Binding (GO:0031492),1/14,8.25e-03,2.00e-02,120.8,144.3,HDAC1
Hub genes (10),GO_Molecular_Function_2025,Disordered Domain Specific Binding (GO:0097718),1/17,1.00e-02,2.20e-02,99.5,117.3,MDM2
Hub genes (10),GO_Molecular_Function_2025,Insulin Receptor Binding (GO:0005158),1/17,1.00e-02,2.20e-02,99.5,117.3,IGF1R
Hub genes (10),GO_Molecular_Function_2025,DNA-binding Transcription Factor Binding (GO:0140297),2/274,1.08e-02,2.20e-02,12.3,15.3,HDAC1;STAT3
Hub genes (10),GO_Molecular_Function_2025,Ubiquitin-Like Protein Ligase Activity (GO:0061659),2/274,1.08e-02,2.20e-02,12.3,15.3,MDM2;PML
Hub genes (10),GO_Molecular_Function_2025,Cis-Regulatory Region Sequence-Specific DNA Binding (GO:0000987),3/900,1.36e-02,2.59e-02,5.6,7.6,HDAC1;STAT2;STAT3
Hub genes (10),GO_Molecular_Function_2025,Zinc Ion Binding (GO:0008270),2/314,1.40e-02,2.59e-02,10.8,13.3,MDM2;PML
Hub genes (10),GO_Molecular_Function_2025,RNA Polymerase II Cis-Regulatory Region Sequence-Specific DNA Binding (GO:0000978),3/915,1.42e-02,2.59e-02,5.5,7.5,HDAC1;STAT2;STAT3
Hub genes (10),GO_Molecular_Function_2025,NF-kappaB Binding (GO:0051059),1/26,1.53e-02,2.69e-02,65.0,75.0,HDAC1
Hub genes (10),GO_Molecular_Function_2025,SH2 Domain Binding (GO:0042169),1/28,1.64e-02,2.79e-02,60.4,69.4,JAK2
Hub genes (10),GO_Molecular_Function_2025,RNA Polymerase Core Enzyme Binding (GO:0043175),1/30,1.76e-02,2.81e-02,56.4,64.6,ERBB2
Hub genes (10),GO_Molecular_Function_2025,rRNA Binding (GO:0019843),1/30,1.76e-02,2.81e-02,56.4,64.6,MDM2
Hub genes (10),GO_Molecular_Function_2025,Transmembrane Receptor Protein Kinase Activity (GO:0019199),1/32,1.88e-02,2.90e-02,52.8,60.5,ERBB2
Hub genes (10),GO_Molecular_Function_2025,Core Promoter Sequence-Specific DNA Binding (GO:0001046),1/33,1.93e-02,2.90e-02,51.2,58.6,HDAC1
Hub genes (10),GO_Molecular_Function_2025,RNA Polymerase II Transcription Regulatory Region Sequence-Specific DNA Binding (GO:0000977),3/1059,2.11e-02,3.07e-02,4.8,6.4,HDAC1;STAT2;STAT3
Hub genes (10),GO_Molecular_Function_2025,Transcription Corepressor Binding (GO:0001222),1/40,2.34e-02,3.26e-02,42.3,48.0,HDAC1
Hub genes (10),GO_Molecular_Function_2025,Kinase Binding (GO:0019900),2/414,2.36e-02,3.26e-02,8.2,10.0,JAK2;STAT3
Hub genes (10),GO_Molecular_Function_2025,Transition Metal Ion Binding (GO:0046914),2/420,2.43e-02,3.26e-02,8.1,9.9,MDM2;PML
Hub genes (10),GO_Molecular_Function_2025,Protein Kinase Binding (GO:0019901),2/461,2.89e-02,3.78e-02,7.3,9.0,JAK2;STAT3
Hub genes (10),GO_Molecular_Function_2025,Transcription Cis-Regulatory Region Binding (GO:0000976),2/485,3.17e-02,4.04e-02,7.0,8.5,HDAC1;STAT3
Hub genes (10),GO_Molecular_Function_2025,Receptor Tyrosine Kinase Binding (GO:0030971),1/58,3.38e-02,4.20e-02,29.2,32.8,ERBB2
Hub genes (10),GO_Cellular_Component_2025,Extrinsic Component of Cytoplasmic Side of Plasma Membrane (GO:0031234),2/41,2.55e-04,6.12e-03,82.5,108.1,JAK1;JAK2
Hub genes (10),GO_Cellular_Component_2025,Cytoplasmic Side of Plasma Membrane (GO:0009898),2/110,1.82e-03,2.19e-02,30.7,38.9,JAK1;JAK2
Hub genes (10),GO_Cellular_Component_2025,"Transferase Complex, Transferring Phosphorus-Containing Groups (GO:0061695)",1/7,4.13e-03,3.22e-02,241.6,312.9,IGF1R
Hub genes (10),GO_Cellular_Component_2025,Nucleolus (GO:0005730),3/685,6.41e-03,3.22e-02,7.4,10.2,IGF1R;MDM2;PML
Hub genes (10),GO_Cellular_Component_2025,Nuclear Lumen (GO:0031981),3/696,6.70e-03,3.22e-02,7.3,10.0,IGF1R;MDM2;PML
Hub genes (10),GO_Cellular_Component_2025,Protein Kinase Complex (GO:1902911),1/21,1.24e-02,4.64e-02,80.5,93.8,IGF1R
Hub genes (10),GO_Cellular_Component_2025,Endosome Lumen (GO:0031904),1/23,1.35e-02,4.64e-02,73.5,85.2,JAK2
Hub genes (10),GO_Cellular_Component_2025,Focal Adhesion (GO:0005925),2/348,1.70e-02,4.68e-02,9.7,12.0,JAK1;JAK2
Hub genes (10),GO_Cellular_Component_2025,Cell-Substrate Junction (GO:0030055),2/356,1.78e-02,4.68e-02,9.5,11.7,JAK1;JAK2
Hub genes (10),GO_Cellular_Component_2025,Cytoplasmic Vesicle Membrane (GO:0030659),2/374,1.95e-02,4.68e-02,9.0,11.1,ERBB2;MDM2
Shared DEGs (19),KEGG_2021_Human,Proteoglycans in cancer,3/187,1.13e-03,3.35e-02,14.3,17.0,EIF4B;HGF;IGF1R
Shared DEGs (19),KEGG_2021_Human,Rap1 signaling pathway,3/193,1.24e-03,3.35e-02,13.8,16.5,DOCK4;HGF;IGF1R
Shared DEGs (19),KEGG_2021_Human,Pathways in cancer,4/490,1.91e-03,3.44e-02,7.3,9.0,HGF;IGF1R;PML;STAT2
Shared DEGs (19),KEGG_2021_Human,Melanoma,2/68,2.61e-03,3.52e-02,26.2,30.0,HGF;IGF1R
Hub genes (10),KEGG_2021_Human,Pathways in cancer,10/490,3.81e-16,3.20e-14,34.5,717.7,ERBB2;HDAC1;HGF;IGF1R;JAK1;JAK2;MDM2;PML;STAT2;STAT3
Hub genes (10),KEGG_2021_Human,PI3K-Akt signaling pathway,6/322,8.96e-09,3.76e-07,31.5,78.7,ERBB2;HGF;IGF1R;JAK1;JAK2;MDM2
Hub genes (10),KEGG_2021_Human,Epstein-Barr virus infection,5/177,2.87e-08,7.93e-07,47.8,97.3,HDAC1;JAK1;MDM2;STAT2;STAT3
Hub genes (10),KEGG_2021_Human,Proteoglycans in cancer,5/187,3.78e-08,7.93e-07,45.2,91.9,ERBB2;HGF;IGF1R;MDM2;STAT3
Hub genes (10),KEGG_2021_Human,Necroptosis,4/116,4.28e-07,7.18e-06,58.3,99.9,JAK1;JAK2;STAT2;STAT3
Hub genes (10),KEGG_2021_Human,Signaling pathways regulating pluripotency of stem cells,4/131,6.97e-07,9.75e-06,51.6,88.1,IGF1R;JAK1;JAK2;STAT3
Hub genes (10),KEGG_2021_Human,Influenza A,4/144,1.02e-06,1.01e-05,47.0,79.8,JAK1;JAK2;PML;STAT2
Hub genes (10),KEGG_2021_Human,JAK-STAT signaling pathway,4/146,1.08e-06,1.01e-05,46.3,78.7,JAK1;JAK2;STAT2;STAT3
Hub genes (10),KEGG_2021_Human,Hepatitis B,4/147,1.11e-06,1.01e-05,46.0,78.1,JAK1;JAK2;STAT2;STAT3
Hub genes (10),KEGG_2021_Human,Viral carcinogenesis,4/152,1.26e-06,1.01e-05,44.5,75.5,HDAC1;JAK1;MDM2;STAT3
Hub genes (10),KEGG_2021_Human,MicroRNAs in cancer,4/155,1.37e-06,1.01e-05,43.6,74.0,ERBB2;HDAC1;MDM2;STAT3
Hub genes (10),KEGG_2021_Human,Transcriptional misregulation in cancer,4/157,1.44e-06,1.01e-05,43.1,73.0,HDAC1;IGF1R;MDM2;PML
Hub genes (10),KEGG_2021_Human,Kaposi sarcoma-associated herpesvirus infection,4/173,2.12e-06,1.37e-05,39.1,66.0,JAK1;JAK2;STAT2;STAT3
Hub genes (10),KEGG_2021_Human,Non-small cell lung cancer,3/66,6.68e-06,4.01e-05,76.9,114.5,ERBB2;HGF;STAT3
Hub genes (10),KEGG_2021_Human,Melanoma,3/68,7.31e-06,4.10e-05,74.6,111.0,HGF;IGF1R;MDM2
Hub genes (10),KEGG_2021_Human,Pancreatic cancer,3/74,9.44e-06,4.96e-05,68.6,101.6,ERBB2;JAK1;STAT3
Hub genes (10),KEGG_2021_Human,PD-L1 expression and PD-1 checkpoint pathway in cancer,3/81,1.24e-05,6.13e-05,62.6,92.4,JAK1;JAK2;STAT3
Hub genes (10),KEGG_2021_Human,Prostate cancer,3/91,1.76e-05,8.18e-05,55.8,81.9,ERBB2;IGF1R;MDM2
Hub genes (10),KEGG_2021_Human,Human papillomavirus infection,4/299,1.85e-05,8.18e-05,22.6,37.5,HDAC1;JAK1;MDM2;STAT2
Hub genes (10),KEGG_2021_Human,Th17 cell differentiation,3/98,2.20e-05,8.80e-05,51.8,75.8,JAK1;JAK2;STAT3
Hub genes (10),KEGG_2021_Human,Toxoplasmosis,3/98,2.20e-05,8.80e-05,51.8,75.8,JAK1;JAK2;STAT3
Hub genes (10),KEGG_2021_Human,HIF-1 signaling pathway,3/103,2.55e-05,9.75e-05,49.3,72.0,ERBB2;IGF1R;STAT3
Hub genes (10),KEGG_2021_Human,FoxO signaling pathway,3/121,4.13e-05,1.51e-04,41.9,61.0,IGF1R;MDM2;STAT3
Hub genes (10),KEGG_2021_Human,Measles,3/124,4.45e-05,1.56e-04,40.9,59.4,JAK1;STAT2;STAT3
Hub genes (10),KEGG_2021_Human,Herpes simplex virus 1 infection,4/408,6.25e-05,2.10e-04,16.6,27.2,JAK1;JAK2;PML;STAT2
Hub genes (10),KEGG_2021_Human,Hepatitis C,3/142,6.66e-05,2.15e-04,35.7,51.7,JAK1;STAT2;STAT3
Hub genes (10),KEGG_2021_Human,Chemokine signaling pathway,3/177,1.28e-04,3.99e-04,28.7,41.2,JAK2;STAT2;STAT3
Hub genes (10),KEGG_2021_Human,Coronavirus disease,3/185,1.46e-04,4.37e-04,27.4,39.4,JAK1;STAT2;STAT3
Hub genes (10),KEGG_2021_Human,Focal adhesion,3/187,1.51e-04,4.37e-04,27.1,38.9,ERBB2;HGF;IGF1R
Hub genes (10),KEGG_2021_Human,Human cytomegalovirus infection,3/195,1.71e-04,4.78e-04,26.0,37.3,JAK1;MDM2;STAT3
Hub genes (10),KEGG_2021_Human,Bladder cancer,2/39,2.31e-04,6.25e-04,86.7,113.9,ERBB2;MDM2
Hub genes (10),KEGG_2021_Human,Endocytosis,3/222,2.50e-04,6.57e-04,22.9,32.6,IGF1R;MDM2;PML
Hub genes (10),KEGG_2021_Human,MAPK signaling pathway,3/274,4.64e-04,1.18e-03,18.5,26.3,ERBB2;HGF;IGF1R
Hub genes (10),KEGG_2021_Human,Acute myeloid leukemia,2/62,5.84e-04,1.40e-03,54.6,70.2,PML;STAT3
Hub genes (10),KEGG_2021_Human,Leishmaniasis,2/62,5.84e-04,1.40e-03,54.6,70.2,JAK1;JAK2
Hub genes (10),KEGG_2021_Human,Adherens junction,2/66,6.62e-04,1.50e-03,51.2,65.8,ERBB2;IGF1R
Hub genes (10),KEGG_2021_Human,Adipocytokine signaling pathway,2/66,6.62e-04,1.50e-03,51.2,65.8,JAK2;STAT3
Hub genes (10),KEGG_2021_Human,Prolactin signaling pathway,2/67,6.82e-04,1.51e-03,50.5,64.8,JAK2;STAT3
Hub genes (10),KEGG_2021_Human,Glioma,2/70,7.44e-04,1.60e-03,48.3,61.9,IGF1R;MDM2
Hub genes (10),KEGG_2021_Human,Chronic myeloid leukemia,2/73,8.09e-04,1.70e-03,46.3,59.3,HDAC1;MDM2
Hub genes (10),KEGG_2021_Human,Th1 and Th2 cell differentiation,2/83,1.04e-03,2.14e-03,40.7,51.9,JAK1;JAK2
Hub genes (10),KEGG_2021_Human,Longevity regulating pathway,2/95,1.36e-03,2.71e-03,35.6,45.2,HDAC1;IGF1R
Hub genes (10),KEGG_2021_Human,C-type lectin receptor signaling pathway,2/96,1.39e-03,2.71e-03,35.2,44.7,MDM2;STAT2
Hub genes (10),KEGG_2021_Human,AGE-RAGE signaling pathway in diabetic complications,2/97,1.42e-03,2.71e-03,34.9,44.2,JAK2;STAT3
Hub genes (10),KEGG_2021_Human,"Growth hormone synthesis, secretion and action",2/114,1.96e-03,3.65e-03,29.7,37.5,JAK2;STAT3
Hub genes (10),KEGG_2021_Human,Thyroid hormone signaling pathway,2/117,2.06e-03,3.76e-03,28.9,36.5,HDAC1;MDM2
Hub genes (10),KEGG_2021_Human,Osteoclast differentiation,2/120,2.16e-03,3.85e-03,28.2,35.6,JAK1;STAT2
Hub genes (10),KEGG_2021_Human,Cell cycle,2/121,2.20e-03,3.85e-03,28.0,35.3,HDAC1;MDM2
Hub genes (10),KEGG_2021_Human,Ubiquitin mediated proteolysis,2/126,2.38e-03,4.09e-03,26.8,33.8,MDM2;PML
Hub genes (10),KEGG_2021_Human,Breast cancer,2/140,2.93e-03,4.90e-03,24.2,30.4,ERBB2;IGF1R
Hub genes (10),KEGG_2021_Human,Gastric cancer,2/141,2.97e-03,4.90e-03,24.0,30.1,ERBB2;HGF
Hub genes (10),KEGG_2021_Human,Hepatocellular carcinoma,2/150,3.36e-03,5.42e-03,22.5,28.3,HGF;IGF1R
Hub genes (10),KEGG_2021_Human,Tuberculosis,2/155,3.58e-03,5.64e-03,21.8,27.4,JAK1;JAK2
Hub genes (10),KEGG_2021_Human,NOD-like receptor signaling pathway,2/156,3.62e-03,5.64e-03,21.7,27.2,JAK1;STAT2
Hub genes (10),KEGG_2021_Human,Chemical carcinogenesis,2/188,5.22e-03,7.97e-03,18.0,22.5,JAK2;STAT3
Hub genes (10),KEGG_2021_Human,Lipid and atherosclerosis,2/192,5.43e-03,8.09e-03,17.6,22.0,JAK2;STAT3
Hub genes (10),KEGG_2021_Human,Rap1 signaling pathway,2/193,5.49e-03,8.09e-03,17.5,21.9,HGF;IGF1R
Hub genes (10),KEGG_2021_Human,Ras signaling pathway,2/208,6.35e-03,9.19e-03,16.3,20.3,HGF;IGF1R
Hub genes (10),KEGG_2021_Human,Calcium signaling pathway,2/226,7.46e-03,1.06e-02,15.0,18.6,ERBB2;HGF
Hub genes (10),KEGG_2021_Human,Ovarian steroidogenesis,1/42,2.46e-02,3.44e-02,40.3,45.7,IGF1R
Hub genes (10),KEGG_2021_Human,Malaria,1/45,2.63e-02,3.62e-02,37.6,42.6,HGF
Hub genes (10),KEGG_2021_Human,Long-term depression,1/50,2.92e-02,3.95e-02,33.8,38.2,IGF1R
Hub genes (10),KEGG_2021_Human,Notch signaling pathway,1/54,3.15e-02,4.20e-02,31.3,35.3,HDAC1
Hub genes (10),KEGG_2021_Human,Endometrial cancer,1/56,3.26e-02,4.28e-02,30.2,34.0,ERBB2
Hub genes (10),KEGG_2021_Human,Inflammatory bowel disease,1/58,3.38e-02,4.37e-02,29.2,32.8,STAT3
Hub genes (10),KEGG_2021_Human,Renal cell carcinoma,1/62,3.61e-02,4.59e-02,27.3,30.7,HGF
Hub genes (10),KEGG_2021_Human,Central carbon metabolism in cancer,1/63,3.66e-02,4.59e-02,26.8,30.2,ERBB2
Hub genes (10),KEGG_2021_Human,Amphetamine addiction,1/66,3.84e-02,4.74e-02,25.6,28.8,HDAC1
Hub genes (10),KEGG_2021_Human,p53 signaling pathway,1/70,4.06e-02,4.95e-02,24.2,27.1,MDM2
Shared DEGs (19),WikiPathways_2024_Human,NRP1 Triggered Signaling In Pancreatic Cancer WP5144,2/51,1.48e-03,4.15e-02,34.9,40.4,HGF;PLXNA2
Shared DEGs (19),WikiPathways_2024_Human,Interferon Type I Signaling WP585,2/51,1.48e-03,4.15e-02,34.9,40.4,EIF4B;STAT2
Shared DEGs (19),WikiPathways_2024_Human,Cancer Pathways WP5434,4/470,1.64e-03,4.15e-02,7.6,9.4,HGF;IGF1R;PML;STAT2
Hub genes (10),WikiPathways_2024_Human,Cancer Pathways WP5434,10/470,2.50e-16,4.51e-14,36.0,749.8,ERBB2;HDAC1;HGF;IGF1R;JAK1;JAK2;MDM2;PML;STAT2;STAT3
Hub genes (10),WikiPathways_2024_Human,EGFR Tyrosine Kinase Inhibitor Resistance WP4806,6/81,2.07e-12,1.86e-10,125.3,336.5,ERBB2;HGF;IGF1R;JAK1;JAK2;STAT3
Hub genes (10),WikiPathways_2024_Human,IL6 Signaling WP364,4/43,7.52e-09,4.51e-07,157.3,288.2,HDAC1;JAK1;JAK2;STAT3
Hub genes (10),WikiPathways_2024_Human,Thyroid Stimulating Hormone TSH Signaling WP2032,4/53,1.78e-08,8.01e-07,127.6,229.3,IGF1R;JAK1;JAK2;STAT3
Hub genes (10),WikiPathways_2024_Human,IL10 Anti Inflammatory Signaling WP4495,3/11,2.45e-08,8.82e-07,461.2,905.0,JAK1;STAT2;STAT3
Hub genes (10),WikiPathways_2024_Human,ncRNAs Involved In STAT3 Signaling In Hepatocellular Carcinoma WP4337,3/13,4.25e-08,1.27e-06,390.3,723.9,JAK1;JAK2;STAT3
Hub genes (10),WikiPathways_2024_Human,Leptin Signaling WP2034,4/69,5.23e-08,1.35e-06,98.0,172.7,ERBB2;JAK1;JAK2;STAT3
Hub genes (10),WikiPathways_2024_Human,Prolactin Signaling WP2037,4/72,6.22e-08,1.40e-06,94.0,165.0,ERBB2;JAK1;JAK2;STAT3
Hub genes (10),WikiPathways_2024_Human,Immune Response To Tuberculosis WP4197,3/22,2.28e-07,4.56e-06,230.6,380.8,JAK1;JAK2;STAT2
Hub genes (10),WikiPathways_2024_Human,Androgen Receptor Network In Prostate Cancer WP2263,4/103,2.65e-07,4.77e-06,65.7,113.1,HGF;JAK1;MDM2;STAT3
Hub genes (10),WikiPathways_2024_Human,Focal Adhesion PI3K Akt mTOR Signaling WP3932,5/287,3.20e-07,5.23e-06,29.5,58.9,HGF;IGF1R;JAK1;JAK2;MDM2
Hub genes (10),WikiPathways_2024_Human,Interferon Mediated Signaling WP4558,3/27,4.32e-07,5.93e-06,187.9,301.4,JAK1;JAK2;STAT2
Hub genes (10),WikiPathways_2024_Human,PDGFR Beta Pathway WP3972,3/27,4.32e-07,5.93e-06,187.9,301.4,JAK1;JAK2;STAT3
Hub genes (10),WikiPathways_2024_Human,PI3K Akt Signaling WP4172,5/309,4.61e-07,5.93e-06,27.4,54.6,HGF;IGF1R;JAK1;JAK2;MDM2
Hub genes (10),WikiPathways_2024_Human,IL17 Signaling WP2112,3/32,7.32e-07,8.78e-06,158.5,249.3,JAK1;JAK2;STAT3
Hub genes (10),WikiPathways_2024_Human,Hepatitis B Infection WP4666,4/135,7.86e-07,8.84e-06,50.1,85.3,JAK1;JAK2;STAT2;STAT3
Hub genes (10),WikiPathways_2024_Human,Type II Interferon Signaling WP619,3/34,8.82e-07,9.34e-06,149.2,233.2,JAK1;JAK2;STAT2
Hub genes (10),WikiPathways_2024_Human,Thymic Stromal Lymphopoietin TSLP Signaling WP2203,3/36,1.05e-06,9.97e-06,140.9,219.1,JAK1;JAK2;STAT3
Hub genes (10),WikiPathways_2024_Human,IL5 Signaling WP127,3/36,1.05e-06,9.97e-06,140.9,219.1,JAK1;JAK2;STAT3
Hub genes (10),WikiPathways_2024_Human,EGF EGFR Signaling WP437,4/154,1.33e-06,1.15e-05,43.9,74.4,ERBB2;JAK1;JAK2;STAT3
Hub genes (10),WikiPathways_2024_Human,Catabolism Of Skeletal Muscle In Cachexia WP5474,3/39,1.35e-06,1.15e-05,130.1,200.8,IGF1R;JAK1;STAT3
Hub genes (10),WikiPathways_2024_Human,IL11 Signaling WP2332,3/42,1.69e-06,1.38e-05,120.8,185.3,JAK1;JAK2;STAT3
Hub genes (10),WikiPathways_2024_Human,IL26 Signaling WP5347,3/43,1.81e-06,1.42e-05,118.0,180.7,JAK1;JAK2;STAT3
Hub genes (10),WikiPathways_2024_Human,IL3 Signaling WP286,3/48,2.54e-06,1.90e-05,105.7,160.5,JAK1;JAK2;STAT3
Hub genes (10),WikiPathways_2024_Human,IL4 Signaling WP395,3/50,2.88e-06,2.07e-05,101.5,153.7,JAK1;JAK2;STAT3
Hub genes (10),WikiPathways_2024_Human,Interferon Type I Signaling WP585,3/51,3.05e-06,2.08e-05,99.5,150.5,JAK1;STAT2;STAT3
Hub genes (10),WikiPathways_2024_Human,TCA Cycle Nutrient Use And Invasiveness Of Ovarian Cancer WP2868,2/5,3.14e-06,2.08e-05,676.4,1408.2,JAK1;STAT3
Hub genes (10),WikiPathways_2024_Human,Notch Signaling WP61,3/52,3.24e-06,2.08e-05,97.6,147.4,HDAC1;JAK2;STAT3
Hub genes (10),WikiPathways_2024_Human,Oncostatin M Signaling WP2374,3/55,3.84e-06,2.39e-05,92.2,138.9,JAK1;JAK2;STAT3
Hub genes (10),WikiPathways_2024_Human,Th17 Cell Differentiation Pathway WP5130,3/64,6.09e-06,3.65e-05,79.3,118.3,JAK1;JAK2;STAT3
Hub genes (10),WikiPathways_2024_Human,Type III Interferon Signaling WP2113,2/8,8.80e-06,5.11e-05,422.8,704.0,JAK1;STAT2
Hub genes (10),WikiPathways_2024_Human,Regulatory Circuits Of STAT3 Signaling WP4538,3/76,1.02e-05,5.76e-05,66.8,98.8,JAK1;JAK2;STAT3
Hub genes (10),WikiPathways_2024_Human,Glioblastoma Signaling WP2261,3/78,1.11e-05,6.04e-05,65.0,96.1,ERBB2;IGF1R;MDM2
Hub genes (10),WikiPathways_2024_Human,Androgen Receptor Signaling WP138,3/82,1.29e-05,6.81e-05,61.9,91.3,HDAC1;MDM2;STAT3
Hub genes (10),WikiPathways_2024_Human,Pancreatic Adenocarcinoma Pathway WP4263,3/85,1.43e-05,7.37e-05,59.7,87.9,ERBB2;JAK1;STAT3
Hub genes (10),WikiPathways_2024_Human,Embryonic Stem Cell Pluripotency Pathways WP3931,3/107,2.86e-05,1.43e-04,47.4,69.2,JAK1;MDM2;STAT3
Hub genes (10),WikiPathways_2024_Human,Leptin Insulin Signaling Overlap WP3935,2/15,3.29e-05,1.60e-04,225.5,324.8,JAK2;STAT3
Hub genes (10),WikiPathways_2024_Human,Measles Virus Infection WP4630,3/120,4.03e-05,1.91e-04,42.3,61.5,JAK1;STAT2;STAT3
Hub genes (10),WikiPathways_2024_Human,IL9 Signaling WP22,2/17,4.26e-05,1.97e-04,199.0,281.4,JAK1;STAT3
Hub genes (10),WikiPathways_2024_Human,Autophagy In Pancreatic Ductal Adenocarcinoma WP5331,2/18,4.79e-05,2.16e-04,187.9,263.8,MDM2;STAT3
Hub genes (10),WikiPathways_2024_Human,IL7 Signaling WP205,2/20,5.95e-05,2.61e-04,169.1,234.5,JAK1;STAT3
Hub genes (10),WikiPathways_2024_Human,Pleural Mesothelioma WP5087,4/406,6.13e-05,2.63e-04,16.7,27.4,HGF;IGF1R;JAK1;MDM2
Hub genes (10),WikiPathways_2024_Human,SARS Coronavirus And Innate Immunity WP4912,2/23,7.91e-05,3.31e-04,147.1,201.0,JAK1;STAT2
Hub genes (10),WikiPathways_2024_Human,Chemokine Signaling WP3929,3/157,8.98e-05,3.67e-04,32.3,46.6,JAK2;STAT2;STAT3
Hub genes (10),WikiPathways_2024_Human,EPO Receptor Signaling WP581,2/25,9.37e-05,3.75e-04,135.3,183.5,JAK2;STAT3
Hub genes (10),WikiPathways_2024_Human,IL19 Signaling WP5422,2/26,1.02e-04,3.97e-04,130.1,175.8,JAK1;STAT3
Hub genes (10),WikiPathways_2024_Human,Extracellular Vesicle Mediated Signaling In Recipient Cells WP2870,2/27,1.10e-04,4.20e-04,125.3,168.8,ERBB2;HGF
Hub genes (10),WikiPathways_2024_Human,Type I Interferon Induction And Signaling SARS CoV 2 Infection WP4868,2/29,1.27e-04,4.75e-04,116.6,156.2,JAK1;STAT2
Hub genes (10),WikiPathways_2024_Human,Focal Adhesion WP306,3/183,1.41e-04,5.20e-04,27.7,39.8,ERBB2;HGF;IGF1R
Hub genes (10),WikiPathways_2024_Human,Hepatocyte Growth Factor Receptor Signaling WP313,2/31,1.45e-04,5.22e-04,109.1,145.4,HGF;STAT3
Hub genes (10),WikiPathways_2024_Human,Mammary Gland Development Pregnancy And Lactation Stage 3 Of 4 WP2817,2/32,1.55e-04,5.35e-04,105.7,140.6,ERBB2;JAK2
Hub genes (10),WikiPathways_2024_Human,Host Pathogen Interaction Of Human CoV Interferon Induction WP4880,2/32,1.55e-04,5.35e-04,105.7,140.6,JAK1;STAT2
Hub genes (10),WikiPathways_2024_Human,JAK STAT Signaling In The Regulation Of Beta Cells WP5358,2/34,1.75e-04,5.94e-04,99.5,131.8,JAK2;STAT3
Hub genes (10),WikiPathways_2024_Human,Serotonin HTR1 Group And FOS Pathway WP722,2/35,1.85e-04,6.18e-04,96.6,127.8,JAK2;STAT3
Hub genes (10),WikiPathways_2024_Human,mBDNF And proBDNF Regulation Of GABA Neurotransmission WP4829,2/36,1.96e-04,6.31e-04,94.0,124.0,JAK2;STAT3
Hub genes (10),WikiPathways_2024_Human,IL2 Signaling WP49,2/36,1.96e-04,6.31e-04,94.0,124.0,JAK1;STAT3
Hub genes (10),WikiPathways_2024_Human,PDGF Pathway WP2526,2/37,2.07e-04,6.55e-04,91.4,120.5,JAK1;STAT3
Hub genes (10),WikiPathways_2024_Human,Bladder Cancer WP2828,2/38,2.19e-04,6.79e-04,89.0,117.1,ERBB2;MDM2
Hub genes (10),WikiPathways_2024_Human,TROP2 Regulatory Signaling WP5300,2/42,2.68e-04,8.03e-04,80.5,105.4,IGF1R;JAK2
Hub genes (10),WikiPathways_2024_Human,Integrated Cancer Pathway WP1971,2/42,2.68e-04,8.03e-04,80.5,105.4,JAK1;MDM2
Hub genes (10),WikiPathways_2024_Human,Osteoarthritic Chondrocyte Hypertrophy WP5373,2/46,3.21e-04,9.48e-04,73.5,95.8,JAK2;STAT3
Hub genes (10),WikiPathways_2024_Human,Hepatitis C And Hepatocellular Carcinoma WP3646,2/49,3.65e-04,1.06e-03,69.0,89.6,JAK1;STAT3
Hub genes (10),WikiPathways_2024_Human,TGF Beta Receptor Signaling WP560,2/50,3.80e-04,1.08e-03,67.6,87.8,JAK1;STAT3
Hub genes (10),WikiPathways_2024_Human,MET In Type 1 Papillary Renal Cell Carcinoma WP4205,2/52,4.11e-04,1.14e-03,65.0,84.3,HGF;STAT3
Hub genes (10),WikiPathways_2024_Human,Kit Receptor Signaling WP304,2/52,4.11e-04,1.14e-03,65.0,84.3,JAK2;STAT3
Hub genes (10),WikiPathways_2024_Human,TGF Beta Receptor Signaling In Skeletal Dysplasias WP4816,2/54,4.43e-04,1.21e-03,62.6,81.0,JAK1;STAT3
Hub genes (10),WikiPathways_2024_Human,AGE RAGE Pathway WP2324,2/61,5.65e-04,1.52e-03,55.4,71.4,JAK2;STAT3
Hub genes (10),WikiPathways_2024_Human,SARS CoV 2 Innate Immunity Evasion And Cell Immune Response WP5039,2/63,6.03e-04,1.53e-03,53.7,69.0,JAK1;STAT2
Hub genes (10),WikiPathways_2024_Human,miRNA Regulation Of DNA Damage Response WP1530,2/63,6.03e-04,1.53e-03,53.7,69.0,MDM2;PML
Hub genes (10),WikiPathways_2024_Human,Acute Myeloid Leukemia WP5293,2/63,6.03e-04,1.53e-03,53.7,69.0,PML;STAT3
Hub genes (10),WikiPathways_2024_Human,DNA Damage Response WP707,2/63,6.03e-04,1.53e-03,53.7,69.0,MDM2;PML
Hub genes (10),WikiPathways_2024_Human,RAC1 PAK1 P38 MMP2 Pathway WP3303,2/67,6.82e-04,1.70e-03,50.5,64.8,ERBB2;STAT3
Hub genes (10),WikiPathways_2024_Human,Urotensin II Mediated Signaling WP5158,2/68,7.02e-04,1.71e-03,49.7,63.8,JAK2;STAT3
Hub genes (10),WikiPathways_2024_Human,Non Small Cell Lung Cancer WP4255,2/68,7.02e-04,1.71e-03,49.7,63.8,ERBB2;STAT3
Hub genes (10),WikiPathways_2024_Human,MECP2 And Associated Rett Syndrome WP3584,2/70,7.44e-04,1.79e-03,48.3,61.9,HDAC1;IGF1R
Hub genes (10),WikiPathways_2024_Human,Head And Neck Squamous Cell Carcinoma WP4674,2/71,7.65e-04,1.81e-03,47.6,61.0,ERBB2;IGF1R
Hub genes (10),WikiPathways_2024_Human,Non Genomic Actions Of 1 25 Dihydroxyvitamin D3 WP4341,2/72,7.87e-04,1.84e-03,47.0,60.1,JAK1;STAT2
Hub genes (10),WikiPathways_2024_Human,DNA IR Damage And Cellular Response Via ATR WP4016,2/75,8.53e-04,1.97e-03,45.1,57.6,MDM2;PML
Hub genes (10),WikiPathways_2024_Human,MicroRNAs In Cardiomyocyte Hypertrophy WP1544,2/79,9.46e-04,2.13e-03,42.8,54.6,IGF1R;STAT3
Hub genes (10),WikiPathways_2024_Human,Polycystic Kidney Disease Pathway WP2571,2/79,9.46e-04,2.13e-03,42.8,54.6,ERBB2;IGF1R
Hub genes (10),WikiPathways_2024_Human,Apoptosis WP254,2/81,9.95e-04,2.21e-03,41.8,53.2,IGF1R;MDM2
Hub genes (10),WikiPathways_2024_Human,Retinoblastoma Gene In Cancer WP2446,2/84,1.07e-03,2.35e-03,40.3,51.3,HDAC1;MDM2
Hub genes (10),WikiPathways_2024_Human,Acute Viral Myocarditis WP4298,2/85,1.09e-03,2.37e-03,39.8,50.7,JAK1;STAT3
Hub genes (10),WikiPathways_2024_Human,ErbB Signaling WP673,2/86,1.12e-03,2.40e-03,39.3,50.1,ERBB2;MDM2
Hub genes (10),WikiPathways_2024_Human,VEGFA VEGFR2 Signaling WP3888,3/391,1.30e-03,2.76e-03,13.0,18.2,HDAC1;MDM2;STAT3
Hub genes (10),WikiPathways_2024_Human,DNA Damage Response Only ATM Dependent WP710,2/104,1.63e-03,3.42e-03,32.5,41.2,ERBB2;MDM2
Hub genes (10),WikiPathways_2024_Human,Gastrin Signaling WP4659,2/111,1.86e-03,3.84e-03,30.5,38.5,JAK2;STAT3
Hub genes (10),WikiPathways_2024_Human,Cell Cycle WP179,2/117,2.06e-03,4.21e-03,28.9,36.5,HDAC1;MDM2
Hub genes (10),WikiPathways_2024_Human,Adipogenesis WP236,2/122,2.24e-03,4.52e-03,27.7,35.0,STAT2;STAT3
Hub genes (10),WikiPathways_2024_Human,TGF Beta Signaling Pathway WP366,2/126,2.38e-03,4.77e-03,26.8,33.8,HDAC1;PML
Hub genes (10),WikiPathways_2024_Human,Brain Derived Neurotrophic Factor BDNF Signaling WP2380,2/132,2.61e-03,5.17e-03,25.6,32.3,JAK2;STAT3
Hub genes (10),WikiPathways_2024_Human,Neuroinflammation And Glutamatergic Signaling WP5083,2/135,2.73e-03,5.34e-03,25.1,31.5,JAK1;STAT3
Hub genes (10),WikiPathways_2024_Human,Breast Cancer Pathway WP4262,2/144,3.10e-03,6.00e-03,23.5,29.5,ERBB2;IGF1R
Hub genes (10),WikiPathways_2024_Human,Somatroph Axis GH Relationship To Dietary Restriction And Aging WP4186,1/6,3.54e-03,6.78e-03,281.8,375.5,IGF1R
Hub genes (10),WikiPathways_2024_Human,Cell Differentiation Index WP2029,1/7,4.13e-03,7.83e-03,241.6,312.9,STAT3
Hub genes (10),WikiPathways_2024_Human,Transcription Factors Regulate miRNAs Cardiac Hypertrophy WP1559,1/8,4.72e-03,8.85e-03,211.4,268.2,STAT3
Hub genes (10),WikiPathways_2024_Human,Circadian Rhythm Genes WP3594,2/187,5.16e-03,9.58e-03,18.1,22.6,HDAC1;PML
Hub genes (10),WikiPathways_2024_Human,Mammary Gland Development Pathway Involution Stage 4 Of 4 WP2815,1/10,5.90e-03,1.08e-02,169.1,208.5,STAT3
Hub genes (10),WikiPathways_2024_Human,Mod Of PI3K Akt mTOR Signaling By Bioactive Sphingolipids WP5192,1/11,6.49e-03,1.16e-02,153.7,187.7,IGF1R
Hub genes (10),WikiPathways_2024_Human,2Q21 1 Copy Number Variation Syndrome WP5223,1/11,6.49e-03,1.16e-02,153.7,187.7,STAT3
Hub genes (10),WikiPathways_2024_Human,Valproic Acid Pathway WP3871,1/11,6.49e-03,1.16e-02,153.7,187.7,HDAC1
Hub genes (10),WikiPathways_2024_Human,PGK1 PKM2 KHKC KHKA Acting As Protein Kinases WP5433,1/12,7.08e-03,1.25e-02,140.9,170.6,STAT3
Hub genes (10),WikiPathways_2024_Human,Development Of Pulmonary Dendritic Cells And Macrophage Subsets WP3892,1/13,7.66e-03,1.31e-02,130.1,156.4,STAT3
Hub genes (10),WikiPathways_2024_Human,Mammary Gland Development Pathway Puberty Stage 2 Of 4 WP2814,1/13,7.66e-03,1.31e-02,130.1,156.4,ERBB2
Hub genes (10),WikiPathways_2024_Human,Estrogen Receptor Pathway WP2881,1/13,7.66e-03,1.31e-02,130.1,156.4,STAT3
Hub genes (10),WikiPathways_2024_Human,Network Map Of SARS CoV 2 Signaling WP5115,2/237,8.17e-03,1.39e-02,14.3,17.7,JAK1;JAK2
Hub genes (10),WikiPathways_2024_Human,FOXP3 In COVID 19 WP5063,1/15,8.84e-03,1.49e-02,112.7,134.0,STAT3
Hub genes (10),WikiPathways_2024_Human,Cell Differentiation Expanded Index WP2023,1/17,1.00e-02,1.67e-02,99.5,117.3,STAT3
Hub genes (10),WikiPathways_2024_Human,Transcription Co Factors SKI And SKIL Protein Partners WP4533,1/18,1.06e-02,1.73e-02,94.0,110.4,HDAC1
Hub genes (10),WikiPathways_2024_Human,TP53 Network WP1742,1/18,1.06e-02,1.73e-02,94.0,110.4,MDM2
Hub genes (10),WikiPathways_2024_Human,Extracellular Vesicles In The Crosstalk Of Cardiac Cells WP4300,1/19,1.12e-02,1.80e-02,89.0,104.2,STAT3
Hub genes (10),WikiPathways_2024_Human,Ca Mediated T Cell Apoptosis Inclusion Body Myositis WP5142,1/19,1.12e-02,1.80e-02,89.0,104.2,HDAC1
Hub genes (10),WikiPathways_2024_Human,Nuclear Receptors Meta Pathway WP2882,2/284,1.16e-02,1.84e-02,11.9,14.7,HGF;STAT3
Hub genes (10),WikiPathways_2024_Human,Cancer Immunotherapy By PD 1 Blockade WP4585,1/20,1.18e-02,1.86e-02,84.6,98.7,STAT3
Hub genes (10),WikiPathways_2024_Human,Effect Of Progerin On Genes Involved In Progeria WP4320,1/22,1.29e-02,2.02e-02,76.9,89.3,HDAC1
Hub genes (10),WikiPathways_2024_Human,Physiological And Pathological Hypertrophy Of The Heart WP1528,1/23,1.35e-02,2.08e-02,73.5,85.2,STAT3
Hub genes (10),WikiPathways_2024_Human,miRNA Regulation Of P53 Pathway In Prostate Cancer WP3982,1/23,1.35e-02,2.08e-02,73.5,85.2,MDM2
Hub genes (10),WikiPathways_2024_Human,Growth Factors And Hormones In Beta Cell Proliferation WP5385,1/24,1.41e-02,2.15e-02,70.5,81.5,IGF1R
Hub genes (10),WikiPathways_2024_Human,Wnt Beta Catenin Signaling In Leukemia WP3658,1/25,1.47e-02,2.22e-02,67.6,78.1,PML
Hub genes (10),WikiPathways_2024_Human,Interactions Immune Cells And miRNAs In Tumor Microenvironment WP4559,1/27,1.59e-02,2.38e-02,62.6,72.1,STAT3
Hub genes (10),WikiPathways_2024_Human,Dopaminergic Neurogenesis WP2855,1/28,1.64e-02,2.45e-02,60.4,69.4,STAT3
Hub genes (10),WikiPathways_2024_Human,Initiation Of Transcription And Translation Elongation HIV1 LTR WP3414,1/29,1.70e-02,2.45e-02,58.3,67.0,HDAC1
Hub genes (10),WikiPathways_2024_Human,miRNA Regulation Of Prostate Cancer Signaling WP3981,1/29,1.70e-02,2.45e-02,58.3,67.0,MDM2
Hub genes (10),WikiPathways_2024_Human,2Q11 2 Copy Number Variation Syndrome WP5221,1/29,1.70e-02,2.45e-02,58.3,67.0,ERBB2
Hub genes (10),WikiPathways_2024_Human,16P11 2 Distal Deletion Syndrome WP4950,1/29,1.70e-02,2.45e-02,58.3,67.0,JAK2
Hub genes (10),WikiPathways_2024_Human,Cardiomyocyte Signaling Converging On Titin WP5344,1/30,1.76e-02,2.50e-02,56.4,64.6,MDM2
Hub genes (10),WikiPathways_2024_Human,Prion Disease Pathway WP3995,1/30,1.76e-02,2.50e-02,56.4,64.6,STAT3
Hub genes (10),WikiPathways_2024_Human,Ethanol Effects On Histone Modifications WP3996,1/31,1.82e-02,2.56e-02,54.6,62.5,HDAC1
Hub genes (10),WikiPathways_2024_Human,Factors And Pathways Affecting IGF1 Akt Signaling WP3850,1/35,2.05e-02,2.86e-02,48.3,55.1,IGF1R
Hub genes (10),WikiPathways_2024_Human,TNF Related Weak Inducer Of Apoptosis TWEAK Signaling WP2036,1/36,2.11e-02,2.92e-02,47.0,53.5,HDAC1
Hub genes (10),WikiPathways_2024_Human,ATM Signaling WP2516,1/37,2.17e-02,2.98e-02,45.7,52.1,MDM2
Hub genes (10),WikiPathways_2024_Human,Neural Crest Cell Migration During Development WP4564,1/38,2.23e-02,3.03e-02,44.5,50.6,STAT3
Hub genes (10),WikiPathways_2024_Human,Neural Crest Cell Migration In Cancer WP4565,1/41,2.40e-02,3.25e-02,41.2,46.8,STAT3
Hub genes (10),WikiPathways_2024_Human,Pluripotent Stem Cell Differentiation Pathway WP2848,1/42,2.46e-02,3.28e-02,40.3,45.7,HGF
Hub genes (10),WikiPathways_2024_Human,Notch Signaling WP268,1/42,2.46e-02,3.28e-02,40.3,45.7,HDAC1
Hub genes (10),WikiPathways_2024_Human,Inflammatory Bowel Disease Signaling WP5198,1/43,2.51e-02,3.33e-02,39.3,44.6,STAT3
Hub genes (10),WikiPathways_2024_Human,Microtubule Cytoskeleton Regulation WP2038,1/45,2.63e-02,3.46e-02,37.6,42.6,STAT3
Hub genes (10),WikiPathways_2024_Human,Energy Metabolism WP1541,1/46,2.69e-02,3.48e-02,36.8,41.6,HDAC1
Hub genes (10),WikiPathways_2024_Human,Rett Syndrome WP4312,1/46,2.69e-02,3.48e-02,36.8,41.6,HDAC1
Hub genes (10),WikiPathways_2024_Human,15Q11Q13 Copy Number Variation WP5407,1/47,2.75e-02,3.53e-02,36.0,40.7,HDAC1
Hub genes (10),WikiPathways_2024_Human,Copper Homeostasis WP3286,1/48,2.80e-02,3.58e-02,35.2,39.8,MDM2
Hub genes (10),WikiPathways_2024_Human,TAR Syndrome WP5362,1/49,2.86e-02,3.63e-02,34.5,39.0,STAT3
Hub genes (10),WikiPathways_2024_Human,Senescence Associated Secretory Phenotype SASP WP3391,1/51,2.98e-02,3.72e-02,33.2,37.4,STAT3
Hub genes (10),WikiPathways_2024_Human,NRP1 Triggered Signaling In Pancreatic Cancer WP5144,1/51,2.98e-02,3.72e-02,33.2,37.4,HGF
Hub genes (10),WikiPathways_2024_Human,Apoptosis Related Network Due To Altered Notch3 Ovarian Cancer WP2864,1/52,3.03e-02,3.74e-02,32.5,36.7,HDAC1
Hub genes (10),WikiPathways_2024_Human,Neurogenesis Regulation In The Olfactory Epithelium WP5265,1/52,3.03e-02,3.74e-02,32.5,36.7,STAT3
Hub genes (10),WikiPathways_2024_Human,Overlap Between Signal Transduction Pathways LMNA Laminopathies WP4879,1/53,3.09e-02,3.76e-02,31.9,36.0,HDAC1
Hub genes (10),WikiPathways_2024_Human,DNA IR Double Strand Breaks And Cellular Response Via ATM WP3959,1/53,3.09e-02,3.76e-02,31.9,36.0,MDM2
Hub genes (10),WikiPathways_2024_Human,Lung Fibrosis WP3624,1/55,3.21e-02,3.87e-02,30.7,34.7,HGF
Hub genes (10),WikiPathways_2024_Human,Pathways Affected In Adenoid Cystic Carcinoma WP3651,1/59,3.44e-02,4.12e-02,28.7,32.3,ERBB2
Hub genes (10),WikiPathways_2024_Human,Endochondral Ossification With Skeletal Dysplasias WP4808,1/61,3.55e-02,4.18e-02,27.7,31.2,IGF1R
Hub genes (10),WikiPathways_2024_Human,Endochondral Ossification WP474,1/61,3.55e-02,4.18e-02,27.7,31.2,IGF1R
Hub genes (10),WikiPathways_2024_Human,Endometrial Cancer WP4155,1/61,3.55e-02,4.18e-02,27.7,31.2,ERBB2
Hub genes (10),WikiPathways_2024_Human,Physico Chemical Features And Toxicity Associated Pathways WP3680,1/62,3.61e-02,4.22e-02,27.3,30.7,ERBB2
Hub genes (10),WikiPathways_2024_Human,G1 To S Cell Cycle Control WP45,1/63,3.66e-02,4.26e-02,26.8,30.2,MDM2
Hub genes (10),WikiPathways_2024_Human,Melanoma WP4685,1/64,3.72e-02,4.29e-02,26.4,29.7,MDM2
Hub genes (10),WikiPathways_2024_Human,Burn Wound Healing WP5055,1/66,3.84e-02,4.40e-02,25.6,28.8,HGF
Hub genes (10),WikiPathways_2024_Human,17Q12 Copy Number Variation Syndrome WP5287,1/70,4.06e-02,4.63e-02,24.2,27.1,ERBB2
Hub genes (10),WikiPathways_2024_Human,Clock Controlled Autophagy In Bone Metabolism WP5205,1/71,4.12e-02,4.67e-02,23.8,26.7,JAK2
Hub genes (10),Reactome_Pathways_2024,Disease,10/1591,5.29e-11,1.45e-08,10.6,203.4,ERBB2;HDAC1;HGF;IGF1R;JAK1;JAK2;MDM2;PML;STAT2;STAT3
Hub genes (10),Reactome_Pathways_2024,Interleukin-20 Family Signaling,4/24,6.51e-10,8.89e-08,281.8,562.7,JAK1;JAK2;STAT2;STAT3
Hub genes (10),Reactome_Pathways_2024,Interleukin-27 Signaling,3/11,2.45e-08,1.67e-06,461.2,905.0,JAK1;JAK2;STAT3
Hub genes (10),Reactome_Pathways_2024,Interleukin-6 Signaling,3/11,2.45e-08,1.67e-06,461.2,905.0,JAK1;JAK2;STAT3
Hub genes (10),Reactome_Pathways_2024,Interleukin-35 Signalling,3/12,3.27e-08,1.78e-06,422.8,804.4,JAK1;JAK2;STAT3
Hub genes (10),Reactome_Pathways_2024,Diseases of Signal Transduction by Growth Factor Receptors and Second Messengers,6/416,4.13e-08,1.88e-06,24.4,60.3,ERBB2;HDAC1;HGF;JAK2;MDM2;STAT3
Hub genes (10),Reactome_Pathways_2024,Interferon Signaling,5/224,9.31e-08,3.63e-06,37.7,76.2,JAK1;JAK2;PML;STAT2;STAT3
Hub genes (10),Reactome_Pathways_2024,Signaling by Receptor Tyrosine Kinases,6/503,1.28e-07,4.35e-06,20.2,49.5,ERBB2;HDAC1;HGF;IGF1R;JAK2;STAT3
Hub genes (10),Reactome_Pathways_2024,PIP3 Activates AKT Signaling,5/250,1.61e-07,4.79e-06,33.8,68.0,ERBB2;HDAC1;HGF;MDM2;PML
Hub genes (10),Reactome_Pathways_2024,Potential Therapeutics for SARS,4/93,1.75e-07,4.79e-06,72.7,125.9,HDAC1;JAK1;JAK2;STAT2
Hub genes (10),Reactome_Pathways_2024,Interleukin-6 Family Signaling,3/22,2.28e-07,5.11e-06,230.6,380.8,JAK1;JAK2;STAT3
Hub genes (10),Reactome_Pathways_2024,Interleukin-4 and Interleukin-13 Signaling,4/101,2.45e-07,5.11e-06,67.0,115.5,HGF;JAK1;JAK2;STAT3
Hub genes (10),Reactome_Pathways_2024,Inactivation of CSF3 (G-CSF) Signaling,3/23,2.62e-07,5.11e-06,220.6,361.7,JAK1;JAK2;STAT3
Hub genes (10),Reactome_Pathways_2024,Interleukin-7 Signaling,3/23,2.62e-07,5.11e-06,220.6,361.7,HGF;JAK1;STAT3
Hub genes (10),Reactome_Pathways_2024,Intracellular Signaling by Second Messengers,5/290,3.37e-07,6.13e-06,29.2,58.3,ERBB2;HDAC1;HGF;MDM2;PML
Hub genes (10),Reactome_Pathways_2024,Signaling by CSF3 (G-CSF),3/28,4.84e-07,8.26e-06,181.2,289.3,JAK1;JAK2;STAT3
Hub genes (10),Reactome_Pathways_2024,Viral Infection Pathways,6/667,6.75e-07,1.08e-05,15.2,36.9,HDAC1;IGF1R;JAK1;JAK2;PML;STAT2
Hub genes (10),Reactome_Pathways_2024,Cytokine Signaling in Immune System,6/680,7.56e-07,1.15e-05,14.9,36.1,HGF;JAK1;JAK2;PML;STAT2;STAT3
Hub genes (10),Reactome_Pathways_2024,Interleukin-2 Family Signaling,3/43,1.81e-06,2.61e-05,118.0,180.7,JAK1;JAK2;STAT3
Hub genes (10),Reactome_Pathways_2024,Signaling by Interleukins,5/417,2.03e-06,2.76e-05,20.3,40.0,HGF;JAK1;JAK2;STAT2;STAT3
Hub genes (10),Reactome_Pathways_2024,Infectious Disease,6/851,2.82e-06,3.66e-05,11.9,28.5,HDAC1;IGF1R;JAK1;JAK2;PML;STAT2
Hub genes (10),Reactome_Pathways_2024,Interleukin-12 Family Signaling,3/51,3.05e-06,3.79e-05,99.5,150.5,JAK1;JAK2;STAT3
Hub genes (10),Reactome_Pathways_2024,IFNG Signaling Activates MAPKs,2/7,6.60e-06,7.83e-05,483.2,844.8,JAK1;JAK2
Hub genes (10),Reactome_Pathways_2024,RAF MAP Kinase Cascade,4/244,8.29e-06,9.44e-05,27.7,46.3,ERBB2;HGF;JAK1;JAK2
Hub genes (10),Reactome_Pathways_2024,MAPK1 MAPK3 Signaling,4/250,9.13e-06,9.97e-05,27.1,45.1,ERBB2;HGF;JAK1;JAK2
Hub genes (10),Reactome_Pathways_2024,Interferon Gamma Signaling,3/75,9.83e-06,1.03e-04,67.6,100.2,JAK1;JAK2;PML
Hub genes (10),Reactome_Pathways_2024,Interleukin-23 Signaling,2/9,1.13e-05,1.06e-04,375.8,603.4,JAK2;STAT3
Hub genes (10),Reactome_Pathways_2024,Interleukin-9 Signaling,2/9,1.13e-05,1.06e-04,375.8,603.4,JAK1;STAT3
Hub genes (10),Reactome_Pathways_2024,MAPK1 (ERK2) Activation,2/9,1.13e-05,1.06e-04,375.8,603.4,JAK1;JAK2
Hub genes (10),Reactome_Pathways_2024,Interleukin-21 Signaling,2/10,1.41e-05,1.15e-04,338.2,527.9,JAK1;STAT3
Hub genes (10),Reactome_Pathways_2024,MAPK3 (ERK1) Activation,2/10,1.41e-05,1.15e-04,338.2,527.9,JAK1;JAK2
Hub genes (10),Reactome_Pathways_2024,Signaling by Leptin,2/10,1.41e-05,1.15e-04,338.2,527.9,JAK2;STAT3
Hub genes (10),Reactome_Pathways_2024,Signaling by ALK Fusions and Activated Point Mutants,3/85,1.43e-05,1.15e-04,59.7,87.9,HDAC1;MDM2;STAT3
Hub genes (10),Reactome_Pathways_2024,Signaling by ALK in Cancer,3/85,1.43e-05,1.15e-04,59.7,87.9,HDAC1;MDM2;STAT3
Hub genes (10),Reactome_Pathways_2024,MAPK Family Signaling Cascades,4/289,1.62e-05,1.26e-04,23.4,38.9,ERBB2;HGF;JAK1;JAK2
Hub genes (10),Reactome_Pathways_2024,STAT3 Nuclear Events Downstream of ALK Signaling,2/11,1.73e-05,1.31e-04,307.5,469.2,HDAC1;STAT3
Hub genes (10),Reactome_Pathways_2024,Respiratory Syncytial Virus Infection Pathway,3/101,2.41e-05,1.78e-04,50.2,73.5,IGF1R;JAK1;STAT2
Hub genes (10),Reactome_Pathways_2024,PI3K AKT Signaling in Cancer,3/104,2.63e-05,1.89e-04,48.8,71.3,ERBB2;HGF;MDM2
Hub genes (10),Reactome_Pathways_2024,Interleukin-15 Signaling,2/14,2.85e-05,1.95e-04,241.6,351.9,JAK1;STAT3
Hub genes (10),Reactome_Pathways_2024,Regulation of IFNG Signaling,2/14,2.85e-05,1.95e-04,241.6,351.9,JAK1;JAK2
Hub genes (10),Reactome_Pathways_2024,IL-6-type Cytokine Receptor Ligand Interactions,2/15,3.29e-05,2.19e-04,225.5,324.8,JAK1;JAK2
Hub genes (10),Reactome_Pathways_2024,SARS-CoV Infections,4/368,4.18e-05,2.71e-04,18.4,30.3,HDAC1;JAK1;JAK2;STAT2
Hub genes (10),Reactome_Pathways_2024,Regulation of IFNA IFNB Signaling,2/19,5.35e-05,3.40e-04,178.0,248.3,JAK1;STAT2
Hub genes (10),Reactome_Pathways_2024,Signaling by KIT in Disease,2/20,5.95e-05,3.61e-04,169.1,234.5,JAK2;STAT3
Hub genes (10),Reactome_Pathways_2024,"Signaling by Phosphorylated Juxtamembrane, Extracellular and Kinase Domain KIT Mutants",2/20,5.95e-05,3.61e-04,169.1,234.5,JAK2;STAT3
Hub genes (10),Reactome_Pathways_2024,RAF-independent MAPK1 3 Activation,2/22,7.22e-05,4.29e-04,153.7,211.0,JAK1;JAK2
Hub genes (10),Reactome_Pathways_2024,Growth Hormone Receptor Signaling,2/23,7.91e-05,4.59e-04,147.1,201.0,JAK2;STAT3
Hub genes (10),Reactome_Pathways_2024,Regulation of TP53 Activity,3/154,8.48e-05,4.82e-04,32.9,47.5,HDAC1;MDM2;PML
Hub genes (10),Reactome_Pathways_2024,SUMO E3 Ligases SUMOylate Target Proteins,3/158,9.15e-05,5.10e-04,32.1,46.3,HDAC1;MDM2;PML
Hub genes (10),Reactome_Pathways_2024,Evasion by RSV of Host Interferon Responses,2/25,9.37e-05,5.12e-04,135.3,183.5,JAK1;STAT2
Hub genes (10),Reactome_Pathways_2024,SUMOylation,3/163,1.00e-04,5.33e-04,31.1,44.8,HDAC1;MDM2;PML
Hub genes (10),Reactome_Pathways_2024,Interleukin Receptor SHC Signaling,2/26,1.02e-04,5.33e-04,130.1,175.8,JAK1;JAK2
Hub genes (10),Reactome_Pathways_2024,Signaling by ALK,2/28,1.18e-04,5.97e-04,120.8,162.3,HDAC1;STAT3
Hub genes (10),Reactome_Pathways_2024,Transcriptional Regulation of Granulopoiesis,2/28,1.18e-04,5.97e-04,120.8,162.3,PML;STAT3
Hub genes (10),Reactome_Pathways_2024,Regulation of TP53 Activity Through Acetylation,2/30,1.36e-04,6.74e-04,112.7,150.7,HDAC1;PML
Hub genes (10),Reactome_Pathways_2024,Nuclear Events Stimulated by ALK Signaling in Cancer,2/34,1.75e-04,8.52e-04,99.5,131.8,HDAC1;STAT3
Hub genes (10),Reactome_Pathways_2024,SUMOylation of Ubiquitinylation Proteins,2/35,1.85e-04,8.88e-04,96.6,127.8,MDM2;PML
Hub genes (10),Reactome_Pathways_2024,Immune System,6/1814,2.16e-04,1.02e-03,5.6,12.5,HGF;JAK1;JAK2;PML;STAT2;STAT3
Hub genes (10),Reactome_Pathways_2024,Interleukin-10 Signaling,2/40,2.43e-04,1.12e-03,84.6,110.9,JAK1;STAT3
Hub genes (10),Reactome_Pathways_2024,Interleukin-12 Signaling,2/41,2.55e-04,1.16e-03,82.5,108.1,JAK1;JAK2
Hub genes (10),Reactome_Pathways_2024,Signaling by SCF-KIT,2/43,2.81e-04,1.26e-03,78.7,102.8,JAK2;STAT3
Hub genes (10),Reactome_Pathways_2024,"Interleukin-3, Interleukin-5 and GM-CSF Signaling",2/47,3.35e-04,1.48e-03,72.0,93.6,JAK1;JAK2
Hub genes (10),Reactome_Pathways_2024,Signaling by Non-Receptor Tyrosine Kinases,2/53,4.27e-04,1.82e-03,63.8,82.6,ERBB2;STAT3
Hub genes (10),Reactome_Pathways_2024,Signaling by PTK6,2/53,4.27e-04,1.82e-03,63.8,82.6,ERBB2;STAT3
Hub genes (10),Reactome_Pathways_2024,Interferon Alpha Beta Signaling,2/64,6.22e-04,2.61e-03,52.8,67.9,JAK1;STAT2
Hub genes (10),Reactome_Pathways_2024,Transcriptional Regulation by TP53,3/336,8.41e-04,3.48e-03,15.1,21.3,HDAC1;MDM2;PML
Hub genes (10),Reactome_Pathways_2024,Signaling by MET,2/75,8.53e-04,3.48e-03,45.1,57.6,HGF;STAT3
Hub genes (10),Reactome_Pathways_2024,Constitutive Signaling by Aberrant PI3K in Cancer,2/79,9.46e-04,3.80e-03,42.8,54.6,ERBB2;HGF
Hub genes (10),Reactome_Pathways_2024,RSV-host Interactions,2/82,1.02e-03,4.03e-03,41.2,52.6,JAK1;STAT2
Hub genes (10),Reactome_Pathways_2024,SARS-CoV-2 Activates Modulates Innate and Adaptive Immune Responses,2/105,1.66e-03,6.49e-03,32.2,40.8,JAK1;STAT2
Hub genes (10),Reactome_Pathways_2024,"PI5P, PP2A and IER3 Regulate PI3K AKT Signaling",2/106,1.69e-03,6.52e-03,31.9,40.4,ERBB2;HGF
Hub genes (10),Reactome_Pathways_2024,Negative Regulation of the PI3K AKT Network,2/113,1.92e-03,7.29e-03,29.9,37.8,ERBB2;HGF
Hub genes (10),Reactome_Pathways_2024,PTEN Regulation,2/123,2.27e-03,8.50e-03,27.5,34.7,HDAC1;PML
Hub genes (10),Reactome_Pathways_2024,Cellular Senescence,2/126,2.38e-03,8.79e-03,26.8,33.8,MDM2;STAT3
Hub genes (10),Reactome_Pathways_2024,Generic Transcription Pathway,4/1080,2.54e-03,9.26e-03,6.3,9.8,ERBB2;HDAC1;MDM2;PML
Hub genes (10),Reactome_Pathways_2024,Antiviral Mechanism by IFN-stimulated Genes,2/132,2.61e-03,9.38e-03,25.6,32.3,JAK1;STAT3
Hub genes (10),Reactome_Pathways_2024,Mitotic G1 Phase and G1 S Transition,2/136,2.77e-03,9.82e-03,24.9,31.3,HDAC1;JAK2
Hub genes (10),Reactome_Pathways_2024,Factors Involved in Megakaryocyte Development and Platelet Production,2/139,2.89e-03,1.00e-02,24.3,30.6,HDAC1;JAK2
Hub genes (10),Reactome_Pathways_2024,GRB7 Events in ERBB2 Signaling,1/5,2.95e-03,1.00e-02,338.2,469.4,ERBB2
Hub genes (10),Reactome_Pathways_2024,MET Activates PTPN11,1/5,2.95e-03,1.00e-02,338.2,469.4,HGF
Hub genes (10),Reactome_Pathways_2024,Developmental Biology,4/1127,2.98e-03,1.00e-02,6.0,9.4,ERBB2;HDAC1;PML;STAT3
Hub genes (10),Reactome_Pathways_2024,MET Receptor Activation,1/6,3.54e-03,1.14e-02,281.8,375.5,HGF
Hub genes (10),Reactome_Pathways_2024,MET Activates PI3K AKT Signaling,1/6,3.54e-03,1.14e-02,281.8,375.5,HGF
Hub genes (10),Reactome_Pathways_2024,p75NTR Negatively Regulates Cell Cycle via SC1,1/6,3.54e-03,1.14e-02,281.8,375.5,HDAC1
Hub genes (10),Reactome_Pathways_2024,ESR-mediated Signaling,2/155,3.58e-03,1.14e-02,21.8,27.4,HDAC1;IGF1R
Hub genes (10),Reactome_Pathways_2024,Transcriptional Regulation by RUNX1,2/155,3.58e-03,1.14e-02,21.8,27.4,HDAC1;PML
Hub genes (10),Reactome_Pathways_2024,RNA Polymerase II Transcription,4/1192,3.65e-03,1.14e-02,5.7,8.8,ERBB2;HDAC1;MDM2;PML
Hub genes (10),Reactome_Pathways_2024,Hemostasis,3/561,3.66e-03,1.14e-02,9.0,12.6,HDAC1;HGF;JAK2
Hub genes (10),Reactome_Pathways_2024,Cell Cycle,3/577,3.96e-03,1.22e-02,8.8,12.2,HDAC1;JAK2;MDM2
Hub genes (10),Reactome_Pathways_2024,Erythropoietin Activates Phospholipase C Gamma (PLCG),1/7,4.13e-03,1.24e-02,241.6,312.9,JAK2
Hub genes (10),Reactome_Pathways_2024,Erythropoietin Activates STAT5,1/7,4.13e-03,1.24e-02,241.6,312.9,JAK2
Hub genes (10),Reactome_Pathways_2024,SARS-CoV-2-host Interactions,2/169,4.24e-03,1.26e-02,20.0,25.1,JAK1;STAT2
Hub genes (10),Reactome_Pathways_2024,BH3-only Proteins Associate With and Inactivate Anti-Apoptotic BCL-2 Members,1/8,4.72e-03,1.34e-02,211.4,268.2,STAT3
Hub genes (10),Reactome_Pathways_2024,MECP2 Regulates Transcription of Neuronal Ligands,1/8,4.72e-03,1.34e-02,211.4,268.2,HDAC1
Hub genes (10),Reactome_Pathways_2024,MET Receptor Recycling,1/8,4.72e-03,1.34e-02,211.4,268.2,HGF
Hub genes (10),Reactome_Pathways_2024,SHC-related Events Triggered by IGF1R,1/8,4.72e-03,1.34e-02,211.4,268.2,IGF1R
Hub genes (10),Reactome_Pathways_2024,Regulation of PTEN Localization,1/9,5.31e-03,1.49e-02,187.9,234.6,PML
Hub genes (10),Reactome_Pathways_2024,Chromatin Modifying Enzymes,2/199,5.83e-03,1.61e-02,17.0,21.2,HDAC1;JAK2
Hub genes (10),Reactome_Pathways_2024,Chromatin Organization,2/199,5.83e-03,1.61e-02,17.0,21.2,HDAC1;JAK2
Hub genes (10),Reactome_Pathways_2024,"POU5F1 (OCT4), SOX2, NANOG Activate Genes Related to Proliferation",1/10,5.90e-03,1.61e-02,169.1,208.5,STAT3
Hub genes (10),Reactome_Pathways_2024,Gene Expression (Transcription),4/1396,6.47e-03,1.70e-02,4.8,7.4,ERBB2;HDAC1;MDM2;PML
Hub genes (10),Reactome_Pathways_2024,Constitutive Signaling by Overexpressed ERBB2,1/11,6.49e-03,1.70e-02,153.7,187.7,ERBB2
Hub genes (10),Reactome_Pathways_2024,MET Activates RAP1 and RAC1,1/11,6.49e-03,1.70e-02,153.7,187.7,HGF
Hub genes (10),Reactome_Pathways_2024,MET Activates RAS Signaling,1/11,6.49e-03,1.70e-02,153.7,187.7,HGF
Hub genes (10),Reactome_Pathways_2024,Signaling by Nuclear Receptors,2/218,6.95e-03,1.76e-02,15.5,19.3,HDAC1;IGF1R
Hub genes (10),Reactome_Pathways_2024,Erythropoietin Activates Phosphoinositide-3-kinase (PI3K),1/12,7.08e-03,1.76e-02,140.9,170.6,JAK2
Hub genes (10),Reactome_Pathways_2024,Interleukin-2 Signaling,1/12,7.08e-03,1.76e-02,140.9,170.6,JAK1
Hub genes (10),Reactome_Pathways_2024,Signaling by PDGFRA Extracellular Domain Mutants,1/12,7.08e-03,1.76e-02,140.9,170.6,STAT3
Hub genes (10),Reactome_Pathways_2024,"Signaling by PDGFRA Transmembrane, Juxtamembrane and Kinase Domain Mutants",1/12,7.08e-03,1.76e-02,140.9,170.6,STAT3
Hub genes (10),Reactome_Pathways_2024,TFAP2 (AP-2) Family Regulates Transcription of Growth Factors and Their Receptors,1/12,7.08e-03,1.76e-02,140.9,170.6,ERBB2
Hub genes (10),Reactome_Pathways_2024,Disorders of Developmental Biology,1/13,7.66e-03,1.79e-02,130.1,156.4,HDAC1
Hub genes (10),Reactome_Pathways_2024,Disorders of Nervous System Development,1/13,7.66e-03,1.79e-02,130.1,156.4,HDAC1
Hub genes (10),Reactome_Pathways_2024,Downregulation of ERBB2 ERBB3 Signaling,1/13,7.66e-03,1.79e-02,130.1,156.4,ERBB2
Hub genes (10),Reactome_Pathways_2024,ERBB2 Activates PTK6 Signaling,1/13,7.66e-03,1.79e-02,130.1,156.4,ERBB2
Hub genes (10),Reactome_Pathways_2024,Loss of Function of MECP2 in Rett Syndrome,1/13,7.66e-03,1.79e-02,130.1,156.4,HDAC1
Hub genes (10),Reactome_Pathways_2024,Pervasive Developmental Disorders,1/13,7.66e-03,1.79e-02,130.1,156.4,HDAC1
Hub genes (10),Reactome_Pathways_2024,Repression of WNT Target Genes,1/13,7.66e-03,1.79e-02,130.1,156.4,HDAC1
Hub genes (10),Reactome_Pathways_2024,AKT Phosphorylates Targets in the Cytosol,1/14,8.25e-03,1.86e-02,120.8,144.3,MDM2
Hub genes (10),Reactome_Pathways_2024,ERBB2 Regulates Cell Motility,1/14,8.25e-03,1.86e-02,120.8,144.3,ERBB2
Hub genes (10),Reactome_Pathways_2024,Erythropoietin Activates RAS,1/14,8.25e-03,1.86e-02,120.8,144.3,JAK2
Hub genes (10),Reactome_Pathways_2024,Prolactin Receptor Signaling,1/14,8.25e-03,1.86e-02,120.8,144.3,JAK2
Hub genes (10),Reactome_Pathways_2024,GRB2 Events in ERBB2 Signaling,1/16,9.42e-03,2.04e-02,105.7,125.1,ERBB2
Hub genes (10),Reactome_Pathways_2024,PI3K Events in ERBB2 Signaling,1/16,9.42e-03,2.04e-02,105.7,125.1,ERBB2
Hub genes (10),Reactome_Pathways_2024,Signaling by ERBB2 ECD Mutants,1/16,9.42e-03,2.04e-02,105.7,125.1,ERBB2
Hub genes (10),Reactome_Pathways_2024,Signaling by Cytosolic FGFR1 Fusion Mutants,1/16,9.42e-03,2.04e-02,105.7,125.1,STAT3
Hub genes (10),Reactome_Pathways_2024,Transcription of E2F Targets Under Neg Control by P107 (RBL1) and P130 (RBL2) in Complex With HDAC1,1/16,9.42e-03,2.04e-02,105.7,125.1,HDAC1
Hub genes (10),Reactome_Pathways_2024,SARS-CoV-2 Infection,2/260,9.77e-03,2.09e-02,13.0,16.1,JAK1;STAT2
Hub genes (10),Reactome_Pathways_2024,ERCC6 (CSB) and EHMT2 (G9a) Positively Regulate rRNA Expression,1/17,1.00e-02,2.09e-02,99.5,117.3,HDAC1
Hub genes (10),Reactome_Pathways_2024,MECP2 Regulates Neuronal Receptors and Channels,1/17,1.00e-02,2.09e-02,99.5,117.3,HDAC1
Hub genes (10),Reactome_Pathways_2024,Regulation of MITF-M-dependent Genes Involved in Cell Cycle and Proliferation,1/17,1.00e-02,2.09e-02,99.5,117.3,HDAC1
Hub genes (10),Reactome_Pathways_2024,Regulation of RUNX1 Expression and Activity,1/17,1.00e-02,2.09e-02,99.5,117.3,PML
Hub genes (10),Reactome_Pathways_2024,Regulation of MITF-M-dependent Genes Involved in Apoptosis,1/18,1.06e-02,2.19e-02,94.0,110.4,HDAC1
Hub genes (10),Reactome_Pathways_2024,NPAS4 Regulates Expression of Target Genes,1/19,1.12e-02,2.23e-02,89.0,104.2,MDM2
Hub genes (10),Reactome_Pathways_2024,Regulation of TP53 Activity Through Methylation,1/19,1.12e-02,2.23e-02,89.0,104.2,MDM2
Hub genes (10),Reactome_Pathways_2024,SUMOylation of Transcription Factors,1/19,1.12e-02,2.23e-02,89.0,104.2,MDM2
Hub genes (10),Reactome_Pathways_2024,Signaling by PDGFR in Disease,1/19,1.12e-02,2.23e-02,89.0,104.2,STAT3
Hub genes (10),Reactome_Pathways_2024,Transcription of E2F Targets Under Negative Control by DREAM Complex,1/19,1.12e-02,2.23e-02,89.0,104.2,HDAC1
Hub genes (10),Reactome_Pathways_2024,Interleukin-37 Signaling,1/20,1.18e-02,2.31e-02,84.6,98.7,STAT3
Hub genes (10),Reactome_Pathways_2024,Sema4D Induced Cell Migration and Growth-Cone Collapse,1/20,1.18e-02,2.31e-02,84.6,98.7,ERBB2
Hub genes (10),Reactome_Pathways_2024,Negative Regulation of MET Activity,1/21,1.24e-02,2.41e-02,80.5,93.8,HGF
Hub genes (10),Reactome_Pathways_2024,Respiratory Syncytial Virus (RSV) Attachment and Entry,1/22,1.29e-02,2.47e-02,76.9,89.3,IGF1R
Hub genes (10),Reactome_Pathways_2024,SHC1 Events in ERBB2 Signaling,1/22,1.29e-02,2.47e-02,76.9,89.3,ERBB2
Hub genes (10),Reactome_Pathways_2024,Signaling by ERBB2 TMD JMD Mutants,1/22,1.29e-02,2.47e-02,76.9,89.3,ERBB2
Hub genes (10),Reactome_Pathways_2024,Other Interleukin Signaling,1/23,1.35e-02,2.56e-02,73.5,85.2,JAK1
Hub genes (10),Reactome_Pathways_2024,Constitutive Signaling by AKT1 E17K in Cancer,1/24,1.41e-02,2.64e-02,70.5,81.5,MDM2
Hub genes (10),Reactome_Pathways_2024,Sema4D in Semaphorin Signaling,1/24,1.41e-02,2.64e-02,70.5,81.5,ERBB2
Hub genes (10),Reactome_Pathways_2024,Signaling by ERBB2 KD Mutants,1/25,1.47e-02,2.70e-02,67.6,78.1,ERBB2
Hub genes (10),Reactome_Pathways_2024,Signaling by Erythropoietin,1/25,1.47e-02,2.70e-02,67.6,78.1,JAK2
Hub genes (10),Reactome_Pathways_2024,Metabolism of Proteins,4/1762,1.47e-02,2.70e-02,3.8,5.7,HDAC1;MDM2;PML;STAT3
Hub genes (10),Reactome_Pathways_2024,Notch-HLH Transcription Pathway,1/26,1.53e-02,2.76e-02,65.0,75.0,HDAC1
Hub genes (10),Reactome_Pathways_2024,Signaling by ERBB2 in Cancer,1/26,1.53e-02,2.76e-02,65.0,75.0,ERBB2
Hub genes (10),Reactome_Pathways_2024,"FOXO-mediated Transcription of Oxidative Stress, Metabolic and Neuronal Genes",1/27,1.59e-02,2.81e-02,62.6,72.1,HDAC1
Hub genes (10),Reactome_Pathways_2024,G0 and Early G1,1/27,1.59e-02,2.81e-02,62.6,72.1,HDAC1
Hub genes (10),Reactome_Pathways_2024,Transcriptional Regulation of Pluripotent Stem Cells,1/27,1.59e-02,2.81e-02,62.6,72.1,STAT3
Hub genes (10),Reactome_Pathways_2024,Downstream Signal Transduction,1/28,1.64e-02,2.88e-02,60.4,69.4,STAT3
Hub genes (10),Reactome_Pathways_2024,MET Activates PTK2 Signaling,1/28,1.64e-02,2.88e-02,60.4,69.4,HGF
Hub genes (10),Reactome_Pathways_2024,Downregulation of ERBB2 Signaling,1/29,1.70e-02,2.92e-02,58.3,67.0,ERBB2
Hub genes (10),Reactome_Pathways_2024,FGFR1 Mutant Receptor Activation,1/29,1.70e-02,2.92e-02,58.3,67.0,STAT3
Hub genes (10),Reactome_Pathways_2024,G1 S-Specific Transcription,1/29,1.70e-02,2.92e-02,58.3,67.0,HDAC1
Hub genes (10),Reactome_Pathways_2024,RMTs Methylate Histone Arginines,1/30,1.76e-02,2.94e-02,56.4,64.6,JAK2
Hub genes (10),Reactome_Pathways_2024,Transcriptional Regulation of Brown and Beige Adipocyte Differentiation,1/30,1.76e-02,2.94e-02,56.4,64.6,HDAC1
Hub genes (10),Reactome_Pathways_2024,Transcriptional Regulation of Brown and Beige Adipocyte Differentiation by EBF2,1/30,1.76e-02,2.94e-02,56.4,64.6,HDAC1
Hub genes (10),Reactome_Pathways_2024,Association of TriC CCT With Target Proteins During Biosynthesis,1/31,1.82e-02,2.94e-02,54.6,62.5,STAT3
Hub genes (10),Reactome_Pathways_2024,Downregulation of SMAD2 3 SMAD4 Transcriptional Activity,1/31,1.82e-02,2.94e-02,54.6,62.5,HDAC1
Hub genes (10),Reactome_Pathways_2024,"Glutamate Binding, Activation of AMPA Receptors and Synaptic Plasticity",1/31,1.82e-02,2.94e-02,54.6,62.5,MDM2
Hub genes (10),Reactome_Pathways_2024,Regulation of MECP2 Expression and Activity,1/31,1.82e-02,2.94e-02,54.6,62.5,HDAC1
Hub genes (10),Reactome_Pathways_2024,Signaling by CSF1 (M-CSF) in Myeloid Cells,1/31,1.82e-02,2.94e-02,54.6,62.5,STAT3
Hub genes (10),Reactome_Pathways_2024,Trafficking of AMPA Receptors,1/31,1.82e-02,2.94e-02,54.6,62.5,MDM2
Hub genes (10),Reactome_Pathways_2024,Transcriptional Regulation by NPAS4,1/31,1.82e-02,2.94e-02,54.6,62.5,MDM2
Hub genes (10),Reactome_Pathways_2024,Formation of the Beta-Catenin TCF Transactivating Complex,1/32,1.88e-02,3.00e-02,52.8,60.5,HDAC1
Hub genes (10),Reactome_Pathways_2024,RAF Activation,1/32,1.88e-02,3.00e-02,52.8,60.5,JAK2
Hub genes (10),Reactome_Pathways_2024,HDACs Deacetylate Histones,1/33,1.93e-02,3.05e-02,51.2,58.6,HDAC1
Hub genes (10),Reactome_Pathways_2024,Oncogene Induced Senescence,1/33,1.93e-02,3.05e-02,51.2,58.6,MDM2
Hub genes (10),Reactome_Pathways_2024,Regulation of TP53 Degradation,1/34,1.99e-02,3.11e-02,49.7,56.8,MDM2
Hub genes (10),Reactome_Pathways_2024,SMAD2 SMAD3 SMAD4 Heterotrimer Regulates Transcription,1/34,1.99e-02,3.11e-02,49.7,56.8,HDAC1
Hub genes (10),Reactome_Pathways_2024,Regulation of TP53 Expression and Degradation,1/35,2.05e-02,3.16e-02,48.3,55.1,MDM2
Hub genes (10),Reactome_Pathways_2024,Transcriptional Regulation by the AP-2 (TFAP2) Family of Transcription Factors,1/35,2.05e-02,3.16e-02,48.3,55.1,ERBB2
Hub genes (10),Reactome_Pathways_2024,Signaling by FGFR1 in Disease,1/36,2.11e-02,3.23e-02,47.0,53.5,STAT3
Hub genes (10),Reactome_Pathways_2024,RUNX1 Regulates Genes Involved in Megakaryocyte Differentiation and Platelet Function,1/37,2.17e-02,3.31e-02,45.7,52.1,HDAC1
Hub genes (10),Reactome_Pathways_2024,Regulation of Endogenous Retroelements by Piwi-interacting RNAs (piRNAs),1/38,2.23e-02,3.36e-02,44.5,50.6,HDAC1
Hub genes (10),Reactome_Pathways_2024,Signaling by RAF1 Mutants,1/38,2.23e-02,3.36e-02,44.5,50.6,JAK2
Hub genes (10),Reactome_Pathways_2024,MET Promotes Cell Motility,1/39,2.28e-02,3.42e-02,43.4,49.3,HGF
Hub genes (10),Reactome_Pathways_2024,Transcriptional and Post-Translational Regulation of MITF-M Expression and Activity,1/40,2.34e-02,3.49e-02,42.3,48.0,HDAC1
Hub genes (10),Reactome_Pathways_2024,RNA Polymerase I Transcription Initiation,1/41,2.40e-02,3.51e-02,41.2,46.8,HDAC1
Hub genes (10),Reactome_Pathways_2024,Stabilization of P53,1/41,2.40e-02,3.51e-02,41.2,46.8,MDM2
Hub genes (10),Reactome_Pathways_2024,Deactivation of the Beta-Catenin Transactivating Complex,1/42,2.46e-02,3.51e-02,40.3,45.7,HDAC1
Hub genes (10),Reactome_Pathways_2024,Paradoxical Activation of RAF Signaling by Kinase Inactive BRAF,1/42,2.46e-02,3.51e-02,40.3,45.7,JAK2
Hub genes (10),Reactome_Pathways_2024,Regulation of RUNX3 Expression and Activity,1/42,2.46e-02,3.51e-02,40.3,45.7,MDM2
Hub genes (10),Reactome_Pathways_2024,Signaling by RAS Mutants,1/42,2.46e-02,3.51e-02,40.3,45.7,JAK2
Hub genes (10),Reactome_Pathways_2024,Signaling by Moderate Kinase Activity BRAF Mutants,1/42,2.46e-02,3.51e-02,40.3,45.7,JAK2
Hub genes (10),Reactome_Pathways_2024,Signaling Downstream of RAS Mutants,1/42,2.46e-02,3.51e-02,40.3,45.7,JAK2
Hub genes (10),Reactome_Pathways_2024,NoRC Negatively Regulates rRNA Expression,1/43,2.51e-02,3.54e-02,39.3,44.6,HDAC1
Hub genes (10),Reactome_Pathways_2024,Positive Epigenetic Regulation of rRNA Expression,1/43,2.51e-02,3.54e-02,39.3,44.6,HDAC1
Hub genes (10),Reactome_Pathways_2024,Regulation of Endogenous Retroelements by KRAB-ZFP Proteins,1/43,2.51e-02,3.54e-02,39.3,44.6,HDAC1
Hub genes (10),Reactome_Pathways_2024,NOTCH1 Intracellular Domain Regulates Transcription,1/45,2.63e-02,3.68e-02,37.6,42.6,HDAC1
Hub genes (10),Reactome_Pathways_2024,Negative Epigenetic Regulation of rRNA Expression,1/46,2.69e-02,3.72e-02,36.8,41.6,HDAC1
Hub genes (10),Reactome_Pathways_2024,RNA Polymerase I Promoter Clearance,1/46,2.69e-02,3.72e-02,36.8,41.6,HDAC1
Hub genes (10),Reactome_Pathways_2024,Cyclin D Associated Events in G1,1/47,2.75e-02,3.75e-02,36.0,40.7,JAK2
Hub genes (10),Reactome_Pathways_2024,G1 Phase,1/47,2.75e-02,3.75e-02,36.0,40.7,JAK2
Hub genes (10),Reactome_Pathways_2024,RNA Polymerase I Transcription,1/47,2.75e-02,3.75e-02,36.0,40.7,HDAC1
Hub genes (10),Reactome_Pathways_2024,"Cell Cycle, Mitotic",2/455,2.82e-02,3.83e-02,7.4,9.1,HDAC1;JAK2
Hub genes (10),Reactome_Pathways_2024,Signaling by ERBB2,1/49,2.86e-02,3.85e-02,34.5,39.0,ERBB2
Hub genes (10),Reactome_Pathways_2024,Transcriptional Activity of SMAD2 SMAD3 SMAD4 Heterotrimer,1/49,2.86e-02,3.85e-02,34.5,39.0,HDAC1
Hub genes (10),Reactome_Pathways_2024,IRS-related Events Triggered by IGF1R,1/50,2.92e-02,3.85e-02,33.8,38.2,IGF1R
Hub genes (10),Reactome_Pathways_2024,SUMOylation of Chromatin Organization Proteins,1/50,2.92e-02,3.85e-02,33.8,38.2,HDAC1
Hub genes (10),Reactome_Pathways_2024,p53-Dependent G1 DNA Damage Response,1/50,2.92e-02,3.85e-02,33.8,38.2,MDM2
Hub genes (10),Reactome_Pathways_2024,p53-Dependent G1 S DNA Damage Checkpoint,1/50,2.92e-02,3.85e-02,33.8,38.2,MDM2
Hub genes (10),Reactome_Pathways_2024,IGF1R Signaling Cascade,1/51,2.98e-02,3.91e-02,33.2,37.4,IGF1R
Hub genes (10),Reactome_Pathways_2024,G1 S DNA Damage Checkpoints,1/52,3.03e-02,3.94e-02,32.5,36.7,MDM2
Hub genes (10),Reactome_Pathways_2024,Signaling by Type 1 Insulin-like Growth Factor 1 Receptor (IGF1R),1/52,3.03e-02,3.94e-02,32.5,36.7,IGF1R
Hub genes (10),Reactome_Pathways_2024,Cytoprotection by HMOX1,1/53,3.09e-02,3.94e-02,31.9,36.0,STAT3
Hub genes (10),Reactome_Pathways_2024,Intrinsic Pathway for Apoptosis,1/53,3.09e-02,3.94e-02,31.9,36.0,STAT3
Hub genes (10),Reactome_Pathways_2024,Senescence-Associated Secretory Phenotype (SASP),1/53,3.09e-02,3.94e-02,31.9,36.0,STAT3
Hub genes (10),Reactome_Pathways_2024,Constitutive Signaling by NOTCH1 HD+PEST Domain Mutants,1/54,3.15e-02,3.94e-02,31.3,35.3,HDAC1
Hub genes (10),Reactome_Pathways_2024,Constitutive Signaling by NOTCH1 PEST Domain Mutants,1/54,3.15e-02,3.94e-02,31.3,35.3,HDAC1
Hub genes (10),Reactome_Pathways_2024,Signaling by NOTCH1 HD+PEST Domain Mutants in Cancer,1/54,3.15e-02,3.94e-02,31.3,35.3,HDAC1
Hub genes (10),Reactome_Pathways_2024,Signaling by NOTCH1 PEST Domain Mutants in Cancer,1/54,3.15e-02,3.94e-02,31.3,35.3,HDAC1
Hub genes (10),Reactome_Pathways_2024,Signaling by NOTCH1 in Cancer,1/54,3.15e-02,3.94e-02,31.3,35.3,HDAC1
Hub genes (10),Reactome_Pathways_2024,Signaling by PDGF,1/57,3.32e-02,4.14e-02,29.7,33.4,STAT3
Hub genes (10),Reactome_Pathways_2024,Signaling by BRAF and RAF1 Fusions,1/59,3.44e-02,4.24e-02,28.7,32.3,JAK2
Hub genes (10),Reactome_Pathways_2024,Transcriptional Regulation by MECP2,1/59,3.44e-02,4.24e-02,28.7,32.3,HDAC1
Hub genes (10),Reactome_Pathways_2024,Post-translational Protein Modification,3/1283,3.49e-02,4.26e-02,4.0,5.2,HDAC1;MDM2;PML
Hub genes (10),Reactome_Pathways_2024,Regulation of PTEN Gene Transcription,1/60,3.49e-02,4.26e-02,28.2,31.7,HDAC1
Hub genes (10),Reactome_Pathways_2024,Signaling by FGFR in Disease,1/60,3.49e-02,4.26e-02,28.2,31.7,STAT3
Hub genes (10),Reactome_Pathways_2024,FOXO-mediated Transcription,1/62,3.61e-02,4.36e-02,27.3,30.7,HDAC1
Hub genes (10),Reactome_Pathways_2024,Semaphorin Interactions,1/62,3.61e-02,4.36e-02,27.3,30.7,ERBB2
Hub genes (10),Reactome_Pathways_2024,Oxidative Stress Induced Senescence,1/64,3.72e-02,4.48e-02,26.4,29.7,MDM2
Hub genes (10),Reactome_Pathways_2024,PKR-mediated Signaling,1/65,3.78e-02,4.52e-02,26.0,29.2,STAT3
Hub genes (10),Reactome_Pathways_2024,ISG15 Antiviral Mechanism,1/66,3.84e-02,4.57e-02,25.6,28.8,JAK1
Hub genes (10),Reactome_Pathways_2024,Degradation of Beta-Catenin by the Destruction Complex,1/68,3.95e-02,4.69e-02,24.9,27.9,HDAC1
Hub genes (10),Reactome_Pathways_2024,HCMV Early Events,1/69,4.01e-02,4.72e-02,24.5,27.5,PML
Hub genes (10),Reactome_Pathways_2024,Signaling by NOTCH1,1/69,4.01e-02,4.72e-02,24.5,27.5,HDAC1
Hub genes (10),Reactome_Pathways_2024,Extra-nuclear Estrogen Signaling,1/70,4.06e-02,4.76e-02,24.2,27.1,IGF1R
Hub genes (10),Reactome_Pathways_2024,SUMOylation of DNA Damage Response and Repair Proteins,1/71,4.12e-02,4.81e-02,23.8,26.7,PML
Shared DEGs (19),BioCarta_2016,IFN alpha signaling pathway Homo sapiens h ifnaPathway,1/7,7.84e-03,2.66e-02,127.2,156.4,STAT2
Shared DEGs (19),BioCarta_2016,Regulation of transcriptional activity by PML Homo sapiens h pmlPathway,1/11,1.23e-02,2.66e-02,80.9,93.8,PML
Shared DEGs (19),BioCarta_2016,Multiple antiapoptotic pathways from IGF-1R signaling lead to BAD phosphorylation Homo sapiens h igf1rPathway,1/12,1.34e-02,2.66e-02,74.2,85.3,IGF1R
Shared DEGs (19),BioCarta_2016,The IGF-1 Receptor and Longevity Homo sapiens h longevityPathway,1/16,1.78e-02,2.66e-02,55.6,62.5,IGF1R
Shared DEGs (19),BioCarta_2016,IGF-1 Signaling Pathway Homo sapiens h igf1Pathway,1/18,2.00e-02,2.66e-02,49.4,55.1,IGF1R
Shared DEGs (19),BioCarta_2016,mTOR Signaling Pathway Homo sapiens h mTORPathway,1/22,2.44e-02,2.66e-02,40.5,44.6,EIF4B
Shared DEGs (19),BioCarta_2016,Regulation of BAD phosphorylation Homo sapiens h badPathway,1/23,2.55e-02,2.66e-02,38.7,42.6,IGF1R
Shared DEGs (19),BioCarta_2016,Skeletal muscle hypertrophy is regulated via AKT/mTOR pathway Homo sapiens h igf1mtorpathway,1/24,2.66e-02,2.66e-02,37.1,40.7,IGF1R
Hub genes (10),BioCarta_2016,Role of ERBB2 in Signal Transduction and Oncology Homo sapiens h her2Pathway,4/27,1.07e-09,5.05e-08,250.5,489.2,ERBB2;JAK1;JAK2;STAT3
Hub genes (10),BioCarta_2016,Stat3 Signaling Pathway Homo sapiens h stat3Pathway,3/8,8.33e-09,1.96e-07,634.2,1448.2,JAK1;JAK2;STAT3
Hub genes (10),BioCarta_2016,IL 6 signaling pathway Homo sapiens h il6Pathway,3/13,4.25e-08,6.65e-07,390.3,723.9,JAK1;JAK2;STAT3
Hub genes (10),BioCarta_2016,IFN gamma signaling pathway  Homo sapiens h ifngPathway,2/5,3.14e-06,3.69e-05,676.4,1408.2,JAK1;JAK2
Hub genes (10),BioCarta_2016,IFN alpha signaling pathway Homo sapiens h ifnaPathway,2/7,6.60e-06,6.20e-05,483.2,844.8,JAK1;STAT2
Hub genes (10),BioCarta_2016,IL22 Soluble Receptor Signaling Pathway  Homo sapiens h il22bppathway,2/11,1.73e-05,1.35e-04,307.5,469.2,JAK1;STAT3
Hub genes (10),BioCarta_2016,Sumoylation by RanBP2 Regulates Transcriptional Repression Homo sapiens h ranbp2Pathway,2/13,2.45e-05,1.64e-04,260.2,383.9,HDAC1;MDM2
Hub genes (10),BioCarta_2016,EGF Signaling Pathway Homo sapiens h egfPathway,2/20,5.95e-05,3.49e-04,169.1,234.5,JAK1;STAT3
Hub genes (10),BioCarta_2016,TPO Signaling Pathway Homo sapiens h TPOPathway,2/22,7.22e-05,3.77e-04,153.7,211.0,JAK2;STAT3
Hub genes (10),BioCarta_2016,PDGF Signaling Pathway Homo sapiens h pdgfPathway,2/24,8.63e-05,4.05e-04,140.9,191.8,JAK1;STAT3
Hub genes (10),BioCarta_2016,Bioactive Peptide Induced Signaling Pathway Homo sapiens h biopeptidesPathway,2/33,1.65e-04,7.03e-04,102.5,136.0,JAK2;STAT3
Hub genes (10),BioCarta_2016,NO2-dependent IL 12 Pathway in NK cells Homo sapiens h no2il12Pathway,1/9,5.31e-03,1.60e-02,187.9,234.6,JAK2
Hub genes (10),BioCarta_2016,Overview of telomerase protein component gene hTert Transcriptional Regulation  Homo sapiens h tertpathway,1/10,5.90e-03,1.60e-02,169.1,208.5,HDAC1
Hub genes (10),BioCarta_2016,EPO Signaling Pathway Homo sapiens h epoPathway,1/11,6.49e-03,1.60e-02,153.7,187.7,JAK2
Hub genes (10),BioCarta_2016,Regulation of transcriptional activity by PML Homo sapiens h pmlPathway,1/11,6.49e-03,1.60e-02,153.7,187.7,PML
Hub genes (10),BioCarta_2016,The PRC2 Complex Sets Long-term Gene Silencing Through Modification of Histone Tails Homo sapiens h prc2Pathway,1/11,6.49e-03,1.60e-02,153.7,187.7,HDAC1
Hub genes (10),BioCarta_2016,IL-10 Anti-inflammatory Signaling Pathway Homo sapiens h il10Pathway,1/12,7.08e-03,1.60e-02,140.9,170.6,JAK1
Hub genes (10),BioCarta_2016,IL 4 signaling pathway Homo sapiens h il4Pathway,1/12,7.08e-03,1.60e-02,140.9,170.6,JAK1
Hub genes (10),BioCarta_2016,Multiple antiapoptotic pathways from IGF-1R signaling lead to BAD phosphorylation Homo sapiens h igf1rPathway,1/12,7.08e-03,1.60e-02,140.9,170.6,IGF1R
Hub genes (10),BioCarta_2016,IL 3 signaling pathway Homo sapiens h il3Pathway,1/12,7.08e-03,1.60e-02,140.9,170.6,JAK2
Hub genes (10),BioCarta_2016,Erythropoietin mediated neuroprotection through NF-kB Homo sapiens h eponfkbPathway,1/13,7.66e-03,1.60e-02,130.1,156.4,JAK2
Hub genes (10),BioCarta_2016,p53 Signaling Pathway Homo sapiens h p53Pathway,1/13,7.66e-03,1.60e-02,130.1,156.4,MDM2
Hub genes (10),BioCarta_2016,IL12 and Stat4 Dependent Signaling Pathway in Th1 Development Homo sapiens h IL12Pathway,1/14,8.25e-03,1.60e-02,120.8,144.3,JAK2
Hub genes (10),BioCarta_2016,IL 2 signaling pathway Homo sapiens h il2Pathway,1/14,8.25e-03,1.60e-02,120.8,144.3,JAK1
Hub genes (10),BioCarta_2016,Chaperones modulate interferon Signaling Pathway Homo sapiens h tidPathway,1/15,8.84e-03,1.60e-02,112.7,134.0,JAK2
Hub genes (10),BioCarta_2016,IL-7 Signal Transduction Homo sapiens h il7Pathway,1/15,8.84e-03,1.60e-02,112.7,134.0,JAK1
Hub genes (10),BioCarta_2016,The IGF-1 Receptor and Longevity Homo sapiens h longevityPathway,1/16,9.42e-03,1.64e-02,105.7,125.1,IGF1R
Hub genes (10),BioCarta_2016,ATM Signaling Pathway Homo sapiens h atmPathway,1/17,1.00e-02,1.66e-02,99.5,117.3,MDM2
Hub genes (10),BioCarta_2016,IGF-1 Signaling Pathway Homo sapiens h igf1Pathway,1/18,1.06e-02,1.66e-02,94.0,110.4,IGF1R
Hub genes (10),BioCarta_2016,Downregulated of MTA-3 in ER-negative Breast Tumors Homo sapiens h mta3Pathway,1/18,1.06e-02,1.66e-02,94.0,110.4,HDAC1
Hub genes (10),BioCarta_2016,Hypoxia and p53 in the Cardiovascular system Homo sapiens h p53hypoxiaPathway,1/19,1.12e-02,1.66e-02,89.0,104.2,MDM2
Hub genes (10),BioCarta_2016,Growth Hormone Signaling Pathway Homo sapiens h ghPathway,1/20,1.18e-02,1.66e-02,84.6,98.7,JAK2
Hub genes (10),BioCarta_2016,Tumor Suppressor Arf Inhibits Ribosomal Biogenesis Homo sapiens h arfPathway,1/20,1.18e-02,1.66e-02,84.6,98.7,MDM2
Hub genes (10),BioCarta_2016,Inhibition of Cellular Proliferation by Gleevec Homo sapiens h gleevecpathway,1/21,1.24e-02,1.66e-02,80.5,93.8,JAK2
Hub genes (10),BioCarta_2016,Erk1/Erk2 Mapk Signaling pathway Homo sapiens h erkPathway,1/21,1.24e-02,1.66e-02,80.5,93.8,STAT3
Hub genes (10),BioCarta_2016,Cell Cycle: G2/M Checkpoint Homo sapiens h g2Pathway,1/22,1.29e-02,1.67e-02,76.9,89.3,MDM2
Hub genes (10),BioCarta_2016,CTCF: First Multivalent Nuclear Factor Homo sapiens h ctcfPathway,1/23,1.35e-02,1.67e-02,73.5,85.2,MDM2
Hub genes (10),BioCarta_2016,Regulation of BAD phosphorylation Homo sapiens h badPathway,1/23,1.35e-02,1.67e-02,73.5,85.2,IGF1R
Hub genes (10),BioCarta_2016,Skeletal muscle hypertrophy is regulated via AKT/mTOR pathway Homo sapiens h igf1mtorpathway,1/24,1.41e-02,1.69e-02,70.5,81.5,IGF1R
Hub genes (10),BioCarta_2016,Multi-step Regulation of Transcription by Pitx2 Homo sapiens h pitx2Pathway,1/25,1.47e-02,1.69e-02,67.6,78.1,HDAC1
Hub genes (10),BioCarta_2016,Role of MEF2D in T-cell Apoptosis Homo sapiens h mef2dPathway,1/26,1.53e-02,1.69e-02,65.0,75.0,HDAC1
Hub genes (10),BioCarta_2016,Cell Cycle: G1/S Check Point  Homo sapiens h g1Pathway,1/26,1.53e-02,1.69e-02,65.0,75.0,HDAC1
Hub genes (10),BioCarta_2016,Control of Gene Expression by Vitamin D Receptor Homo sapiens h vdrPathway,1/27,1.59e-02,1.69e-02,62.6,72.1,HDAC1
Hub genes (10),BioCarta_2016,WNT Signaling Pathway Homo sapiens h wntPathway,1/27,1.59e-02,1.69e-02,62.6,72.1,HDAC1
Hub genes (10),BioCarta_2016,Trefoil Factors Initiate  Mucosal Healing Homo sapiens h tffPathway,1/35,2.05e-02,2.14e-02,48.3,55.1,ERBB2
Hub genes (10),BioCarta_2016,IL-2 Receptor Beta Chain in T cell Activation Homo sapiens h il2rbPathway,1/48,2.80e-02,2.86e-02,35.2,39.8,JAK1
Hub genes (10),BioCarta_2016,HIV-1 Nef: negative effector of Fas and TNF Homo sapiens h HivnefPathway,1/52,3.03e-02,3.03e-02,32.5,36.7,MDM2
Hub genes (10),BioPlanet_2019,Pathways in cancer,8/309,4.95e-13,1.17e-10,43.8,220.6,ERBB2;HDAC1;HGF;IGF1R;JAK1;MDM2;PML;STAT3
Hub genes (10),BioPlanet_2019,Interleukin-27-mediated signaling events,4/26,9.16e-10,1.08e-07,260.2,511.5,JAK1;JAK2;STAT2;STAT3
Hub genes (10),BioPlanet_2019,"Immune system signaling by interferons, interleukins, prolactin, and growth hormones",6/246,1.78e-09,1.40e-07,41.2,104.1,HGF;JAK1;JAK2;PML;STAT2;STAT3
Hub genes (10),BioPlanet_2019,Leptin signaling pathway,4/59,2.76e-08,1.40e-06,114.7,204.2,ERBB2;JAK1;JAK2;STAT3
Hub genes (10),BioPlanet_2019,Thyroid-stimulating hormone signaling pathway,4/60,2.96e-08,1.40e-06,112.7,200.5,IGF1R;JAK1;JAK2;STAT3
Hub genes (10),BioPlanet_2019,Interleukin-22 soluble receptor signaling pathway,3/13,4.25e-08,1.67e-06,390.3,723.9,JAK1;JAK2;STAT3
Hub genes (10),BioPlanet_2019,Interleukin-6 signaling pathway,4/69,5.23e-08,1.76e-06,98.0,172.7,HDAC1;JAK1;JAK2;STAT3
Hub genes (10),BioPlanet_2019,Prolactin activation of MAPK signaling,4/73,6.58e-08,1.93e-06,92.7,162.6,ERBB2;JAK1;JAK2;STAT3
Hub genes (10),BioPlanet_2019,Interferon-gamma signaling pathway,4/77,8.17e-08,1.93e-06,87.8,153.7,JAK1;JAK2;PML;STAT3
Hub genes (10),BioPlanet_2019,Immune system,7/848,8.18e-08,1.93e-06,14.0,44.6,HGF;JAK1;JAK2;MDM2;PML;STAT2;STAT3
Hub genes (10),BioPlanet_2019,STAT3 pathway,3/19,1.44e-07,3.08e-06,267.0,452.3,JAK1;JAK2;STAT3
Hub genes (10),BioPlanet_2019,Signaling by interleukins,4/106,2.97e-07,5.85e-06,63.8,109.8,HGF;JAK1;JAK2;STAT3
Hub genes (10),BioPlanet_2019,EGF/EGFR signaling pathway,4/138,8.58e-07,1.45e-05,49.0,83.4,ERBB2;JAK1;JAK2;STAT3
Hub genes (10),BioPlanet_2019,Interferon signaling,4/138,8.58e-07,1.45e-05,49.0,83.4,JAK1;JAK2;PML;STAT2
Hub genes (10),BioPlanet_2019,Interleukin-7 signaling pathway,3/35,9.65e-07,1.46e-05,145.0,225.9,HGF;JAK1;STAT3
Hub genes (10),BioPlanet_2019,Integrated breast cancer pathway,4/143,9.90e-07,1.46e-05,47.3,80.4,HDAC1;JAK1;MDM2;PML
Hub genes (10),BioPlanet_2019,Signaling events mediated by T cell protein tyrosine phosphatase (TC-PTP),3/37,1.14e-06,1.59e-05,137.1,212.6,HGF;JAK1;STAT3
Hub genes (10),BioPlanet_2019,ERBB4 signaling events,3/38,1.24e-06,1.63e-05,133.5,206.5,ERBB2;JAK2;MDM2
Hub genes (10),BioPlanet_2019,Type II interferon signaling (interferon-gamma),3/40,1.45e-06,1.81e-05,126.8,195.3,JAK1;JAK2;STAT2
Hub genes (10),BioPlanet_2019,ERBB2/ERBB3 signaling events,3/43,1.81e-06,2.04e-05,118.0,180.7,ERBB2;JAK2;STAT3
Hub genes (10),BioPlanet_2019,HES/HEY pathway,3/43,1.81e-06,2.04e-05,118.0,180.7,HDAC1;JAK2;STAT3
Hub genes (10),BioPlanet_2019,Interleukin-3 signaling pathway,3/44,1.95e-06,2.09e-05,115.3,176.2,JAK1;JAK2;STAT3
Hub genes (10),BioPlanet_2019,Interleukin-5 signaling pathway,3/45,2.09e-06,2.14e-05,112.7,172.0,JAK1;JAK2;STAT3
Hub genes (10),BioPlanet_2019,TGF-beta signaling pathway,4/175,2.22e-06,2.18e-05,38.7,65.2,HDAC1;JAK1;PML;STAT3
Hub genes (10),BioPlanet_2019,Jak-STAT signaling pathway,4/182,2.59e-06,2.45e-05,37.2,62.6,JAK1;JAK2;STAT2;STAT3
Hub genes (10),BioPlanet_2019,SHP2 signaling,3/52,3.24e-06,2.94e-05,97.6,147.4,IGF1R;JAK1;JAK2
Hub genes (10),BioPlanet_2019,Melanoma,3/67,6.99e-06,5.89e-05,75.7,112.7,HGF;IGF1R;MDM2
Hub genes (10),BioPlanet_2019,Pancreatic cancer,3/67,6.99e-06,5.89e-05,75.7,112.7,ERBB2;JAK1;STAT3
Hub genes (10),BioPlanet_2019,Interferon-alpha signaling pathway,2/8,8.80e-06,7.16e-05,422.8,704.0,JAK1;STAT2
Hub genes (10),BioPlanet_2019,p73 transcription factor network,3/75,9.83e-06,7.73e-05,67.6,100.2,JAK1;MDM2;PML
Hub genes (10),BioPlanet_2019,Signaling by SCF-KIT,3/77,1.06e-05,8.10e-05,65.9,97.5,JAK2;MDM2;STAT3
Hub genes (10),BioPlanet_2019,"cAMP receptor, G-protein-independent pathways inferred from amoeba model",2/9,1.13e-05,8.34e-05,375.8,603.4,STAT2;STAT3
Hub genes (10),BioPlanet_2019,Prostate cancer,3/84,1.38e-05,9.89e-05,60.4,89.0,ERBB2;IGF1R;MDM2
Hub genes (10),BioPlanet_2019,"Androgen receptor signaling, proteolysis, and transcription regulation",3/85,1.43e-05,9.95e-05,59.7,87.9,HDAC1;MDM2;STAT3
Hub genes (10),BioPlanet_2019,Interleukin-4 signaling pathway,3/96,2.07e-05,1.39e-04,52.8,77.5,JAK1;JAK2;STAT3
Hub genes (10),BioPlanet_2019,CXCR4 signaling pathway,3/105,2.70e-05,1.77e-04,48.3,70.6,JAK2;STAT2;STAT3
Hub genes (10),BioPlanet_2019,Interferon gamma signaling regulation,2/14,2.85e-05,1.82e-04,241.6,351.9,JAK1;JAK2
Hub genes (10),BioPlanet_2019,Interleukin-10 anti-inflammatory signaling pathway,2/15,3.29e-05,2.04e-04,225.5,324.8,JAK1;STAT3
Hub genes (10),BioPlanet_2019,Notch signaling pathway,3/115,3.55e-05,2.15e-04,44.1,64.2,HDAC1;JAK2;STAT3
Hub genes (10),BioPlanet_2019,Interleukin-9 signaling pathway,2/16,3.76e-05,2.16e-04,211.4,301.6,JAK1;STAT3
Hub genes (10),BioPlanet_2019,SUMOylation by RanBP2 regulates transcriptional repression,2/16,3.76e-05,2.16e-04,211.4,301.6,HDAC1;MDM2
Hub genes (10),BioPlanet_2019,p53 signaling pathway,3/130,5.12e-05,2.88e-04,39.0,56.6,HGF;MDM2;PML
Hub genes (10),BioPlanet_2019,Interferon alpha signaling regulation,2/19,5.35e-05,2.94e-04,178.0,248.3,JAK1;STAT2
Hub genes (10),BioPlanet_2019,TPO signaling pathway,2/23,7.91e-05,4.24e-04,147.1,201.0,JAK2;STAT3
Hub genes (10),BioPlanet_2019,ERBB2 role in signal transduction and oncology,2/25,9.37e-05,4.92e-04,135.3,183.5,ERBB2;STAT3
Hub genes (10),BioPlanet_2019,Chemokine signaling pathway,3/172,1.18e-04,5.80e-04,29.5,42.4,JAK2;STAT2;STAT3
Hub genes (10),BioPlanet_2019,Interleukin receptor SHC signaling,2/28,1.18e-04,5.80e-04,120.8,162.3,JAK1;JAK2
Hub genes (10),BioPlanet_2019,PDGFA signaling pathway,2/28,1.18e-04,5.80e-04,120.8,162.3,JAK1;STAT3
Hub genes (10),BioPlanet_2019,Endocytosis,3/180,1.35e-04,6.49e-04,28.2,40.5,IGF1R;MDM2;PML
Hub genes (10),BioPlanet_2019,EPO receptor signaling,2/32,1.55e-04,7.30e-04,105.7,140.6,JAK2;STAT3
Hub genes (10),BioPlanet_2019,GM-CSF-mediated signaling events,2/34,1.75e-04,7.93e-04,99.5,131.8,JAK2;STAT3
Hub genes (10),BioPlanet_2019,Signaling of hepatocyte growth factor receptor,2/34,1.75e-04,7.93e-04,99.5,131.8,HGF;STAT3
Hub genes (10),BioPlanet_2019,Integrated cancer pathway,2/35,1.85e-04,8.10e-04,96.6,127.8,JAK1;MDM2
Hub genes (10),BioPlanet_2019,Interleukin-23-mediated signaling events,2/35,1.85e-04,8.10e-04,96.6,127.8,JAK2;STAT3
Hub genes (10),BioPlanet_2019,Bioactive peptide-induced signaling pathway,2/38,2.19e-04,9.22e-04,89.0,117.1,JAK2;STAT3
Hub genes (10),BioPlanet_2019,Focal adhesion,3/214,2.25e-04,9.22e-04,23.7,33.9,ERBB2;HGF;IGF1R
Hub genes (10),BioPlanet_2019,Signaling by NGF,3/214,2.25e-04,9.22e-04,23.7,33.9,HDAC1;MDM2;STAT3
Hub genes (10),BioPlanet_2019,Bladder cancer,2/39,2.31e-04,9.22e-04,86.7,113.9,ERBB2;MDM2
Hub genes (10),BioPlanet_2019,Growth hormone receptor signaling,2/39,2.31e-04,9.22e-04,86.7,113.9,JAK2;STAT3
Hub genes (10),BioPlanet_2019,Interleukin-12/STAT4 pathway,2/40,2.43e-04,9.54e-04,84.6,110.9,JAK2;STAT3
Hub genes (10),BioPlanet_2019,PI3K events in ERBB2 signaling,2/44,2.94e-04,1.12e-03,76.9,100.4,ERBB2;MDM2
Hub genes (10),BioPlanet_2019,Type I interferon (interferon-alpha/beta) pathway,2/44,2.94e-04,1.12e-03,76.9,100.4,JAK1;STAT2
Hub genes (10),BioPlanet_2019,"Interleukin-3, interleukin-5, and GM-CSF signaling",2/45,3.07e-04,1.15e-03,75.2,98.0,JAK1;JAK2
Hub genes (10),BioPlanet_2019,Signaling events mediated by PTP1B,2/49,3.65e-04,1.34e-03,69.0,89.6,JAK2;STAT3
Hub genes (10),BioPlanet_2019,Androgen receptor regulation of biosynthesis and transcription,2/51,3.95e-04,1.41e-03,66.3,86.0,HDAC1;MDM2
Hub genes (10),BioPlanet_2019,Signaling events mediated by stem cell factor receptor (c-Kit),2/51,3.95e-04,1.41e-03,66.3,86.0,JAK2;STAT3
Hub genes (10),BioPlanet_2019,Interferon alpha/beta signaling,2/52,4.11e-04,1.44e-03,65.0,84.3,JAK1;STAT2
Hub genes (10),BioPlanet_2019,Acute myeloid leukemia,2/53,4.27e-04,1.44e-03,63.8,82.6,PML;STAT3
Hub genes (10),BioPlanet_2019,Kit receptor signaling pathway,2/53,4.27e-04,1.44e-03,63.8,82.6,JAK2;STAT3
Hub genes (10),BioPlanet_2019,TAp63 pathway,2/53,4.27e-04,1.44e-03,63.8,82.6,MDM2;PML
Hub genes (10),BioPlanet_2019,Interleukin-12-mediated signaling events,2/56,4.76e-04,1.58e-03,60.4,78.0,JAK2;STAT3
Hub genes (10),BioPlanet_2019,FGF signaling pathway,2/58,5.11e-04,1.68e-03,58.3,75.2,HGF;STAT3
Hub genes (10),BioPlanet_2019,Leishmaniasis,2/59,5.29e-04,1.71e-03,57.3,73.9,JAK1;JAK2
Hub genes (10),BioPlanet_2019,ERK1/ERK2 MAPK pathway,2/60,5.47e-04,1.72e-03,56.4,72.6,IGF1R;STAT3
Hub genes (10),BioPlanet_2019,Glioma,2/60,5.47e-04,1.72e-03,56.4,72.6,IGF1R;MDM2
Hub genes (10),BioPlanet_2019,Myc repressed pathway,2/61,5.65e-04,1.76e-03,55.4,71.4,ERBB2;HDAC1
Hub genes (10),BioPlanet_2019,Retinoblastoma protein regulation,2/64,6.22e-04,1.91e-03,52.8,67.9,HDAC1;MDM2
Hub genes (10),BioPlanet_2019,Adherens junction cell adhesion,2/65,6.42e-04,1.92e-03,52.0,66.8,ERBB2;IGF1R
Hub genes (10),BioPlanet_2019,Adipocytokine signaling pathway,2/65,6.42e-04,1.92e-03,52.0,66.8,JAK2;STAT3
Hub genes (10),BioPlanet_2019,MicroRNA regulation of DNA damage response,2/66,6.62e-04,1.95e-03,51.2,65.8,MDM2;PML
Hub genes (10),BioPlanet_2019,Signaling events mediated by HDAC class I,2/68,7.02e-04,2.05e-03,49.7,63.8,HDAC1;STAT3
Hub genes (10),BioPlanet_2019,Chronic myeloid leukemia,2/70,7.44e-04,2.14e-03,48.3,61.9,HDAC1;MDM2
Hub genes (10),BioPlanet_2019,Signal transduction,4/788,7.84e-04,2.23e-03,8.6,13.7,ERBB2;HDAC1;JAK2;MDM2
Hub genes (10),BioPlanet_2019,Regular glucocorticoid receptor pathway,2/77,8.99e-04,2.53e-03,43.9,56.1,HDAC1;MDM2
Hub genes (10),BioPlanet_2019,ATM-dependent DNA damage response,2/79,9.46e-04,2.60e-03,42.8,54.6,ERBB2;MDM2
Hub genes (10),BioPlanet_2019,MicroRNAs in cardiomyocyte hypertrophy,2/79,9.46e-04,2.60e-03,42.8,54.6,IGF1R;STAT3
Hub genes (10),BioPlanet_2019,Senescence and autophagy,2/88,1.17e-03,3.18e-03,38.4,48.9,IGF1R;MDM2
Hub genes (10),BioPlanet_2019,ERBB signaling pathway,2/90,1.23e-03,3.29e-03,37.6,47.8,ERBB2;MDM2
Hub genes (10),BioPlanet_2019,Signaling by ERBB4,2/91,1.25e-03,3.32e-03,37.2,47.2,JAK2;MDM2
Hub genes (10),BioPlanet_2019,Signaling by ERBB2,2/99,1.48e-03,3.88e-03,34.2,43.3,ERBB2;MDM2
Hub genes (10),BioPlanet_2019,Factors involved in megakaryocyte development and platelet production,2/110,1.82e-03,4.70e-03,30.7,38.9,HDAC1;JAK2
Hub genes (10),BioPlanet_2019,Hemostasis pathway,3/440,1.83e-03,4.70e-03,11.5,16.1,HDAC1;HGF;JAK2
Hub genes (10),BioPlanet_2019,Signaling by PDGF,2/118,2.09e-03,5.31e-03,28.7,36.2,MDM2;STAT3
Hub genes (10),BioPlanet_2019,PDGFB signaling pathway,2/122,2.24e-03,5.59e-03,27.7,35.0,JAK2;STAT3
Hub genes (10),BioPlanet_2019,Adipogenesis,2/123,2.27e-03,5.59e-03,27.5,34.7,STAT2;STAT3
Hub genes (10),BioPlanet_2019,Signaling by FGFR in disease,2/123,2.27e-03,5.59e-03,27.5,34.7,MDM2;STAT3
Hub genes (10),BioPlanet_2019,Ubiquitin-mediated proteolysis,2/125,2.35e-03,5.71e-03,27.1,34.1,MDM2;PML
Hub genes (10),BioPlanet_2019,NGF signaling via TRKA from the plasma membrane,2/131,2.57e-03,6.20e-03,25.8,32.5,MDM2;STAT3
Hub genes (10),BioPlanet_2019,GRB7 events in ERBB2 signaling,1/5,2.95e-03,7.04e-03,338.2,469.4,ERBB2
Hub genes (10),BioPlanet_2019,Cell cycle negative regulation by p75 neurotrophin receptor,1/6,3.54e-03,8.36e-03,281.8,375.5,HDAC1
Hub genes (10),BioPlanet_2019,Transcription factor regulation of microRNAs related to cardiac hypertrophy,1/8,4.72e-03,1.10e-02,211.4,268.2,STAT3
Hub genes (10),BioPlanet_2019,Erythropoietin-mediated neuroprotection through NF-kB,1/11,6.49e-03,1.49e-02,153.7,187.7,JAK2
Hub genes (10),BioPlanet_2019,Telomerase protein component gene hTERT transcriptional regulation,1/11,6.49e-03,1.49e-02,153.7,187.7,HDAC1
Hub genes (10),BioPlanet_2019,PRC2 complex long-term gene silencing through modification of histone tails,1/12,7.08e-03,1.61e-02,140.9,170.6,HDAC1
Hub genes (10),BioPlanet_2019,Downregulation of ERBB2-ERBB3 signaling,1/13,7.66e-03,1.72e-02,130.1,156.4,ERBB2
Hub genes (10),BioPlanet_2019,Apoptosis,2/230,7.71e-03,1.72e-02,14.7,18.3,IGF1R;MDM2
Hub genes (10),BioPlanet_2019,AKT phosphorylation of cytosolic targets,1/14,8.25e-03,1.80e-02,120.8,144.3,MDM2
Hub genes (10),BioPlanet_2019,Prolactin receptor signaling pathway,1/14,8.25e-03,1.80e-02,120.8,144.3,JAK2
Hub genes (10),BioPlanet_2019,Downregulation of MTA-3 in ER-negative breast tumors,1/15,8.84e-03,1.90e-02,112.7,134.0,HDAC1
Hub genes (10),BioPlanet_2019,Mechanisms of transcriptional repression by DNA methylation,1/15,8.84e-03,1.90e-02,112.7,134.0,HDAC1
Hub genes (10),BioPlanet_2019,Interleukin-2 signaling pathway,3/788,9.46e-03,2.01e-02,6.4,8.8,JAK1;JAK2;STAT3
Hub genes (10),BioPlanet_2019,Cell differentiation pathway,1/17,1.00e-02,2.07e-02,99.5,117.3,STAT3
Hub genes (10),BioPlanet_2019,NO2-dependent IL-12 pathway in NK cells,1/17,1.00e-02,2.07e-02,99.5,117.3,JAK2
Hub genes (10),BioPlanet_2019,Transcriptional activity regulation by PML,1/17,1.00e-02,2.07e-02,99.5,117.3,PML
Hub genes (10),BioPlanet_2019,Signaling by FGFR1 fusion mutants,1/18,1.06e-02,2.16e-02,94.0,110.4,STAT3
Hub genes (10),BioPlanet_2019,TP53 network,1/18,1.06e-02,2.16e-02,94.0,110.4,MDM2
Hub genes (10),BioPlanet_2019,IGF-1 receptor and longevity,1/19,1.12e-02,2.22e-02,89.0,104.2,IGF1R
Hub genes (10),BioPlanet_2019,IGF1 signaling pathway,1/19,1.12e-02,2.22e-02,89.0,104.2,IGF1R
Hub genes (10),BioPlanet_2019,"Telomeres, telomerase, cellular aging, and immortality",1/19,1.12e-02,2.22e-02,89.0,104.2,IGF1R
Hub genes (10),BioPlanet_2019,Modulation of interferon signaling by chaperones,1/20,1.18e-02,2.30e-02,84.6,98.7,JAK2
Hub genes (10),BioPlanet_2019,Skeletal muscle hypertrophy is regulated via AKT/mTOR pathway,1/20,1.18e-02,2.30e-02,84.6,98.7,IGF1R
Hub genes (10),BioPlanet_2019,Oncostatin M,2/290,1.20e-02,2.33e-02,11.7,14.4,HGF;STAT3
Hub genes (10),BioPlanet_2019,Hypoxia and p53 in the cardiovascular system,1/21,1.24e-02,2.35e-02,80.5,93.8,MDM2
Hub genes (10),BioPlanet_2019,Tumor suppressor Arf inhibits ribosomal biogenesis,1/21,1.24e-02,2.35e-02,80.5,93.8,MDM2
Hub genes (10),BioPlanet_2019,BAD phosphorylation mediated by IGF1R signaling,1/22,1.29e-02,2.44e-02,76.9,89.3,IGF1R
Hub genes (10),BioPlanet_2019,C-Myc pathway,1/23,1.35e-02,2.45e-02,73.5,85.2,PML
Hub genes (10),BioPlanet_2019,Downregulation of SMAD2/3-SMAD4 transcriptional activity,1/23,1.35e-02,2.45e-02,73.5,85.2,HDAC1
Hub genes (10),BioPlanet_2019,Fibroblast growth factor 1,1/23,1.35e-02,2.45e-02,73.5,85.2,IGF1R
Hub genes (10),BioPlanet_2019,Inhibition of cellular proliferation by Gleevec,1/23,1.35e-02,2.45e-02,73.5,85.2,JAK2
Hub genes (10),BioPlanet_2019,Physiological and pathological hypertrophy  of the heart,1/23,1.35e-02,2.45e-02,73.5,85.2,STAT3
Hub genes (10),BioPlanet_2019,IGF1 receptor signaling through beta-arrestin,1/24,1.41e-02,2.52e-02,70.5,81.5,IGF1R
Hub genes (10),BioPlanet_2019,SHC1 events in ERBB2 signaling,1/24,1.41e-02,2.52e-02,70.5,81.5,ERBB2
Hub genes (10),BioPlanet_2019,CARM1 and regulation of the estrogen receptor,1/25,1.47e-02,2.57e-02,67.6,78.1,HDAC1
Hub genes (10),BioPlanet_2019,G0 and early G1 pathway,1/25,1.47e-02,2.57e-02,67.6,78.1,HDAC1
Hub genes (10),BioPlanet_2019,Skeletal myogenesis control by HDAC and calcium/calmodulin-dependent kinase (CaMK),1/25,1.47e-02,2.57e-02,67.6,78.1,IGF1R
Hub genes (10),BioPlanet_2019,Multi-step regulation of transcription by PITX2,1/26,1.53e-02,2.63e-02,65.0,75.0,HDAC1
Hub genes (10),BioPlanet_2019,S1P/S1P3 pathway,1/26,1.53e-02,2.63e-02,65.0,75.0,JAK2
Hub genes (10),BioPlanet_2019,BAD phosphorylation regulation,1/27,1.59e-02,2.64e-02,62.6,72.1,IGF1R
Hub genes (10),BioPlanet_2019,CTCF pathway,1/27,1.59e-02,2.64e-02,62.6,72.1,MDM2
Hub genes (10),BioPlanet_2019,Cell cycle: G2/M checkpoint,1/27,1.59e-02,2.64e-02,62.6,72.1,MDM2
Hub genes (10),BioPlanet_2019,Control of gene expression by vitamin D receptor,1/27,1.59e-02,2.64e-02,62.6,72.1,HDAC1
Hub genes (10),BioPlanet_2019,IGF1 pathway,1/27,1.59e-02,2.64e-02,62.6,72.1,IGF1R
Hub genes (10),BioPlanet_2019,Cell cycle: G1/S checkpoint,1/28,1.64e-02,2.68e-02,60.4,69.4,HDAC1
Hub genes (10),BioPlanet_2019,MEF2D role in T cell apoptosis,1/28,1.64e-02,2.68e-02,60.4,69.4,HDAC1
Hub genes (10),BioPlanet_2019,Retinoic acid receptor-mediated signaling,1/28,1.64e-02,2.68e-02,60.4,69.4,HDAC1
Hub genes (10),BioPlanet_2019,Sema4D in semaphorin signaling,1/29,1.70e-02,2.73e-02,58.3,67.0,ERBB2
Hub genes (10),BioPlanet_2019,Signaling by FGFR1 mutants,1/29,1.70e-02,2.73e-02,58.3,67.0,STAT3
Hub genes (10),BioPlanet_2019,Glutamate binding and activation of AMPA receptors and synaptic plasticity,1/30,1.76e-02,2.79e-02,56.4,64.6,MDM2
Hub genes (10),BioPlanet_2019,Interleukin-2/STAT5 pathway,1/30,1.76e-02,2.79e-02,56.4,64.6,JAK1
Hub genes (10),BioPlanet_2019,Arf6 signal transduction regulation,1/31,1.82e-02,2.86e-02,54.6,62.5,HGF
Hub genes (10),BioPlanet_2019,Interleukin-2/PI3K pathway,1/33,1.93e-02,3.02e-02,51.2,58.6,JAK1
Hub genes (10),BioPlanet_2019,EGF receptor (ErbB1) signaling pathway,1/35,2.05e-02,3.18e-02,48.3,55.1,STAT3
Hub genes (10),BioPlanet_2019,EGFR interaction with phospholipase C-gamma,1/36,2.11e-02,3.21e-02,47.0,53.5,ERBB2
Hub genes (10),BioPlanet_2019,PI3K/AKT activation,1/36,2.11e-02,3.21e-02,47.0,53.5,MDM2
Hub genes (10),BioPlanet_2019,Trefoil factor initiation of mucosal healing,1/36,2.11e-02,3.21e-02,47.0,53.5,ERBB2
Hub genes (10),BioPlanet_2019,TWEAK signaling pathway,1/38,2.23e-02,3.37e-02,44.5,50.6,HDAC1
Hub genes (10),BioPlanet_2019,Cell differentiation by G alpha (i/o) pathway inferred from mouse Neuro2A model,1/39,2.28e-02,3.37e-02,43.4,49.3,STAT3
Hub genes (10),BioPlanet_2019,GAB1 signalosome,1/39,2.28e-02,3.37e-02,43.4,49.3,MDM2
Hub genes (10),BioPlanet_2019,Nuclear signaling by ErbB4,1/39,2.28e-02,3.37e-02,43.4,49.3,JAK2
Hub genes (10),BioPlanet_2019,Urokinase-type plasminogen activator (uPA) and uPAR-mediated signaling,1/39,2.28e-02,3.37e-02,43.4,49.3,HGF
Hub genes (10),BioPlanet_2019,Plasma membrane estrogen receptor signaling,1/40,2.34e-02,3.41e-02,42.3,48.0,IGF1R
Hub genes (10),BioPlanet_2019,Transcriptional activity of SMAD2/SMAD3-SMAD4 heterotrimer,1/40,2.34e-02,3.41e-02,42.3,48.0,HDAC1
Hub genes (10),BioPlanet_2019,Cell cycle,2/421,2.44e-02,3.53e-02,8.0,9.8,HDAC1;MDM2
Hub genes (10),BioPlanet_2019,Gastrin pathway,1/42,2.46e-02,3.54e-02,40.3,45.7,HGF
Hub genes (10),BioPlanet_2019,Post-translational regulation of adherens junction stability and disassembly,1/43,2.51e-02,3.57e-02,39.3,44.6,IGF1R
Hub genes (10),BioPlanet_2019,Signaling by FGFR mutants,1/43,2.51e-02,3.57e-02,39.3,44.6,STAT3
Hub genes (10),BioPlanet_2019,Regulation of transcription by NOTCH1 intracellular domain,1/44,2.57e-02,3.64e-02,38.4,43.6,HDAC1
Hub genes (10),BioPlanet_2019,Alpha-6 beta-1 and alpha-6 beta-4 integrin signaling,1/45,2.63e-02,3.65e-02,37.6,42.6,ERBB2
Hub genes (10),BioPlanet_2019,Delta Np63 pathway,1/45,2.63e-02,3.65e-02,37.6,42.6,MDM2
Hub genes (10),BioPlanet_2019,Syndecan 1 pathway,1/45,2.63e-02,3.65e-02,37.6,42.6,HGF
Hub genes (10),BioPlanet_2019,Energy metabolism,1/46,2.69e-02,3.67e-02,36.8,41.6,HDAC1
Hub genes (10),BioPlanet_2019,Malaria,1/46,2.69e-02,3.67e-02,36.8,41.6,HGF
Hub genes (10),BioPlanet_2019,Presenilin action in Notch and Wnt signaling,1/46,2.69e-02,3.67e-02,36.8,41.6,HDAC1
Hub genes (10),BioPlanet_2019,ATM pathway,1/47,2.75e-02,3.72e-02,36.0,40.7,MDM2
Hub genes (10),BioPlanet_2019,Endometrial cancer,1/50,2.92e-02,3.94e-02,33.8,38.2,ERBB2
Hub genes (10),BioPlanet_2019,Interleukin-2 receptor beta chain in T cell activation,1/51,2.98e-02,3.99e-02,33.2,37.4,JAK1
Hub genes (10),BioPlanet_2019,Non-small cell lung cancer,1/52,3.03e-02,4.04e-02,32.5,36.7,ERBB2
Hub genes (10),BioPlanet_2019,Tryptophan metabolism,1/53,3.09e-02,4.10e-02,31.9,36.0,MDM2
Hub genes (10),BioPlanet_2019,HIV-1 Nef as negative effector of Fas and TNF,1/55,3.21e-02,4.23e-02,30.7,34.7,MDM2
Hub genes (10),BioPlanet_2019,PI3K cascade,1/56,3.26e-02,4.28e-02,30.2,34.0,MDM2
Hub genes (10),BioPlanet_2019,Neurotrophic factor-mediated Trk receptor signaling,1/58,3.38e-02,4.40e-02,29.2,32.8,STAT3
Hub genes (10),BioPlanet_2019,Long-term depression,1/59,3.44e-02,4.45e-02,28.7,32.3,IGF1R
Hub genes (10),BioPlanet_2019,Endochondral ossification,1/62,3.61e-02,4.60e-02,27.3,30.7,IGF1R
Hub genes (10),BioPlanet_2019,Endothelins,1/62,3.61e-02,4.60e-02,27.3,30.7,JAK2
Hub genes (10),BioPlanet_2019,Signaling by TGF-beta receptor complex,1/62,3.61e-02,4.60e-02,27.3,30.7,HDAC1
Hub genes (10),BioPlanet_2019,Validated nuclear estrogen receptor alpha network,1/63,3.66e-02,4.65e-02,26.8,30.2,HDAC1
Hub genes (10),BioPlanet_2019,Antiviral mechanism by interferon-stimulated genes,1/64,3.72e-02,4.65e-02,26.4,29.7,JAK1
Hub genes (10),BioPlanet_2019,Renal cell carcinoma,1/64,3.72e-02,4.65e-02,26.4,29.7,HGF
Hub genes (10),BioPlanet_2019,Semaphorin interactions,1/64,3.72e-02,4.65e-02,26.4,29.7,ERBB2
Hub genes (10),BioPlanet_2019,Telomerase regulation,1/65,3.78e-02,4.69e-02,26.0,29.2,HDAC1
Hub genes (10),BioPlanet_2019,G1 to S cell cycle control,1/66,3.84e-02,4.74e-02,25.6,28.8,MDM2
Hub genes (10),BioPlanet_2019,Rac1 cell motility signaling pathway,1/68,3.95e-02,4.81e-02,24.9,27.9,STAT3
Hub genes (10),BioPlanet_2019,Signaling by NOTCH1,1/68,3.95e-02,4.81e-02,24.9,27.9,HDAC1
Hub genes (10),BioPlanet_2019,T cell receptor regulation of apoptosis,2/547,3.96e-02,4.81e-02,6.2,7.5,ERBB2;HDAC1
Hub genes (10),BioPlanet_2019,Seven transmembrane receptor signaling through beta-arrestin,1/69,4.01e-02,4.85e-02,24.5,27.5,MDM2
Hub genes (10),BioPlanet_2019,Integrins in angiogenesis,1/70,4.06e-02,4.89e-02,24.2,27.1,IGF1R
Hub genes (10),BioPlanet_2019,Apoptosis regulation,1/71,4.12e-02,4.94e-02,23.8,26.7,MDM2
Hub genes (10),BioPlanet_2019,E2F transcription factor network,1/72,4.18e-02,4.98e-02,23.5,26.3,HDAC1
Hub genes (10),DSigDB,curcumin CTD 00000663,7/489,1.80e-09,1.94e-06,24.2,79.5,ERBB2;HDAC1;HGF;IGF1R;JAK2;MDM2;STAT3
Hub genes (10),DSigDB,Arsenenous acid CTD 00000922,8/1167,2.00e-08,1.07e-05,11.6,54.3,ERBB2;HDAC1;HGF;JAK1;JAK2;MDM2;PML;STAT3
Hub genes (10),DSigDB,Capsaicin CTD 00005570,5/190,4.09e-08,1.47e-05,44.5,90.4,ERBB2;IGF1R;JAK1;MDM2;STAT3
Hub genes (10),DSigDB,NVP-TAE684 CTD 00004657,3/16,8.30e-08,1.54e-05,317.1,556.7,ERBB2;HGF;STAT3
Hub genes (10),DSigDB,resveratrol CTD 00002483,8/1416,9.16e-08,1.54e-05,9.6,44.0,ERBB2;HDAC1;HGF;IGF1R;JAK1;MDM2;PML;STAT3
Hub genes (10),DSigDB,Vorinostat BOSS,4/80,9.54e-08,1.54e-05,84.6,147.6,ERBB2;HDAC1;MDM2;STAT3
Hub genes (10),DSigDB,172889-27-9 BOSS,4/81,1.00e-07,1.54e-05,83.5,145.7,ERBB2;JAK2;MDM2;STAT3
Hub genes (10),DSigDB,Erlotinib BOSS,4/89,1.47e-07,1.97e-05,76.0,131.9,ERBB2;IGF1R;JAK2;STAT3
Hub genes (10),DSigDB,podophyllotoxin TTD 00010285,3/24,2.99e-07,3.58e-05,211.4,344.5,JAK2;MDM2;STAT3
Hub genes (10),DSigDB,podophyllotoxin CTD 00006577,3/27,4.32e-07,4.65e-05,187.9,301.4,JAK2;MDM2;STAT3
Hub genes (10),DSigDB,Cladribine CTD 00007175,3/29,5.40e-07,5.01e-05,174.9,278.2,JAK2;MDM2;STAT3
Hub genes (10),DSigDB,Chromium(VI) CTD 00002830,4/124,5.59e-07,5.01e-05,54.6,93.2,ERBB2;HDAC1;IGF1R;STAT3
Hub genes (10),DSigDB,GNF-Pf-78 TTD 00008278,3/31,6.64e-07,5.49e-05,163.7,258.3,JAK2;MDM2;STAT3
Hub genes (10),DSigDB,doxorubicin CTD 00005874,6/699,8.89e-07,6.83e-05,14.5,35.1,ERBB2;HDAC1;HGF;MDM2;STAT2;STAT3
Hub genes (10),DSigDB,Sorafenib tosylate BOSS,4/146,1.08e-06,7.71e-05,46.3,78.7,ERBB2;JAK2;MDM2;STAT3
Hub genes (10),DSigDB,podophyllotoxin,3/42,1.69e-06,1.11e-04,120.8,185.3,JAK2;MDM2;STAT3
Hub genes (10),DSigDB,Imatinib mesylate BOSS,4/165,1.75e-06,1.11e-04,41.0,69.3,ERBB2;IGF1R;JAK2;STAT3
Hub genes (10),DSigDB,Erlotinib CTD 00003738,3/44,1.95e-06,1.16e-04,115.3,176.2,JAK2;PML;STAT3
Hub genes (10),DSigDB,tamoxifen BOSS,4/179,2.43e-06,1.26e-04,37.8,63.7,ERBB2;IGF1R;JAK2;STAT3
Hub genes (10),DSigDB,2-Butanone BOSS,4/179,2.43e-06,1.26e-04,37.8,63.7,ERBB2;IGF1R;JAK2;STAT3
Hub genes (10),DSigDB,water BOSS,4/181,2.54e-06,1.26e-04,37.4,63.0,ERBB2;IGF1R;JAK2;STAT3
Hub genes (10),DSigDB,rapamycin BOSS,4/182,2.59e-06,1.26e-04,37.2,62.6,ERBB2;IGF1R;JAK2;STAT3
Hub genes (10),DSigDB,O-Phospho-L-tyrosine BOSS,3/49,2.70e-06,1.26e-04,103.5,157.0,ERBB2;JAK2;STAT3
Hub genes (10),DSigDB,HG-14-10-04 LINCS,4/187,2.89e-06,1.27e-04,36.2,60.9,ERBB2;IGF1R;JAK1;JAK2
Hub genes (10),DSigDB,azathioprine CTD 00005457,3/51,3.05e-06,1.27e-04,99.5,150.5,IGF1R;JAK2;STAT3
Hub genes (10),DSigDB,TAE-684 Kinome Scan,4/190,3.08e-06,1.27e-04,35.6,59.9,ERBB2;IGF1R;JAK1;JAK2
Hub genes (10),DSigDB,NVP-TAE684 LINCS,4/195,3.41e-06,1.36e-04,34.7,58.3,ERBB2;IGF1R;JAK1;JAK2
Hub genes (10),DSigDB,EINECS 250-892-2 CTD 00001193,4/211,4.66e-06,1.79e-04,32.1,53.8,ERBB2;HDAC1;HGF;STAT3
Hub genes (10),DSigDB,Masoprocol CTD 00006416,3/60,5.01e-06,1.86e-04,84.6,126.6,ERBB2;IGF1R;STAT3
Hub genes (10),DSigDB,aspirin CTD 00005447,5/512,5.54e-06,1.94e-04,16.5,32.3,ERBB2;HDAC1;HGF;MDM2;STAT3
Hub genes (10),DSigDB,rapamycin CTD 00007350,4/221,5.60e-06,1.94e-04,30.6,51.3,IGF1R;MDM2;PML;STAT3
Hub genes (10),DSigDB,VANADIUM PENTOXIDE CTD 00002655,3/63,5.80e-06,1.95e-04,80.5,120.3,HGF;JAK1;JAK2
Hub genes (10),DSigDB,mitoxantrone CTD 00006345,4/230,6.56e-06,2.14e-04,29.4,49.2,ERBB2;IGF1R;MDM2;PML
Hub genes (10),DSigDB,curcumin BOSS,4/237,7.39e-06,2.34e-04,28.5,47.7,ERBB2;JAK2;MDM2;STAT3
Hub genes (10),DSigDB,cytarabine BOSS,3/72,8.69e-06,2.67e-04,70.5,104.5,JAK2;MDM2;PML
Hub genes (10),DSigDB,Chlorophenothane CTD 00005755,3/75,9.83e-06,2.94e-04,67.6,100.2,ERBB2;JAK1;STAT3
Hub genes (10),DSigDB,Dichloromercury CTD 00006273,3/78,1.11e-05,3.13e-04,65.0,96.1,JAK1;JAK2;STAT3
Hub genes (10),DSigDB,bay 11-7082 CTD 00003959,3/78,1.11e-05,3.13e-04,65.0,96.1,ERBB2;HDAC1;STAT3
Hub genes (10),DSigDB,Ponatinib FDA,3/81,1.24e-05,3.42e-04,62.6,92.4,ERBB2;JAK1;JAK2
Hub genes (10),DSigDB,Spectrum 001666 CTD 00000796,3/82,1.29e-05,3.46e-04,61.9,91.3,IGF1R;JAK1;STAT3
Hub genes (10),DSigDB,WP1066 CTD 00004704,2/10,1.41e-05,3.70e-04,338.2,527.9,JAK2;STAT3
Hub genes (10),DSigDB,DL-PHENYLALANINE BOSS,3/88,1.59e-05,3.95e-04,57.7,84.8,ERBB2;JAK2;STAT3
Hub genes (10),DSigDB,Gefitinib BOSS,3/88,1.59e-05,3.95e-04,57.7,84.8,ERBB2;IGF1R;STAT3
Hub genes (10),DSigDB,Staurosporine Kinome Scan,4/292,1.68e-05,3.95e-04,23.2,38.5,ERBB2;IGF1R;JAK1;JAK2
Hub genes (10),DSigDB,Cdk1/2 Inhibitor III RBC,3/90,1.70e-05,3.95e-04,56.4,82.8,IGF1R;JAK1;JAK2
Hub genes (10),DSigDB,Crizotinib Kinome Scan,3/90,1.70e-05,3.95e-04,56.4,82.8,IGF1R;JAK1;JAK2
Hub genes (10),DSigDB,AZARIBINE CTD 00003341,2/11,1.73e-05,3.95e-04,307.5,469.2,JAK2;MDM2
Hub genes (10),DSigDB,Gefitinib CTD 00003879,3/92,1.82e-05,4.07e-04,55.1,81.0,ERBB2;IGF1R;STAT3
Hub genes (10),DSigDB,GNF-Pf-2272 TTD 00008257,3/94,1.94e-05,4.12e-04,54.0,79.2,JAK2;MDM2;STAT3
Hub genes (10),DSigDB,rofecoxib CTD 00003631,3/95,2.00e-05,4.12e-04,53.4,78.3,HGF;PML;STAT3
Hub genes (10),DSigDB,Cladribine TTD 00007218,2/12,2.07e-05,4.12e-04,281.8,422.3,JAK2;MDM2
Hub genes (10),DSigDB,BMS-536924 TTD 00002497,2/12,2.07e-05,4.12e-04,281.8,422.3,ERBB2;IGF1R
Hub genes (10),DSigDB,Trifluridine TTD 00011552,2/12,2.07e-05,4.12e-04,281.8,422.3,JAK2;MDM2
Hub genes (10),DSigDB,"7H-Pyrrolo[3,2-f]quinazoline-1,3-diamine TTD 00001311",2/12,2.07e-05,4.12e-04,281.8,422.3,JAK2;MDM2
Hub genes (10),DSigDB,Dasatinib BOSS,3/98,2.20e-05,4.30e-04,51.8,75.8,ERBB2;JAK2;STAT3
Hub genes (10),DSigDB,5-azacytidine CTD 00005455,4/317,2.33e-05,4.41e-04,21.3,35.3,HGF;MDM2;PML;STAT3
Hub genes (10),DSigDB,Doxorubicin Hydrochloride,3/100,2.34e-05,4.41e-04,50.7,74.2,JAK2;MDM2;STAT3
Hub genes (10),DSigDB,"benzo[g][1]benzofuran-8,9-dione CTD 00002819",2/13,2.45e-05,4.44e-04,260.2,383.9,JAK2;STAT3
Hub genes (10),DSigDB,hexachlorophene,3/102,2.48e-05,4.44e-04,49.7,72.7,ERBB2;MDM2;STAT3
Hub genes (10),DSigDB,emodin CTD 00005893,3/102,2.48e-05,4.44e-04,49.7,72.7,JAK1;JAK2;STAT3
Hub genes (10),DSigDB,HG-5-113-01 LINCS,3/106,2.78e-05,4.90e-04,47.9,69.9,IGF1R;JAK1;JAK2
Hub genes (10),DSigDB,staurosporine TTD 00011086,3/108,2.94e-05,5.10e-04,47.0,68.6,JAK2;MDM2;STAT3
Hub genes (10),DSigDB,Dabrafenib LINCS,3/112,3.28e-05,5.51e-04,45.3,66.0,ERBB2;JAK1;JAK2
Hub genes (10),DSigDB,Dabrafenib FDA,3/112,3.28e-05,5.51e-04,45.3,66.0,ERBB2;JAK1;JAK2
Hub genes (10),DSigDB,ARSENIC CTD 00005442,5/758,3.73e-05,6.03e-04,11.2,21.4,HGF;MDM2;PML;STAT2;STAT3
Hub genes (10),DSigDB,Trifluridine CTD 00006938,2/16,3.76e-05,6.03e-04,211.4,301.6,JAK2;MDM2
Hub genes (10),DSigDB,Ursolic acid TTD 00011746,2/16,3.76e-05,6.03e-04,211.4,301.6,HDAC1;MDM2
Hub genes (10),DSigDB,trichostatin A BOSS,3/119,3.93e-05,6.22e-04,42.6,62.0,HDAC1;JAK2;STAT3
Hub genes (10),DSigDB,CHEMBL603129 TTD 00006823,2/17,4.26e-05,6.54e-04,199.0,281.4,JAK2;MDM2
Hub genes (10),DSigDB,pyrimethamine TTD 00010423,2/17,4.26e-05,6.54e-04,199.0,281.4,JAK2;MDM2
Hub genes (10),DSigDB,Crizotinib LINCS,3/124,4.45e-05,6.73e-04,40.9,59.4,IGF1R;JAK1;JAK2
Hub genes (10),DSigDB,Crizotinib FDA,3/126,4.66e-05,6.96e-04,40.3,58.5,IGF1R;JAK1;JAK2
Hub genes (10),DSigDB,Vorinostat TTD 00011826,2/18,4.79e-05,6.96e-04,187.9,263.8,HDAC1;MDM2
Hub genes (10),DSigDB,teniposide TTD 00011380,2/18,4.79e-05,6.96e-04,187.9,263.8,JAK2;MDM2
Hub genes (10),DSigDB,"BMS-536924,KIN001-126 LINCS",3/128,4.89e-05,7.01e-04,39.6,57.5,IGF1R;JAK1;JAK2
Hub genes (10),DSigDB,Bortezomib CTD 00003736,5/810,5.13e-05,7.26e-04,10.4,20.0,ERBB2;IGF1R;JAK1;MDM2;STAT3
Hub genes (10),DSigDB,Crizotinib BOSS,2/19,5.35e-05,7.28e-04,178.0,248.3,ERBB2;STAT3
Hub genes (10),DSigDB,Dihydrorotenone CTD 00002010,2/19,5.35e-05,7.28e-04,178.0,248.3,JAK2;MDM2
Hub genes (10),DSigDB,Pinaflavol TTD 00010236,2/19,5.35e-05,7.28e-04,178.0,248.3,JAK2;STAT3
Hub genes (10),DSigDB,Crizotinib,3/133,5.48e-05,7.37e-04,38.1,55.3,IGF1R;JAK1;JAK2
Hub genes (10),DSigDB,Vorinostat CTD 00003560,4/398,5.67e-05,7.53e-04,17.0,27.9,ERBB2;HDAC1;MDM2;PML
Hub genes (10),DSigDB,IKK-2 Inhibitor IV (TPCA-1) MRC,2/21,6.57e-05,8.61e-04,161.1,222.1,IGF1R;JAK2
Hub genes (10),DSigDB,Cladribine BOSS,2/22,7.22e-05,9.14e-04,153.7,211.0,JAK2;MDM2
Hub genes (10),DSigDB,teniposide CTD 00006838,2/22,7.22e-05,9.14e-04,153.7,211.0,JAK2;MDM2
Hub genes (10),DSigDB,630-60-4 TTD 00001253,2/22,7.22e-05,9.14e-04,153.7,211.0,MDM2;STAT3
Hub genes (10),DSigDB,Nintedanib FDA,3/148,7.54e-05,9.31e-04,34.3,49.5,IGF1R;JAK1;JAK2
Hub genes (10),DSigDB,BIBF-1120 (derivative) Kinome Scan,3/148,7.54e-05,9.31e-04,34.3,49.5,IGF1R;JAK1;JAK2
Hub genes (10),DSigDB,XMD-12 LINCS,2/23,7.91e-05,9.66e-04,147.1,201.0,JAK1;JAK2
Hub genes (10),DSigDB,JAK Inhibitor I RBC,2/24,8.63e-05,1.04e-03,140.9,191.8,JAK1;JAK2
Hub genes (10),DSigDB,staurosporine CTD 00007273,3/156,8.81e-05,1.05e-03,32.5,46.9,JAK2;MDM2;STAT3
Hub genes (10),DSigDB,L-aspartic acid BOSS,3/159,9.32e-05,1.10e-03,31.9,46.0,ERBB2;JAK2;STAT3
Hub genes (10),DSigDB,pyrimethamine CTD 00006670,2/26,1.02e-04,1.17e-03,130.1,175.8,JAK2;MDM2
Hub genes (10),DSigDB,cyclosporin A TTD 00007372,2/26,1.02e-04,1.17e-03,130.1,175.8,JAK1;MDM2
Hub genes (10),DSigDB,MG-132 CTD 00002789,3/165,1.04e-04,1.19e-03,30.7,44.3,ERBB2;HDAC1;MDM2
Hub genes (10),DSigDB,methanol BOSS,3/166,1.06e-04,1.20e-03,30.6,44.0,ERBB2;PML;STAT3
Hub genes (10),DSigDB,Vorinostat,2/27,1.10e-04,1.20e-03,125.3,168.8,HDAC1;MDM2
Hub genes (10),DSigDB,Epirubicin CTD 00007057,2/27,1.10e-04,1.20e-03,125.3,168.8,ERBB2;PML
Hub genes (10),DSigDB,NSC321521 CTD 00005452,2/27,1.10e-04,1.20e-03,125.3,168.8,JAK2;STAT3
Hub genes (10),DSigDB,KW-2449 Kinome Scan,3/170,1.14e-04,1.23e-03,29.8,42.9,IGF1R;JAK1;JAK2
Hub genes (10),DSigDB,BI-D-1870 MRC,2/28,1.18e-04,1.25e-03,120.8,162.3,IGF1R;JAK2
Hub genes (10),DSigDB,R406 LINCS,3/173,1.20e-04,1.25e-03,29.3,42.2,IGF1R;JAK1;JAK2
Hub genes (10),DSigDB,L-glutamine BOSS,3/173,1.20e-04,1.25e-03,29.3,42.2,ERBB2;PML;STAT3
Hub genes (10),DSigDB,Melatonin BOSS,3/173,1.20e-04,1.25e-03,29.3,42.2,ERBB2;JAK2;STAT3
Hub genes (10),DSigDB,N-Acetyl-L-cysteine BOSS,3/176,1.26e-04,1.28e-03,28.8,41.4,JAK2;PML;STAT3
Hub genes (10),DSigDB,PLATINUM BOSS,3/176,1.26e-04,1.28e-03,28.8,41.4,ERBB2;IGF1R;STAT3
Hub genes (10),DSigDB,Quercetin dihydrate BOSS,3/176,1.26e-04,1.28e-03,28.8,41.4,ERBB2;JAK2;STAT3
Hub genes (10),DSigDB,CYTOCHALASIN B CTD 00005746,2/30,1.36e-04,1.34e-03,112.7,150.7,JAK2;MDM2
Hub genes (10),DSigDB,UNII-CXY7B3Q98Z BOSS,3/181,1.37e-04,1.34e-03,28.0,40.3,ERBB2;IGF1R;STAT3
Hub genes (10),DSigDB,cerivastatin BOSS,3/183,1.41e-04,1.34e-03,27.7,39.8,ERBB2;JAK2;STAT3
Hub genes (10),DSigDB,5-Fluorouracil BOSS,3/183,1.41e-04,1.34e-03,27.7,39.8,ERBB2;JAK2;STAT3
Hub genes (10),DSigDB,paclitaxel,2/31,1.45e-04,1.34e-03,109.1,145.4,ERBB2;MDM2
Hub genes (10),DSigDB,lovastatin,2/31,1.45e-04,1.34e-03,109.1,145.4,HDAC1;MDM2
Hub genes (10),DSigDB,TAE684 MRC,2/31,1.45e-04,1.34e-03,109.1,145.4,IGF1R;JAK2
Hub genes (10),DSigDB,ANTHRACENE BOSS,2/31,1.45e-04,1.34e-03,109.1,145.4,ERBB2;STAT3
Hub genes (10),DSigDB,astemizole TTD 00002176,2/31,1.45e-04,1.34e-03,109.1,145.4,JAK2;MDM2
Hub genes (10),DSigDB,GNF-Pf-3037 TTD 00008263,2/31,1.45e-04,1.34e-03,109.1,145.4,JAK2;MDM2
Hub genes (10),DSigDB,1-Phosphatidyl-myo-inositol BOSS,3/186,1.48e-04,1.36e-03,27.3,39.2,ERBB2;IGF1R;STAT3
Hub genes (10),DSigDB,"Staurosporine, Streptomyces sp. RBC",3/189,1.56e-04,1.42e-03,26.8,38.5,IGF1R;JAK1;JAK2
Hub genes (10),DSigDB,TG-100-115 Kinome Scan,2/34,1.75e-04,1.55e-03,99.5,131.8,ERBB2;JAK1
Hub genes (10),DSigDB,Kinome 1194 Roche,2/34,1.75e-04,1.55e-03,99.5,131.8,IGF1R;JAK2
Hub genes (10),DSigDB,astemizole BOSS,2/34,1.75e-04,1.55e-03,99.5,131.8,JAK2;MDM2
Hub genes (10),DSigDB,Cube root extract CTD 00006707,3/199,1.81e-04,1.60e-03,25.5,36.5,JAK1;JAK2;STAT3
Hub genes (10),DSigDB,4-Hydroxytamoxifen CTD 00000850,4/540,1.85e-04,1.62e-03,12.5,20.4,ERBB2;IGF1R;JAK2;MDM2
Hub genes (10),DSigDB,(-)-Epigallocatechin gallate BOSS,3/201,1.87e-04,1.62e-03,25.2,36.2,ERBB2;PML;STAT3
Hub genes (10),DSigDB,IKK Inhibitor VII MRC,2/36,1.96e-04,1.67e-03,94.0,124.0,IGF1R;JAK2
Hub genes (10),DSigDB,"2,2',5,5'-TETRACHLOROBIPHENYL CTD 00000481",2/36,1.96e-04,1.67e-03,94.0,124.0,IGF1R;MDM2
Hub genes (10),DSigDB,metronidazole PC3 UP,5/1077,2.00e-04,1.69e-03,7.9,14.8,IGF1R;MDM2;PML;STAT2;STAT3
Hub genes (10),DSigDB,thiram TTD 00011449,2/37,2.07e-04,1.74e-03,91.4,120.5,JAK2;MDM2
Hub genes (10),DSigDB,resveratrol BOSS,3/211,2.15e-04,1.79e-03,24.0,34.4,ERBB2;JAK2;STAT3
Hub genes (10),DSigDB,5-Fluorouracil CTD 00005987,5/1095,2.16e-04,1.79e-03,7.7,14.5,ERBB2;IGF1R;JAK2;MDM2;STAT3
Hub genes (10),DSigDB,niclosamide BOSS,2/41,2.55e-04,2.06e-03,82.5,108.1,MDM2;STAT3
Hub genes (10),DSigDB,astemizole CTD 00007123,2/41,2.55e-04,2.06e-03,82.5,108.1,JAK2;MDM2
Hub genes (10),DSigDB,9-Methoxyellipticine TTD 00001373,2/41,2.55e-04,2.06e-03,82.5,108.1,JAK2;MDM2
Hub genes (10),DSigDB,AS601245 LINCS,2/42,2.68e-04,2.12e-03,80.5,105.4,ERBB2;JAK1
Hub genes (10),DSigDB,"Salicylate, sodium BOSS",2/42,2.68e-04,2.12e-03,80.5,105.4,ERBB2;STAT3
Hub genes (10),DSigDB,Crizotinib CTD 00004714,2/42,2.68e-04,2.12e-03,80.5,105.4,HGF;STAT3
Hub genes (10),DSigDB,AZD-9291 LINCS,2/43,2.81e-04,2.20e-03,78.7,102.8,ERBB2;IGF1R
Hub genes (10),DSigDB,(-)-Epigallocatechin gallate CTD 00002033,6/1915,2.93e-04,2.27e-03,5.3,11.8,ERBB2;HGF;IGF1R;JAK2;STAT2;STAT3
Hub genes (10),DSigDB,TETRACHLOROETHYLENE BOSS,2/44,2.94e-04,2.27e-03,76.9,100.4,ERBB2;STAT3
Hub genes (10),DSigDB,AZD7762 LINCS,3/235,2.96e-04,2.27e-03,21.6,30.8,ERBB2;JAK1;JAK2
Hub genes (10),DSigDB,Sunitinib,3/240,3.15e-04,2.40e-03,21.1,30.1,IGF1R;JAK1;JAK2
Hub genes (10),DSigDB,niclosamide,2/46,3.21e-04,2.43e-03,73.5,95.8,MDM2;STAT3
Hub genes (10),DSigDB,DL-Valine BOSS,2/47,3.35e-04,2.50e-03,72.0,93.6,ERBB2;JAK2
Hub genes (10),DSigDB,Ursolic acid CTD 00000232,2/47,3.35e-04,2.50e-03,72.0,93.6,HDAC1;MDM2
Hub genes (10),DSigDB,melphalan CTD 00006262,3/248,3.46e-04,2.57e-03,20.5,29.1,HGF;JAK2;MDM2
Hub genes (10),DSigDB,thiram BOSS,2/49,3.65e-04,2.69e-03,69.0,89.6,JAK2;MDM2
Hub genes (10),DSigDB,Lapatinib BOSS,2/50,3.80e-04,2.76e-03,67.6,87.8,ERBB2;IGF1R
Hub genes (10),DSigDB,"2-Nonenal, 4-hydroxy-, (2E,4R)- CTD 00001295",3/256,3.80e-04,2.76e-03,19.8,28.2,ERBB2;HGF;IGF1R
Hub genes (10),DSigDB,LEAD BOSS,2/51,3.95e-04,2.81e-03,66.3,86.0,ERBB2;STAT3
Hub genes (10),DSigDB,hydroxyurea BOSS,2/51,3.95e-04,2.81e-03,66.3,86.0,JAK1;JAK2
Hub genes (10),DSigDB,Tanespimycin CTD 00003582,2/51,3.95e-04,2.81e-03,66.3,86.0,ERBB2;MDM2
Hub genes (10),DSigDB,Melitten CTD 00006261,2/52,4.11e-04,2.91e-03,65.0,84.3,JAK2;STAT3
Hub genes (10),DSigDB,digoxin,2/53,4.27e-04,2.96e-03,63.8,82.6,MDM2;STAT3
Hub genes (10),DSigDB,Tyrphostin B42 CTD 00003234,2/53,4.27e-04,2.96e-03,63.8,82.6,JAK2;STAT3
Hub genes (10),DSigDB,methylene blue TTD 00009259,2/53,4.27e-04,2.96e-03,63.8,82.6,JAK2;MDM2
Hub genes (10),DSigDB,methylene blue CTD 00006312,2/55,4.60e-04,3.15e-03,61.5,79.5,JAK2;MDM2
Hub genes (10),DSigDB,PONATINIB CTD 00004976,2/55,4.60e-04,3.15e-03,61.5,79.5,JAK1;JAK2
Hub genes (10),DSigDB,INCB18424 Kinome Scan,2/57,4.94e-04,3.32e-03,59.3,76.6,JAK1;JAK2
Hub genes (10),DSigDB,ouabain BOSS,2/57,4.94e-04,3.32e-03,59.3,76.6,MDM2;STAT3
Hub genes (10),DSigDB,Pterostilbene CTD 00003490,2/57,4.94e-04,3.32e-03,59.3,76.6,JAK2;STAT3
Hub genes (10),DSigDB,WZ4002 LINCS,2/58,5.11e-04,3.37e-03,58.3,75.2,ERBB2;IGF1R
Hub genes (10),DSigDB,JWE-035 LINCS,2/58,5.11e-04,3.37e-03,58.3,75.2,JAK1;JAK2
Hub genes (10),DSigDB,Alvocidib CTD 00002892,2/58,5.11e-04,3.37e-03,58.3,75.2,MDM2;STAT3
Hub genes (10),DSigDB,simvastatin CTD 00007319,3/284,5.15e-04,3.37e-03,17.9,25.3,IGF1R;MDM2;STAT3
Hub genes (10),DSigDB,zalcitabine PC3 UP,4/706,5.17e-04,3.37e-03,9.6,15.4,ERBB2;HGF;MDM2;PML
Hub genes (10),DSigDB,Ruxolitinib FDA,2/59,5.29e-04,3.38e-03,57.3,73.9,JAK1;JAK2
Hub genes (10),DSigDB,valsartan CTD 00002971,2/59,5.29e-04,3.38e-03,57.3,73.9,JAK2;STAT3
Hub genes (10),DSigDB,digoxin CTD 00005825,2/59,5.29e-04,3.38e-03,57.3,73.9,MDM2;STAT3
Hub genes (10),DSigDB,JNK-9L LINCS,2/60,5.47e-04,3.48e-03,56.4,72.6,JAK1;JAK2
Hub genes (10),DSigDB,N-Acetyl-L-cysteine CTD 00005305,3/294,5.70e-04,3.61e-03,17.3,24.5,HGF;JAK1;STAT3
Hub genes (10),DSigDB,Momelotinib LINCS,2/62,5.84e-04,3.65e-03,54.6,70.2,JAK1;JAK2
Hub genes (10),DSigDB,thalidomide BOSS,2/62,5.84e-04,3.65e-03,54.6,70.2,JAK2;STAT3
Hub genes (10),DSigDB,VITAMIN E CTD 00006994,5/1367,6.11e-04,3.80e-03,6.2,11.4,ERBB2;HDAC1;IGF1R;PML;STAT2
Hub genes (10),DSigDB,ellipticine TTD 00007811,2/65,6.42e-04,3.96e-03,52.0,66.8,JAK2;MDM2
Hub genes (10),DSigDB,brefeldin A BOSS,2/67,6.82e-04,4.19e-03,50.5,64.8,JAK2;MDM2
Hub genes (10),DSigDB,thiram CTD 00006883,2/69,7.23e-04,4.42e-03,49.0,62.8,JAK2;MDM2
Hub genes (10),DSigDB,TOSYLPHENYLALANYL CHLOROMETHYL KETONE CTD 00006910,2/71,7.65e-04,4.65e-03,47.6,61.0,MDM2;STAT3
Hub genes (10),DSigDB,Bosutinib LINCS,2/73,8.09e-04,4.88e-03,46.3,59.3,ERBB2;JAK2
Hub genes (10),DSigDB,ZINC CTD 00007011,5/1465,8.43e-04,5.06e-03,5.8,10.6,HDAC1;IGF1R;MDM2;PML;STAT2
Hub genes (10),DSigDB,rotenone BOSS,2/75,8.53e-04,5.07e-03,45.1,57.6,JAK2;STAT3
Hub genes (10),DSigDB,2-Fluoroadenosine BOSS,2/75,8.53e-04,5.07e-03,45.1,57.6,MDM2;STAT3
Hub genes (10),DSigDB,VX-680/MK-0457 Kinome Scan,2/77,8.99e-04,5.31e-03,43.9,56.1,IGF1R;JAK2
Hub genes (10),DSigDB,Pentadecane BOSS,2/78,9.23e-04,5.42e-03,43.4,55.3,JAK2;STAT3
Hub genes (10),DSigDB,3'-Azido-3'-deoxythymidine CTD 00007047,3/348,9.31e-04,5.44e-03,14.6,20.6,JAK2;MDM2;STAT2
Hub genes (10),DSigDB,nifedipine CTD 00006395,2/79,9.46e-04,5.50e-03,42.8,54.6,HGF;MDM2
Hub genes (10),DSigDB,Staurosporine MRC,2/80,9.70e-04,5.58e-03,42.3,53.9,IGF1R;JAK2
Hub genes (10),DSigDB,Sunitinib BOSS,2/80,9.70e-04,5.58e-03,42.3,53.9,ERBB2;STAT3
Hub genes (10),DSigDB,Rubidomycin hydrochloride,2/82,1.02e-03,5.80e-03,41.2,52.6,JAK2;STAT3
Hub genes (10),DSigDB,hexachlorophene CTD 00006092,2/82,1.02e-03,5.80e-03,41.2,52.6,MDM2;STAT3
Hub genes (10),DSigDB,etretinate BOSS,2/83,1.04e-03,5.91e-03,40.7,51.9,PML;STAT3
Hub genes (10),DSigDB,beta-D-allopyranose BOSS,2/85,1.09e-03,6.16e-03,39.8,50.7,JAK2;PML
Hub genes (10),DSigDB,ellipticine CTD 00001632,2/86,1.12e-03,6.24e-03,39.3,50.1,JAK2;MDM2
Hub genes (10),DSigDB,"9,10-Phenanthrenequinone TTD 00001360",2/86,1.12e-03,6.24e-03,39.3,50.1,JAK2;MDM2
Hub genes (10),DSigDB,methylene blue BOSS,2/87,1.15e-03,6.35e-03,38.9,49.5,JAK2;MDM2
Hub genes (10),DSigDB,Deguelin CTD 00003487,2/89,1.20e-03,6.61e-03,38.0,48.3,IGF1R;STAT3
Hub genes (10),DSigDB,PKR Inhibitor MRC,2/90,1.23e-03,6.69e-03,37.6,47.8,IGF1R;JAK2
Hub genes (10),DSigDB,chloroquine BOSS,2/90,1.23e-03,6.69e-03,37.6,47.8,ERBB2;STAT3
Hub genes (10),DSigDB,JNJ-28312141 Kinome Scan,2/92,1.28e-03,6.95e-03,36.8,46.7,JAK1;JAK2
Hub genes (10),DSigDB,losartan BOSS,2/94,1.34e-03,7.22e-03,36.0,45.7,JAK2;STAT3
Hub genes (10),DSigDB,kaempferol CTD 00000297,2/95,1.36e-03,7.33e-03,35.6,45.2,HGF;STAT2
Hub genes (10),DSigDB,CHIR-258/TKI-258 Kinome Scan,2/97,1.42e-03,7.59e-03,34.9,44.2,JAK1;JAK2
Hub genes (10),DSigDB,K252a MRC,2/98,1.45e-03,7.59e-03,34.5,43.8,IGF1R;JAK2
Hub genes (10),DSigDB,sertraline CTD 00007358,2/98,1.45e-03,7.59e-03,34.5,43.8,MDM2;STAT3
Hub genes (10),DSigDB,"1,10-phenanthroline CTD 00001181",2/98,1.45e-03,7.59e-03,34.5,43.8,MDM2;STAT3
Hub genes (10),DSigDB,carbamazepine CTD 00005574,3/406,1.45e-03,7.59e-03,12.5,17.5,ERBB2;IGF1R;STAT3
Hub genes (10),DSigDB,progesterone CTD 00006624,5/1650,1.46e-03,7.59e-03,5.1,9.3,HDAC1;HGF;IGF1R;JAK2;STAT3
Hub genes (10),DSigDB,daunorubicin BOSS,2/101,1.54e-03,8.00e-03,33.5,42.4,ERBB2;PML
Hub genes (10),DSigDB,etoposide CTD 00005948,3/417,1.57e-03,8.08e-03,12.2,17.1,ERBB2;IGF1R;MDM2
Hub genes (10),DSigDB,"9,10-Phenanthrenequinone CTD 00000222",2/102,1.57e-03,8.08e-03,33.2,42.0,JAK2;MDM2
Hub genes (10),DSigDB,celecoxib BOSS,2/103,1.60e-03,8.20e-03,32.8,41.6,ERBB2;STAT3
Hub genes (10),DSigDB,PD-173955 Kinome Scan,2/105,1.66e-03,8.43e-03,32.2,40.8,JAK1;JAK2
Hub genes (10),DSigDB,docetaxel CTD 00002688,2/105,1.66e-03,8.43e-03,32.2,40.8,ERBB2;MDM2
Hub genes (10),DSigDB,OTSSP167 MRC,2/106,1.69e-03,8.51e-03,31.9,40.4,IGF1R;JAK2
Hub genes (10),DSigDB,camptothecin CTD 00005566,2/106,1.69e-03,8.51e-03,31.9,40.4,JAK2;MDM2
Hub genes (10),DSigDB,theophylline CTD 00006862,3/433,1.75e-03,8.75e-03,11.7,16.4,HDAC1;JAK1;STAT3
Hub genes (10),DSigDB,acetaldehyde BOSS,2/109,1.79e-03,8.91e-03,31.0,39.2,ERBB2;STAT3
Hub genes (10),DSigDB,PP-242 Kinome Scan,2/112,1.89e-03,9.32e-03,30.2,38.2,JAK1;JAK2
Hub genes (10),DSigDB,ARSENIC BOSS,2/112,1.89e-03,9.32e-03,30.2,38.2,PML;STAT3
Hub genes (10),DSigDB,cycloheximide BOSS,2/115,1.99e-03,9.77e-03,29.4,37.1,MDM2;STAT3
Hub genes (10),DSigDB,PKC-412 Kinome Scan,2/117,2.06e-03,1.00e-02,28.9,36.5,JAK1;JAK2
Hub genes (10),DSigDB,lorazepam BOSS,2/117,2.06e-03,1.00e-02,28.9,36.5,ERBB2;STAT3
Hub genes (10),DSigDB,paclitaxel CTD 00007144,3/459,2.07e-03,1.00e-02,11.1,15.5,ERBB2;MDM2;STAT3
Hub genes (10),DSigDB,3-(1-methylpyrrolidin-2-yl)pyridine CTD 00006393,3/461,2.09e-03,1.01e-02,11.0,15.4,HDAC1;STAT2;STAT3
Hub genes (10),DSigDB,AZD4547 LINCS,2/119,2.13e-03,1.02e-02,28.4,35.9,IGF1R;JAK2
Hub genes (10),DSigDB,tacrolimus BOSS,2/119,2.13e-03,1.02e-02,28.4,35.9,JAK2;STAT3
Hub genes (10),DSigDB,"K-252a, Nocardiopsis sp. RBC",2/120,2.16e-03,1.03e-02,28.2,35.6,JAK1;JAK2
Hub genes (10),DSigDB,NSC25485 CTD 00006443,2/122,2.24e-03,1.05e-02,27.7,35.0,MDM2;STAT3
Hub genes (10),DSigDB,1-Methyl-3-nitro-1-nitrosoguanidine CTD 00006318,2/122,2.24e-03,1.05e-02,27.7,35.0,ERBB2;MDM2
Hub genes (10),DSigDB,ursodiol CTD 00006973,2/122,2.24e-03,1.05e-02,27.7,35.0,HGF;MDM2
Hub genes (10),DSigDB,TG-101348 Kinome Scan,2/123,2.27e-03,1.06e-02,27.5,34.7,JAK1;JAK2
Hub genes (10),DSigDB,niclosamide CTD 00006390,2/123,2.27e-03,1.06e-02,27.5,34.7,MDM2;STAT3
Hub genes (10),DSigDB,Bosutinib FDA,2/129,2.50e-03,1.16e-02,26.2,33.0,ERBB2;JAK2
Hub genes (10),DSigDB,HG-6-64-01 LINCS,2/131,2.57e-03,1.18e-02,25.8,32.5,ERBB2;JAK2
Hub genes (10),DSigDB,suloctidil HL60 UP,2/131,2.57e-03,1.18e-02,25.8,32.5,PML;STAT2
Hub genes (10),DSigDB,docetaxel BOSS,2/131,2.57e-03,1.18e-02,25.8,32.5,ERBB2;STAT3
Hub genes (10),DSigDB,Decitabine BOSS,2/132,2.61e-03,1.19e-02,25.6,32.3,JAK2;STAT3
Hub genes (10),DSigDB,thalidomide CTD 00006858,2/133,2.65e-03,1.20e-02,25.4,32.0,HGF;STAT3
Hub genes (10),DSigDB,Dasatinib,2/134,2.69e-03,1.22e-02,25.2,31.8,ERBB2;JAK2
Hub genes (10),DSigDB,AST-487 Kinome Scan,2/135,2.73e-03,1.23e-02,25.1,31.5,JAK1;JAK2
Hub genes (10),DSigDB,POTASSIUM DICHROMATE CTD 00006598,3/508,2.76e-03,1.24e-02,10.0,13.9,JAK1;STAT2;STAT3
Hub genes (10),DSigDB,EXEL-2880/GSK-1363089 Kinome Scan,2/137,2.81e-03,1.25e-02,24.7,31.0,ERBB2;IGF1R
Hub genes (10),DSigDB,ellagic acid CTD 00005891,2/137,2.81e-03,1.25e-02,24.7,31.0,PML;STAT3
Hub genes (10),DSigDB,15(S)-HETE-d8 CTD 00001221,1/5,2.95e-03,1.30e-02,338.2,469.4,HGF
Hub genes (10),DSigDB,Bisphenol A CTD 00000312,4/1125,2.96e-03,1.30e-02,6.0,9.4,IGF1R;JAK1;JAK2;STAT3
Hub genes (10),DSigDB,Vanadic sulfate CTD 00001628,2/142,3.01e-03,1.32e-02,23.8,29.9,PML;STAT3
Hub genes (10),DSigDB,AZD5438 LINCS,2/143,3.06e-03,1.34e-02,23.7,29.7,JAK1;JAK2
Hub genes (10),DSigDB,midecamycin HL60 UP,2/147,3.23e-03,1.40e-02,23.0,28.9,JAK2;STAT2
Hub genes (10),DSigDB,GEMCITABINE HYDROCHLORIDE BOSS,2/160,3.81e-03,1.65e-02,21.1,26.5,ERBB2;STAT3
Hub genes (10),DSigDB,methotrexate BOSS,2/164,4.00e-03,1.73e-02,20.6,25.8,ERBB2;MDM2
Hub genes (10),DSigDB,palmitic acid BOSS,2/165,4.04e-03,1.74e-02,20.5,25.7,ERBB2;STAT3
Hub genes (10),DSigDB,L-leucine BOSS,2/167,4.14e-03,1.77e-02,20.3,25.4,ERBB2;STAT3
Hub genes (10),DSigDB,AGN-PC-0JHFVD BOSS,2/168,4.19e-03,1.77e-02,20.1,25.2,ERBB2;STAT3
Hub genes (10),DSigDB,L-threonine BOSS,2/168,4.19e-03,1.77e-02,20.1,25.2,ERBB2;STAT3
Hub genes (10),DSigDB,IRON BOSS,2/168,4.19e-03,1.77e-02,20.1,25.2,JAK2;STAT3
Hub genes (10),DSigDB,trimethoprim BOSS,2/170,4.29e-03,1.79e-02,19.9,24.9,ERBB2;STAT3
Hub genes (10),DSigDB,PROPIDIUM BOSS,2/170,4.29e-03,1.79e-02,19.9,24.9,ERBB2;STAT3
Hub genes (10),DSigDB,Velcade(Bortezomib) BOSS,2/171,4.34e-03,1.79e-02,19.8,24.8,JAK2;STAT3
Hub genes (10),DSigDB,ZINC BOSS,2/171,4.34e-03,1.79e-02,19.8,24.8,PML;STAT3
Hub genes (10),DSigDB,L-cysteine BOSS,2/171,4.34e-03,1.79e-02,19.8,24.8,ERBB2;STAT3
Hub genes (10),DSigDB,ellagic acid BOSS,2/172,4.39e-03,1.79e-02,19.7,24.6,ERBB2;STAT3
Hub genes (10),DSigDB,maltotriose BOSS,2/172,4.39e-03,1.79e-02,19.7,24.6,ERBB2;STAT3
Hub genes (10),DSigDB,Isoguanine BOSS,2/172,4.39e-03,1.79e-02,19.7,24.6,ERBB2;STAT3
Hub genes (10),DSigDB,Sunitinib Kinome Scan,2/173,4.44e-03,1.79e-02,19.6,24.5,JAK1;JAK2
Hub genes (10),DSigDB,D-Arginine BOSS,2/173,4.44e-03,1.79e-02,19.6,24.5,ERBB2;STAT3
Hub genes (10),DSigDB,ethisterone BOSS,2/174,4.49e-03,1.79e-02,19.4,24.3,ERBB2;STAT3
Hub genes (10),DSigDB,serine BOSS,2/174,4.49e-03,1.79e-02,19.4,24.3,JAK2;STAT3
Hub genes (10),DSigDB,Sunitinib FDA,2/175,4.54e-03,1.79e-02,19.3,24.2,JAK1;JAK2
Hub genes (10),DSigDB,cyclophosphamide BOSS,2/175,4.54e-03,1.79e-02,19.3,24.2,ERBB2;STAT3
Hub genes (10),DSigDB,DICHLOROMETHANE BOSS,2/175,4.54e-03,1.79e-02,19.3,24.2,ERBB2;STAT3
Hub genes (10),DSigDB,diazepam BOSS,2/175,4.54e-03,1.79e-02,19.3,24.2,ERBB2;STAT3
Hub genes (10),DSigDB,Insulin BOSS,2/175,4.54e-03,1.79e-02,19.3,24.2,IGF1R;STAT3
Hub genes (10),DSigDB,NICKEL CTD 00006389,2/175,4.54e-03,1.79e-02,19.3,24.2,JAK2;MDM2
Hub genes (10),DSigDB,fulvestrant MCF7 DOWN,2/176,4.59e-03,1.79e-02,19.2,24.0,IGF1R;JAK2
Hub genes (10),DSigDB,GONADORELIN BOSS,2/176,4.59e-03,1.79e-02,19.2,24.0,ERBB2;IGF1R
Hub genes (10),DSigDB,Phetharbital BOSS,2/176,4.59e-03,1.79e-02,19.2,24.0,ERBB2;STAT3
Hub genes (10),DSigDB,"1,9-Pyrazoloanthrone CTD 00003948",2/176,4.59e-03,1.79e-02,19.2,24.0,MDM2;STAT3
Hub genes (10),DSigDB,tolazoline PC3 UP,2/177,4.64e-03,1.79e-02,19.1,23.9,ERBB2;MDM2
Hub genes (10),DSigDB,PIPERONYL BUTOXIDE BOSS,2/177,4.64e-03,1.79e-02,19.1,23.9,JAK2;STAT3
Hub genes (10),DSigDB,GLYCOPROTEIN BOSS,2/178,4.69e-03,1.81e-02,19.0,23.8,ERBB2;STAT3
Hub genes (10),DSigDB,LAMININ BOSS,2/179,4.74e-03,1.82e-02,18.9,23.6,ERBB2;STAT3
Hub genes (10),DSigDB,nitric oxide BOSS,2/182,4.90e-03,1.85e-02,18.6,23.2,JAK2;STAT3
Hub genes (10),DSigDB,metformin BOSS,2/182,4.90e-03,1.85e-02,18.6,23.2,ERBB2;STAT3
Hub genes (10),DSigDB,"Angiotensin II, human BOSS",2/182,4.90e-03,1.85e-02,18.6,23.2,JAK2;STAT3
Hub genes (10),DSigDB,folic acid CTD 00005997,2/182,4.90e-03,1.85e-02,18.6,23.2,IGF1R;MDM2
Hub genes (10),DSigDB,R406 Kinome Scan,2/183,4.95e-03,1.87e-02,18.5,23.1,JAK1;JAK2
Hub genes (10),DSigDB,Bosutinib,2/184,5.00e-03,1.88e-02,18.4,23.0,ERBB2;JAK2
Hub genes (10),DSigDB,Dinoprostone BOSS,2/185,5.06e-03,1.88e-02,18.3,22.8,ERBB2;STAT3
Hub genes (10),DSigDB,L-thyroxine BOSS,2/185,5.06e-03,1.88e-02,18.3,22.8,ERBB2;STAT3
Hub genes (10),DSigDB,doxorubicin BOSS,2/185,5.06e-03,1.88e-02,18.3,22.8,ERBB2;STAT3
Hub genes (10),DSigDB,Acid red 87 BOSS,2/186,5.11e-03,1.89e-02,18.2,22.7,ERBB2;STAT3
Hub genes (10),DSigDB,meclofenoxate HL60 DOWN,3/639,5.28e-03,1.94e-02,7.9,11.0,HGF;IGF1R;STAT3
Hub genes (10),DSigDB,raloxifene CTD 00007367,3/639,5.28e-03,1.94e-02,7.9,11.0,HGF;JAK2;STAT3
Hub genes (10),DSigDB,trichostatin A TTD 00011545,1/9,5.31e-03,1.95e-02,187.9,234.6,HDAC1
Hub genes (10),DSigDB,"2,2',4,4',5,5'-Hexachlorobiphenyl CTD 00000731",2/191,5.38e-03,1.97e-02,17.7,22.1,JAK1;MDM2
Hub genes (10),DSigDB,BX-912 LINCS,2/193,5.49e-03,2.00e-02,17.5,21.9,JAK1;JAK2
Hub genes (10),DSigDB,oxyphenbutazone BOSS,2/200,5.88e-03,2.11e-02,16.9,21.1,MDM2;STAT3
Hub genes (10),DSigDB,Dimethyl-IQX CTD 00002023,1/10,5.90e-03,2.11e-02,169.1,208.5,MDM2
Hub genes (10),DSigDB,"2,4,4'-TRICHLOROBIPHENYL CTD 00002976",1/10,5.90e-03,2.11e-02,169.1,208.5,MDM2
Hub genes (10),DSigDB,Mevastatin TTD 00009287,1/10,5.90e-03,2.11e-02,169.1,208.5,JAK2
Hub genes (10),DSigDB,483-60-3 TTD 00001059,1/10,5.90e-03,2.11e-02,169.1,208.5,MDM2
Hub genes (10),DSigDB,"L-162,313 TTD 00008844",1/10,5.90e-03,2.11e-02,169.1,208.5,MDM2
Hub genes (10),DSigDB,progesterone BOSS,2/204,6.11e-03,2.18e-02,16.6,20.7,ERBB2;STAT3
Hub genes (10),DSigDB,daunorubicin MCF7 UP,2/208,6.35e-03,2.19e-02,16.3,20.3,MDM2;PML
Hub genes (10),DSigDB,Aflodac CTD 00006817,2/210,6.47e-03,2.19e-02,16.1,20.1,PML;STAT3
Hub genes (10),DSigDB,pd 158780 CTD 00003494,1/11,6.49e-03,2.19e-02,153.7,187.7,ERBB2
Hub genes (10),DSigDB,RUTHENIUM CTD 00006710,1/11,6.49e-03,2.19e-02,153.7,187.7,MDM2
Hub genes (10),DSigDB,Diatrizoic acid CTD 00005787,1/11,6.49e-03,2.19e-02,153.7,187.7,STAT3
Hub genes (10),DSigDB,LIDOFLAZINE CTD 00006208,1/11,6.49e-03,2.19e-02,153.7,187.7,MDM2
Hub genes (10),DSigDB,678-39-7 CTD 00001619,1/11,6.49e-03,2.19e-02,153.7,187.7,ERBB2
Hub genes (10),DSigDB,CEPHARANTHINE CTD 00000320,1/11,6.49e-03,2.19e-02,153.7,187.7,MDM2
Hub genes (10),DSigDB,GOLD CTD 00006047,1/11,6.49e-03,2.19e-02,153.7,187.7,IGF1R
Hub genes (10),DSigDB,Oxibendazole CTD 00000598,1/11,6.49e-03,2.19e-02,153.7,187.7,JAK2
Hub genes (10),DSigDB,CHEMBL380598 TTD 00005159,1/11,6.49e-03,2.19e-02,153.7,187.7,ERBB2
Hub genes (10),DSigDB,paclitaxel TTD 00010012,1/11,6.49e-03,2.19e-02,153.7,187.7,MDM2
Hub genes (10),DSigDB,Isotetrandrine TTD 00008716,1/11,6.49e-03,2.19e-02,153.7,187.7,MDM2
Hub genes (10),DSigDB,Acitretin TTD 00001573,1/11,6.49e-03,2.19e-02,153.7,187.7,STAT3
Hub genes (10),DSigDB,Gefitinib TTD 00008188,1/11,6.49e-03,2.19e-02,153.7,187.7,ERBB2
Hub genes (10),DSigDB,153436-54-5 TTD 00000374,1/11,6.49e-03,2.19e-02,153.7,187.7,JAK2
Hub genes (10),DSigDB,oxiconazole TTD 00009973,1/11,6.49e-03,2.19e-02,153.7,187.7,MDM2
Hub genes (10),DSigDB,LY 294002 CTD 00003061,2/212,6.59e-03,2.21e-02,16.0,19.9,ERBB2;STAT3
Hub genes (10),DSigDB,OTSSP167 LINCS,2/213,6.65e-03,2.22e-02,15.9,19.8,JAK1;JAK2
Hub genes (10),DSigDB,FENRETINIDE CTD 00007166,2/213,6.65e-03,2.22e-02,15.9,19.8,JAK1;MDM2
Hub genes (10),DSigDB,"3,3',4,4',5-Pentachlorobiphenyl CTD 00001077",2/218,6.95e-03,2.28e-02,15.5,19.3,HGF;MDM2
Hub genes (10),DSigDB,Retinoic acid BOSS,2/219,7.02e-03,2.28e-02,15.4,19.2,PML;STAT3
Hub genes (10),DSigDB,gemcitabine CTD 00002382,2/219,7.02e-03,2.28e-02,15.4,19.2,MDM2;STAT3
Hub genes (10),DSigDB,roxarsone CTD 00006708,1/12,7.08e-03,2.28e-02,140.9,170.6,HGF
Hub genes (10),DSigDB,prima-1 CTD 00004034,1/12,7.08e-03,2.28e-02,140.9,170.6,MDM2
Hub genes (10),DSigDB,"2,2',4,4'-TETRACHLOROBIPHENYL CTD 00001704",1/12,7.08e-03,2.28e-02,140.9,170.6,MDM2
Hub genes (10),DSigDB,Dexbudesonide TTD 00007528,1/12,7.08e-03,2.28e-02,140.9,170.6,STAT3
Hub genes (10),DSigDB,Pulmicort Nebuamp TTD 00010388,1/12,7.08e-03,2.28e-02,140.9,170.6,STAT3
Hub genes (10),DSigDB,Erlotinib TTD 00007882,1/12,7.08e-03,2.28e-02,140.9,170.6,JAK2
Hub genes (10),DSigDB,calcitriol TTD 00002649,1/12,7.08e-03,2.28e-02,140.9,170.6,JAK2
Hub genes (10),DSigDB,Isoquercitrin TTD 00008703,1/12,7.08e-03,2.28e-02,140.9,170.6,MDM2
Hub genes (10),DSigDB,LIDOFLAZINE TTD 00008978,1/12,7.08e-03,2.28e-02,140.9,170.6,MDM2
Hub genes (10),DSigDB,"2,2'-Bioxirane CTD 00000347",1/13,7.66e-03,2.39e-02,130.1,156.4,MDM2
Hub genes (10),DSigDB,38966-21-1 CTD 00007124,1/13,7.66e-03,2.39e-02,130.1,156.4,JAK2
Hub genes (10),DSigDB,DENSPM CTD 00002486,1/13,7.66e-03,2.39e-02,130.1,156.4,MDM2
Hub genes (10),DSigDB,Rescinnamin CTD 00003038,1/13,7.66e-03,2.39e-02,130.1,156.4,MDM2
Hub genes (10),DSigDB,amifostine CTD 00005933,1/13,7.66e-03,2.39e-02,130.1,156.4,MDM2
Hub genes (10),DSigDB,paxilline CTD 00002121,1/13,7.66e-03,2.39e-02,130.1,156.4,MDM2
Hub genes (10),DSigDB,Indatraline hydrochloride TTD 00008587,1/13,7.66e-03,2.39e-02,130.1,156.4,MDM2
Hub genes (10),DSigDB,"1H-Pyrrole-2,5-dione, 3,4-diphenyl- TTD 00000418",1/13,7.66e-03,2.39e-02,130.1,156.4,ERBB2
Hub genes (10),DSigDB,"1H-Pyrrole-2,5-dione, 3,4-bis(4-methoxyphenyl)- TTD 00000417",1/13,7.66e-03,2.39e-02,130.1,156.4,ERBB2
Hub genes (10),DSigDB,AGN-PC-00BUNE TTD 00001660,1/13,7.66e-03,2.39e-02,130.1,156.4,ERBB2
Hub genes (10),DSigDB,celecoxib TTD 00002754,1/13,7.66e-03,2.39e-02,130.1,156.4,STAT3
Hub genes (10),DSigDB,HEMATOXYLIN BOSS,2/233,7.91e-03,2.46e-02,14.5,18.0,ERBB2;STAT3
Hub genes (10),DSigDB,pirarubicin CTD 00001278,1/14,8.25e-03,2.50e-02,120.8,144.3,ERBB2
Hub genes (10),DSigDB,Paraoxon-methyl CTD 00000411,1/14,8.25e-03,2.50e-02,120.8,144.3,MDM2
Hub genes (10),DSigDB,fumonisin b1 CTD 00002395,1/14,8.25e-03,2.50e-02,120.8,144.3,MDM2
Hub genes (10),DSigDB,Mevastatin CTD 00000642,1/14,8.25e-03,2.50e-02,120.8,144.3,JAK2
Hub genes (10),DSigDB,Alpinumisoflavone CTD 00000003,1/14,8.25e-03,2.50e-02,120.8,144.3,STAT3
Hub genes (10),DSigDB,azathioprine TTD 00002239,1/14,8.25e-03,2.50e-02,120.8,144.3,JAK2
Hub genes (10),DSigDB,FLUOXETINE HYDROCHLORIDE TTD 00008072,1/14,8.25e-03,2.50e-02,120.8,144.3,MDM2
Hub genes (10),DSigDB,CHEMBL460515 TTD 00005964,1/14,8.25e-03,2.50e-02,120.8,144.3,STAT3
Hub genes (10),DSigDB,Rescinnamin TTD 00010545,1/14,8.25e-03,2.50e-02,120.8,144.3,MDM2
Hub genes (10),DSigDB,Premarin CTD 00005926,2/240,8.37e-03,2.53e-02,14.1,17.5,ERBB2;IGF1R
Hub genes (10),DSigDB,tamoxifen CTD 00006827,3/759,8.53e-03,2.57e-02,6.7,9.2,ERBB2;HDAC1;STAT3
Hub genes (10),DSigDB,digoxin HL60 UP,2/244,8.64e-03,2.59e-02,13.9,17.2,HGF;PML
Hub genes (10),DSigDB,PD 98059 CTD 00003206,2/244,8.64e-03,2.59e-02,13.9,17.2,HGF;STAT3
Hub genes (10),DSigDB,Homocastasterone CTD 00002741,1/15,8.84e-03,2.59e-02,112.7,134.0,MDM2
Hub genes (10),DSigDB,NVP-AEW541 CTD 00004462,1/15,8.84e-03,2.59e-02,112.7,134.0,IGF1R
Hub genes (10),DSigDB,"benzo[a]pyrene-3,6-dione CTD 00000927",1/15,8.84e-03,2.59e-02,112.7,134.0,STAT3
Hub genes (10),DSigDB,LITHOCHOLIC ACID TTD 00009001,1/15,8.84e-03,2.59e-02,112.7,134.0,ERBB2
Hub genes (10),DSigDB,purvalanol A TTD 00010395,1/15,8.84e-03,2.59e-02,112.7,134.0,JAK2
Hub genes (10),DSigDB,Zuclomiphene TTD 00011948,1/15,8.84e-03,2.59e-02,112.7,134.0,MDM2
Hub genes (10),DSigDB,Mangostin TTD 00009117,1/15,8.84e-03,2.59e-02,112.7,134.0,MDM2
Hub genes (10),DSigDB,6-bromo-N-(3-chlorophenyl)quinazolin-4-amine TTD 00001209,1/15,8.84e-03,2.59e-02,112.7,134.0,MDM2
Hub genes (10),DSigDB,CEP-701 Kinome Scan,2/255,9.41e-03,2.64e-02,13.3,16.5,JAK1;JAK2
Hub genes (10),DSigDB,securinine MCF7 UP,1/16,9.42e-03,2.64e-02,105.7,125.1,MDM2
Hub genes (10),DSigDB,Enantone (TN) CTD 00007140,1/16,9.42e-03,2.64e-02,105.7,125.1,IGF1R
Hub genes (10),DSigDB,AT 877 CTD 00002152,1/16,9.42e-03,2.64e-02,105.7,125.1,MDM2
Hub genes (10),DSigDB,tranilast CTD 00000646,1/16,9.42e-03,2.64e-02,105.7,125.1,MDM2
Hub genes (10),DSigDB,Brassinolide CTD 00001097,1/16,9.42e-03,2.64e-02,105.7,125.1,MDM2
Hub genes (10),DSigDB,Arsenic(III) chloride CTD 00002191,1/16,9.42e-03,2.64e-02,105.7,125.1,STAT3
Hub genes (10),DSigDB,76180-96-6 CTD 00001374,1/16,9.42e-03,2.64e-02,105.7,125.1,MDM2
Hub genes (10),DSigDB,etodolac CTD 00007163,1/16,9.42e-03,2.64e-02,105.7,125.1,HGF
Hub genes (10),DSigDB,4-Hydroperoxycyclofosfamide CTD 00000594,1/16,9.42e-03,2.64e-02,105.7,125.1,MDM2
Hub genes (10),DSigDB,Lapatinib CTD 00004348,1/16,9.42e-03,2.64e-02,105.7,125.1,ERBB2
Hub genes (10),DSigDB,Delsemidine CTD 00002328,1/16,9.42e-03,2.64e-02,105.7,125.1,STAT3
Hub genes (10),DSigDB,Desloratadine CTD 00003720,1/16,9.42e-03,2.64e-02,105.7,125.1,MDM2
Hub genes (10),DSigDB,floxuridine TTD 00008052,1/16,9.42e-03,2.64e-02,105.7,125.1,JAK2
Hub genes (10),DSigDB,172889-27-9 TTD 00000391,1/16,9.42e-03,2.64e-02,105.7,125.1,MDM2
Hub genes (10),DSigDB,PD 173074 TTD 00010068,1/16,9.42e-03,2.64e-02,105.7,125.1,MDM2
Hub genes (10),DSigDB,Canertinib dihydrochloride TTD 00002663,1/16,9.42e-03,2.64e-02,105.7,125.1,ERBB2
Hub genes (10),DSigDB,Zinc sulfate CTD 00007264,2/257,9.55e-03,2.67e-02,13.2,16.3,IGF1R;STAT3
Hub genes (10),DSigDB,verteporfin HL60 DOWN,2/262,9.91e-03,2.74e-02,12.9,16.0,HGF;IGF1R
Hub genes (10),DSigDB,letrozole BOSS,1/17,1.00e-02,2.74e-02,99.5,117.3,ERBB2
Hub genes (10),DSigDB,Diphenylcyclopropenone CTD 00001385,1/17,1.00e-02,2.74e-02,99.5,117.3,MDM2
Hub genes (10),DSigDB,HEXACHLOROBENZENE CTD 00006091,1/17,1.00e-02,2.74e-02,99.5,117.3,IGF1R
Hub genes (10),DSigDB,1-(5-ISOQUINOLINESULFONYL)-2-METHYLPIPERAZINE CTD 00007271,1/17,1.00e-02,2.74e-02,99.5,117.3,STAT3
Hub genes (10),DSigDB,mechlorethamine CTD 00006251,1/17,1.00e-02,2.74e-02,99.5,117.3,ERBB2
Hub genes (10),DSigDB,simvastatin TTD 00010956,1/17,1.00e-02,2.74e-02,99.5,117.3,MDM2
Hub genes (10),DSigDB,fucose TTD 00008125,1/17,1.00e-02,2.74e-02,99.5,117.3,IGF1R
Hub genes (10),DSigDB,luteolin HL60 DOWN,2/266,1.02e-02,2.78e-02,12.7,15.8,HGF;JAK2
Hub genes (10),DSigDB,paroxetine CTD 00007180,1/18,1.06e-02,2.83e-02,94.0,110.4,STAT3
Hub genes (10),DSigDB,tetrandrine CTD 00000485,1/18,1.06e-02,2.83e-02,94.0,110.4,MDM2
Hub genes (10),DSigDB,mequitazine CTD 00000274,1/18,1.06e-02,2.83e-02,94.0,110.4,MDM2
Hub genes (10),DSigDB,Chloroethylene CTD 00006592,1/18,1.06e-02,2.83e-02,94.0,110.4,MDM2
Hub genes (10),DSigDB,AC1LEORR TTD 00001514,1/18,1.06e-02,2.83e-02,94.0,110.4,MDM2
Hub genes (10),DSigDB,mequitazine TTD 00009197,1/18,1.06e-02,2.83e-02,94.0,110.4,MDM2
Hub genes (10),DSigDB,Plumbagin TTD 00010275,1/18,1.06e-02,2.83e-02,94.0,110.4,ERBB2
Hub genes (10),DSigDB,Aripiprazole TTD 00002132,1/18,1.06e-02,2.83e-02,94.0,110.4,MDM2
Hub genes (10),DSigDB,tranilast TTD 00011519,1/18,1.06e-02,2.83e-02,94.0,110.4,MDM2
Hub genes (10),DSigDB,Decitabine CTD 00000750,4/1615,1.09e-02,2.87e-02,4.2,6.3,HDAC1;JAK2;MDM2;STAT3
Hub genes (10),DSigDB,helveticoside HL60 UP,2/277,1.10e-02,2.87e-02,12.2,15.1,HGF;PML
Hub genes (10),DSigDB,dipivefrine HL60 DOWN,1/19,1.12e-02,2.87e-02,89.0,104.2,HGF
Hub genes (10),DSigDB,lomustine MCF7 DOWN,1/19,1.12e-02,2.87e-02,89.0,104.2,JAK2
Hub genes (10),DSigDB,nitrofurantoin CTD 00006406,1/19,1.12e-02,2.87e-02,89.0,104.2,STAT3
Hub genes (10),DSigDB,5-Nitroso-8-quinolinol CTD 00004584,1/19,1.12e-02,2.87e-02,89.0,104.2,JAK2
Hub genes (10),DSigDB,DIAMIDE CTD 00005785,1/19,1.12e-02,2.87e-02,89.0,104.2,STAT3
Hub genes (10),DSigDB,methylprednisolone CTD 00006322,1/19,1.12e-02,2.87e-02,89.0,104.2,JAK1
Hub genes (10),DSigDB,Trimethyl-beta-cyclodextrin CTD 00003512,1/19,1.12e-02,2.87e-02,89.0,104.2,JAK1
Hub genes (10),DSigDB,Dutasteride CTD 00003505,1/19,1.12e-02,2.87e-02,89.0,104.2,ERBB2
Hub genes (10),DSigDB,"3-Phenyl-5H-indeno[1,2-c]pyridazin-5-one TTD 00000814",1/19,1.12e-02,2.87e-02,89.0,104.2,STAT3
Hub genes (10),DSigDB,albendazole TTD 00001871,1/19,1.12e-02,2.87e-02,89.0,104.2,JAK2
Hub genes (10),DSigDB,TTNPB TTD 00011595,1/19,1.12e-02,2.87e-02,89.0,104.2,MDM2
Hub genes (10),DSigDB,Molephantinin TTD 00009374,1/19,1.12e-02,2.87e-02,89.0,104.2,MDM2
Hub genes (10),DSigDB,HTS-05058 TTD 00008459,1/19,1.12e-02,2.87e-02,89.0,104.2,STAT3
Hub genes (10),DSigDB,Tozasertib TTD 00011505,1/19,1.12e-02,2.87e-02,89.0,104.2,MDM2
Hub genes (10),DSigDB,doxorubicin,1/20,1.18e-02,2.91e-02,84.6,98.7,ERBB2
Hub genes (10),DSigDB,Paroxetine hydrochloride,1/20,1.18e-02,2.91e-02,84.6,98.7,MDM2
Hub genes (10),DSigDB,Clomifene citrate,1/20,1.18e-02,2.91e-02,84.6,98.7,MDM2
Hub genes (10),DSigDB,Indoxyl sulfate BOSS,1/20,1.18e-02,2.91e-02,84.6,98.7,STAT3
Hub genes (10),DSigDB,Isotretinoin BOSS,1/20,1.18e-02,2.91e-02,84.6,98.7,MDM2
Hub genes (10),DSigDB,CHLOROTHALONIL CTD 00000251,1/20,1.18e-02,2.91e-02,84.6,98.7,ERBB2
Hub genes (10),DSigDB,purvalanol A CTD 00004150,1/20,1.18e-02,2.91e-02,84.6,98.7,MDM2
Hub genes (10),DSigDB,mezerein CTD 00000596,1/20,1.18e-02,2.91e-02,84.6,98.7,MDM2
Hub genes (10),DSigDB,Goniothalamin CTD 00003401,1/20,1.18e-02,2.91e-02,84.6,98.7,MDM2
Hub genes (10),DSigDB,Tozasertib CTD 00004298,1/20,1.18e-02,2.91e-02,84.6,98.7,MDM2
Hub genes (10),DSigDB,Manumycin A CTD 00002318,1/20,1.18e-02,2.91e-02,84.6,98.7,STAT3
Hub genes (10),DSigDB,METHYL PARATHION CTD 00006309,1/20,1.18e-02,2.91e-02,84.6,98.7,MDM2
Hub genes (10),DSigDB,Molephantin TTD 00009373,1/20,1.18e-02,2.91e-02,84.6,98.7,MDM2
Hub genes (10),DSigDB,Tyrphostin B42 TTD 00011609,1/20,1.18e-02,2.91e-02,84.6,98.7,JAK2
Hub genes (10),DSigDB,TRYPAN BLUE TTD 00011589,1/20,1.18e-02,2.91e-02,84.6,98.7,MDM2
Hub genes (10),DSigDB,Fulvestrant CTD 00002740,2/287,1.18e-02,2.92e-02,11.8,14.6,ERBB2;IGF1R
Hub genes (10),DSigDB,albendazole,1/21,1.24e-02,2.97e-02,80.5,93.8,JAK2
Hub genes (10),DSigDB,MIDAZOLAM HYDROCHLORIDE,1/21,1.24e-02,2.97e-02,80.5,93.8,MDM2
Hub genes (10),DSigDB,Isotretinoin,1/21,1.24e-02,2.97e-02,80.5,93.8,MDM2
Hub genes (10),DSigDB,irbesartan BOSS,1/21,1.24e-02,2.97e-02,80.5,93.8,STAT3
Hub genes (10),DSigDB,Pazopanib hydrochloride BOSS,1/21,1.24e-02,2.97e-02,80.5,93.8,ERBB2
Hub genes (10),DSigDB,Aripiprazole CTD 00003220,1/21,1.24e-02,2.97e-02,80.5,93.8,MDM2
Hub genes (10),DSigDB,gambogic acid CTD 00002247,1/21,1.24e-02,2.97e-02,80.5,93.8,MDM2
Hub genes (10),DSigDB,triamterene CTD 00006923,1/21,1.24e-02,2.97e-02,80.5,93.8,JAK2
Hub genes (10),DSigDB,dapsone CTD 00005751,1/21,1.24e-02,2.97e-02,80.5,93.8,IGF1R
Hub genes (10),DSigDB,"1,2-NAPHTHOQUINONE TTD 00000169",1/21,1.24e-02,2.97e-02,80.5,93.8,STAT3
Hub genes (10),DSigDB,"2-Methoxy-1,4-naphthoquinone TTD 00000605",1/21,1.24e-02,2.97e-02,80.5,93.8,MDM2
Hub genes (10),DSigDB,camptothecin TTD 00002656,1/21,1.24e-02,2.97e-02,80.5,93.8,JAK2
Hub genes (10),DSigDB,Maprotiline hydrochloride,1/22,1.29e-02,3.02e-02,76.9,89.3,MDM2
Hub genes (10),DSigDB,triamterene BOSS,1/22,1.29e-02,3.02e-02,76.9,89.3,JAK2
Hub genes (10),DSigDB,oseltamivir BOSS,1/22,1.29e-02,3.02e-02,76.9,89.3,ERBB2
Hub genes (10),DSigDB,"2,2',4,5,5'-PENTACHLOROBIPHENYL CTD 00000511",1/22,1.29e-02,3.02e-02,76.9,89.3,MDM2
Hub genes (10),DSigDB,pravastatin CTD 00007142,1/22,1.29e-02,3.02e-02,76.9,89.3,MDM2
Hub genes (10),DSigDB,Triclocarban CTD 00000497,1/22,1.29e-02,3.02e-02,76.9,89.3,MDM2
Hub genes (10),DSigDB,fenbendazole CTD 00005958,1/22,1.29e-02,3.02e-02,76.9,89.3,JAK2
Hub genes (10),DSigDB,calyculin A CTD 00002466,1/22,1.29e-02,3.02e-02,76.9,89.3,STAT3
Hub genes (10),DSigDB,Permethrin CTD 00007392,1/22,1.29e-02,3.02e-02,76.9,89.3,ERBB2
Hub genes (10),DSigDB,"2,6-DICHLOROINDOPHENOL CTD 00007030",1/22,1.29e-02,3.02e-02,76.9,89.3,STAT3
Hub genes (10),DSigDB,diethylstilbestrol TTD 00007572,1/22,1.29e-02,3.02e-02,76.9,89.3,MDM2
Hub genes (10),DSigDB,lovastatin TTD 00009034,1/22,1.29e-02,3.02e-02,76.9,89.3,MDM2
Hub genes (10),DSigDB,triamterene TTD 00011539,1/22,1.29e-02,3.02e-02,76.9,89.3,JAK2
Hub genes (10),DSigDB,GNF-PF-2812 TTD 00008260,1/22,1.29e-02,3.02e-02,76.9,89.3,STAT3
Hub genes (10),DSigDB,cycloheximide CTD 00005731,2/305,1.33e-02,3.09e-02,11.1,13.7,ERBB2;MDM2
Hub genes (10),DSigDB,etoposide,1/23,1.35e-02,3.09e-02,73.5,85.2,MDM2
Hub genes (10),DSigDB,Aripiprazole,1/23,1.35e-02,3.09e-02,73.5,85.2,MDM2
Hub genes (10),DSigDB,SU-6656 MRC,1/23,1.35e-02,3.09e-02,73.5,85.2,JAK2
Hub genes (10),DSigDB,ganciclovir BOSS,1/23,1.35e-02,3.09e-02,73.5,85.2,PML
Hub genes (10),DSigDB,nicotinamide CTD 00006391,1/23,1.35e-02,3.09e-02,73.5,85.2,MDM2
Hub genes (10),DSigDB,"2-methoxy-13-methyl-6,7,8,9,11,12,14,15,16,17-decahydrocyclopenta[a]phenanthrene-3,17-diol CTD 00001063",1/23,1.35e-02,3.09e-02,73.5,85.2,JAK2
Hub genes (10),DSigDB,hmba CTD 00000732,1/23,1.35e-02,3.09e-02,73.5,85.2,PML
Hub genes (10),DSigDB,Acitretin CTD 00007146,1/23,1.35e-02,3.09e-02,73.5,85.2,STAT3
Hub genes (10),DSigDB,AG 213 TTD 00001636,1/23,1.35e-02,3.09e-02,73.5,85.2,ERBB2
Hub genes (10),DSigDB,KIN001-123/WZ-1-84 LINCS,1/24,1.41e-02,3.15e-02,70.5,81.5,JAK2
Hub genes (10),DSigDB,Plumbagin CTD 00000768,1/24,1.41e-02,3.15e-02,70.5,81.5,ERBB2
Hub genes (10),DSigDB,TAUROCHOLIC ACID CTD 00006831,1/24,1.41e-02,3.15e-02,70.5,81.5,STAT3
Hub genes (10),DSigDB,Cryptolepine CTD 00001119,1/24,1.41e-02,3.15e-02,70.5,81.5,MDM2
Hub genes (10),DSigDB,Lu 19005 CTD 00003866,1/24,1.41e-02,3.15e-02,70.5,81.5,MDM2
Hub genes (10),DSigDB,AC1L1KON CTD 00000061,1/24,1.41e-02,3.15e-02,70.5,81.5,JAK2
Hub genes (10),DSigDB,Tyrphostin 23 CTD 00002512,1/24,1.41e-02,3.15e-02,70.5,81.5,JAK2
Hub genes (10),DSigDB,Sphingosine 1-phosphate CTD 00002508,1/24,1.41e-02,3.15e-02,70.5,81.5,HGF
Hub genes (10),DSigDB,parthenolide TTD 00010048,1/24,1.41e-02,3.15e-02,70.5,81.5,MDM2
Hub genes (10),DSigDB,Digitoxigenin TTD 00007578,1/24,1.41e-02,3.15e-02,70.5,81.5,MDM2
Hub genes (10),DSigDB,Tyrphostin 23 TTD 00011605,1/24,1.41e-02,3.15e-02,70.5,81.5,JAK2
Hub genes (10),DSigDB,Desloratadine,1/25,1.47e-02,3.20e-02,67.6,78.1,MDM2
Hub genes (10),DSigDB,Pazopanib hydrochloride,1/25,1.47e-02,3.20e-02,67.6,78.1,IGF1R
Hub genes (10),DSigDB,Kinome 635 Roche,1/25,1.47e-02,3.20e-02,67.6,78.1,JAK2
Hub genes (10),DSigDB,albendazole BOSS,1/25,1.47e-02,3.20e-02,67.6,78.1,JAK2
Hub genes (10),DSigDB,iodoquinol CTD 00005833,1/25,1.47e-02,3.20e-02,67.6,78.1,MDM2
Hub genes (10),DSigDB,clomiphene CTD 00005686,1/25,1.47e-02,3.20e-02,67.6,78.1,MDM2
Hub genes (10),DSigDB,Hydroxytyrosol CTD 00000267,1/25,1.47e-02,3.20e-02,67.6,78.1,STAT2
Hub genes (10),DSigDB,Aurin CTD 00000867,1/25,1.47e-02,3.20e-02,67.6,78.1,MDM2
Hub genes (10),DSigDB,thiotepa CTD 00006869,1/25,1.47e-02,3.20e-02,67.6,78.1,ERBB2
Hub genes (10),DSigDB,NSC113090 CTD 00000067,1/25,1.47e-02,3.20e-02,67.6,78.1,MDM2
Hub genes (10),DSigDB,alpha-D-Mannose TTD 00001913,1/25,1.47e-02,3.20e-02,67.6,78.1,IGF1R
Hub genes (10),DSigDB,etoposide TTD 00007950,1/25,1.47e-02,3.20e-02,67.6,78.1,MDM2
Hub genes (10),DSigDB,BX-912 MRC,1/26,1.53e-02,3.26e-02,65.0,75.0,JAK2
Hub genes (10),DSigDB,KIN001-127 LINCS,1/26,1.53e-02,3.26e-02,65.0,75.0,IGF1R
Hub genes (10),DSigDB,Digoxigenin CTD 00005824,1/26,1.53e-02,3.26e-02,65.0,75.0,MDM2
Hub genes (10),DSigDB,Norcantharidin CTD 00002732,1/26,1.53e-02,3.26e-02,65.0,75.0,STAT3
Hub genes (10),DSigDB,THYMOLPHTHALEIN CTD 00006891,1/26,1.53e-02,3.26e-02,65.0,75.0,MDM2
Hub genes (10),DSigDB,MLS000766263 CTD 00004623,1/26,1.53e-02,3.26e-02,65.0,75.0,JAK2
Hub genes (10),DSigDB,Mangostin CTD 00001026,1/26,1.53e-02,3.26e-02,65.0,75.0,MDM2
Hub genes (10),DSigDB,terfenadine TTD 00011390,1/26,1.53e-02,3.26e-02,65.0,75.0,MDM2
Hub genes (10),DSigDB,methotrexate TTD 00009239,1/26,1.53e-02,3.26e-02,65.0,75.0,MDM2
Hub genes (10),DSigDB,luteolin MCF7 UP,1/27,1.59e-02,3.34e-02,62.6,72.1,MDM2
Hub genes (10),DSigDB,mepacrine MCF7 UP,1/27,1.59e-02,3.34e-02,62.6,72.1,MDM2
Hub genes (10),DSigDB,mometasone MCF7 UP,1/27,1.59e-02,3.34e-02,62.6,72.1,MDM2
Hub genes (10),DSigDB,terfenadine BOSS,1/27,1.59e-02,3.34e-02,62.6,72.1,MDM2
Hub genes (10),DSigDB,METHOXYACETIC ACID CTD 00000714,1/27,1.59e-02,3.34e-02,62.6,72.1,HDAC1
Hub genes (10),DSigDB,L 741211 CTD 00003280,1/27,1.59e-02,3.34e-02,62.6,72.1,HGF
Hub genes (10),DSigDB,OLEANOLIC ACID CTD 00006433,1/27,1.59e-02,3.34e-02,62.6,72.1,HDAC1
Hub genes (10),DSigDB,"1,9-Pyrazoloanthrone TTD 00000196",1/27,1.59e-02,3.34e-02,62.6,72.1,MDM2
Hub genes (10),DSigDB,triamterene,1/28,1.64e-02,3.39e-02,60.4,69.4,JAK2
Hub genes (10),DSigDB,AG1478 LINCS,1/28,1.64e-02,3.39e-02,60.4,69.4,ERBB2
Hub genes (10),DSigDB,CI-1033 Kinome Scan,1/28,1.64e-02,3.39e-02,60.4,69.4,ERBB2
Hub genes (10),DSigDB,mefloquine HL60 UP,1/28,1.64e-02,3.39e-02,60.4,69.4,HGF
Hub genes (10),DSigDB,Aripiprazole BOSS,1/28,1.64e-02,3.39e-02,60.4,69.4,MDM2
Hub genes (10),DSigDB,Nilotinib BOSS,1/28,1.64e-02,3.39e-02,60.4,69.4,STAT3
Hub genes (10),DSigDB,OLEANOLIC ACID BOSS,1/28,1.64e-02,3.39e-02,60.4,69.4,STAT3
Hub genes (10),DSigDB,C2-ceramide CTD 00002618,1/28,1.64e-02,3.39e-02,60.4,69.4,MDM2
Hub genes (10),DSigDB,Digitoxigenin CTD 00005821,1/28,1.64e-02,3.39e-02,60.4,69.4,MDM2
Hub genes (10),DSigDB,Benzamide CTD 00001769,1/28,1.64e-02,3.39e-02,60.4,69.4,HDAC1
Hub genes (10),DSigDB,prochlorperazine TTD 00010335,1/28,1.64e-02,3.39e-02,60.4,69.4,MDM2
Hub genes (10),DSigDB,5-azacytidine,1/29,1.70e-02,3.43e-02,58.3,67.0,MDM2
Hub genes (10),DSigDB,digitoxin,1/29,1.70e-02,3.43e-02,58.3,67.0,STAT3
Hub genes (10),DSigDB,NG-25 MRC,1/29,1.70e-02,3.43e-02,58.3,67.0,IGF1R
Hub genes (10),DSigDB,prochlorperazine BOSS,1/29,1.70e-02,3.43e-02,58.3,67.0,MDM2
Hub genes (10),DSigDB,etoposide BOSS,1/29,1.70e-02,3.43e-02,58.3,67.0,MDM2
Hub genes (10),DSigDB,oxyphenbutazone CTD 00006457,1/29,1.70e-02,3.43e-02,58.3,67.0,MDM2
Hub genes (10),DSigDB,HMN-176 CTD 00004250,1/29,1.70e-02,3.43e-02,58.3,67.0,HGF
Hub genes (10),DSigDB,Ephedrone CTD 00002112,1/29,1.70e-02,3.43e-02,58.3,67.0,IGF1R
Hub genes (10),DSigDB,chloroquine CTD 00005645,1/29,1.70e-02,3.43e-02,58.3,67.0,ERBB2
Hub genes (10),DSigDB,CGP 60474 TTD 00002787,1/29,1.70e-02,3.43e-02,58.3,67.0,MDM2
Hub genes (10),DSigDB,(-)-Epigallocatechin gallate TTD 00000021,1/29,1.70e-02,3.43e-02,58.3,67.0,ERBB2
Hub genes (10),DSigDB,MG-262 MCF7 DOWN,2/351,1.73e-02,3.48e-02,9.6,11.9,ERBB2;JAK2
Hub genes (10),DSigDB,methotrexate,1/30,1.76e-02,3.48e-02,56.4,64.6,MDM2
Hub genes (10),DSigDB,PP242 MRC,1/30,1.76e-02,3.48e-02,56.4,64.6,JAK2
Hub genes (10),DSigDB,Triton X-100 BOSS,1/30,1.76e-02,3.48e-02,56.4,64.6,ERBB2
Hub genes (10),DSigDB,floxuridine CTD 00005984,1/30,1.76e-02,3.48e-02,56.4,64.6,JAK2
Hub genes (10),DSigDB,TIRON CTD 00006898,1/30,1.76e-02,3.48e-02,56.4,64.6,JAK2
Hub genes (10),DSigDB,"2,2',3,4,4',5'-HEXACHLOROBIPHENYL CTD 00001404",1/30,1.76e-02,3.48e-02,56.4,64.6,MDM2
Hub genes (10),DSigDB,"Indeno[1,2,3-cd]pyrene CTD 00001895",1/30,1.76e-02,3.48e-02,56.4,64.6,ERBB2
Hub genes (10),DSigDB,amlodipine CTD 00007164,1/30,1.76e-02,3.48e-02,56.4,64.6,JAK2
Hub genes (10),DSigDB,cantharidin TTD 00002666,1/30,1.76e-02,3.48e-02,56.4,64.6,MDM2
Hub genes (10),DSigDB,Tegaserod maleate TTD 00011362,1/30,1.76e-02,3.48e-02,56.4,64.6,MDM2
Hub genes (10),DSigDB,clofazimine,1/31,1.82e-02,3.55e-02,54.6,62.5,MDM2
Hub genes (10),DSigDB,Vincristine sulfate,1/31,1.82e-02,3.55e-02,54.6,62.5,MDM2
Hub genes (10),DSigDB,WZ3105 LINCS,1/31,1.82e-02,3.55e-02,54.6,62.5,JAK2
Hub genes (10),DSigDB,Neratinib LINCS,1/31,1.82e-02,3.55e-02,54.6,62.5,ERBB2
Hub genes (10),DSigDB,6-Deoxy-D-galactose BOSS,1/31,1.82e-02,3.55e-02,54.6,62.5,ERBB2
Hub genes (10),DSigDB,FENRETINIDE BOSS,1/31,1.82e-02,3.55e-02,54.6,62.5,MDM2
Hub genes (10),DSigDB,scopolamine PC3 UP,2/361,1.83e-02,3.56e-02,9.4,11.5,MDM2;PML
Hub genes (10),DSigDB,primaquine PC3 UP,2/363,1.85e-02,3.59e-02,9.3,11.5,MDM2;PML
Hub genes (10),DSigDB,Chlorpromazine hydrochloride,1/32,1.88e-02,3.60e-02,52.8,60.5,MDM2
Hub genes (10),DSigDB,Barasertib LINCS,1/32,1.88e-02,3.60e-02,52.8,60.5,ERBB2
Hub genes (10),DSigDB,etoposide MCF7 UP,1/32,1.88e-02,3.60e-02,52.8,60.5,MDM2
Hub genes (10),DSigDB,Merphalan BOSS,1/32,1.88e-02,3.60e-02,52.8,60.5,STAT3
Hub genes (10),DSigDB,Pulmicort Nebuamp BOSS,1/32,1.88e-02,3.60e-02,52.8,60.5,STAT3
Hub genes (10),DSigDB,Fulvestrant BOSS,1/32,1.88e-02,3.60e-02,52.8,60.5,ERBB2
Hub genes (10),DSigDB,SU9516 TTD 00011110,1/32,1.88e-02,3.60e-02,52.8,60.5,MDM2
Hub genes (10),DSigDB,AC1NUPCX TTD 00001530,1/32,1.88e-02,3.60e-02,52.8,60.5,MDM2
Hub genes (10),DSigDB,emetine HL60 DOWN,2/368,1.89e-02,3.63e-02,9.2,11.3,HGF;IGF1R
Hub genes (10),DSigDB,Dronabinol CTD 00006853,2/370,1.91e-02,3.64e-02,9.1,11.2,IGF1R;STAT3
Hub genes (10),DSigDB,sertraline,1/33,1.93e-02,3.64e-02,51.2,58.6,MDM2
Hub genes (10),DSigDB,SYK Inhibitor I MRC,1/33,1.93e-02,3.64e-02,51.2,58.6,JAK2
Hub genes (10),DSigDB,mycophenolic acid MCF7 UP,1/33,1.93e-02,3.64e-02,51.2,58.6,MDM2
Hub genes (10),DSigDB,Prazosin hydrochloride BOSS,1/33,1.93e-02,3.64e-02,51.2,58.6,MDM2
Hub genes (10),DSigDB,diethylstilbestrol BOSS,1/33,1.93e-02,3.64e-02,51.2,58.6,MDM2
Hub genes (10),DSigDB,clofazimine CTD 00005683,1/33,1.93e-02,3.64e-02,51.2,58.6,MDM2
Hub genes (10),DSigDB,Methylbenzethonium chloride CTD 00000197,1/33,1.93e-02,3.64e-02,51.2,58.6,MDM2
Hub genes (10),DSigDB,Entinostat CTD 00003662,1/33,1.93e-02,3.64e-02,51.2,58.6,HDAC1
Hub genes (10),DSigDB,Selenium methyl cysteine CTD 00000103,1/33,1.93e-02,3.64e-02,51.2,58.6,IGF1R
Hub genes (10),DSigDB,nisoldipine CTD 00007085,1/33,1.93e-02,3.64e-02,51.2,58.6,MDM2
Hub genes (10),DSigDB,celecoxib,1/34,1.99e-02,3.71e-02,49.7,56.8,STAT3
Hub genes (10),DSigDB,colchicine,1/34,1.99e-02,3.71e-02,49.7,56.8,MDM2
Hub genes (10),DSigDB,RALOXIFENE HYDROCHLORIDE,1/34,1.99e-02,3.71e-02,49.7,56.8,MDM2
Hub genes (10),DSigDB,R-406 MRC,1/34,1.99e-02,3.71e-02,49.7,56.8,JAK2
Hub genes (10),DSigDB,Linalool CTD 00000957,1/34,1.99e-02,3.71e-02,49.7,56.8,MDM2
Hub genes (10),DSigDB,amsacrine CTD 00005396,1/34,1.99e-02,3.71e-02,49.7,56.8,MDM2
Hub genes (10),DSigDB,pregnenolone PC3 UP,2/383,2.04e-02,3.74e-02,8.8,10.8,ERBB2;MDM2
Hub genes (10),DSigDB,Tamoxifen citrate,1/35,2.05e-02,3.74e-02,48.3,55.1,MDM2
Hub genes (10),DSigDB,GSK-1838705A Kinome Scan,1/35,2.05e-02,3.74e-02,48.3,55.1,IGF1R
Hub genes (10),DSigDB,Quercetagetin MRC,1/35,2.05e-02,3.74e-02,48.3,55.1,JAK2
Hub genes (10),DSigDB,triclosan BOSS,1/35,2.05e-02,3.74e-02,48.3,55.1,MDM2
Hub genes (10),DSigDB,AZOXYMETHANE BOSS,1/35,2.05e-02,3.74e-02,48.3,55.1,STAT3
Hub genes (10),DSigDB,cantharidin CTD 00005569,1/35,2.05e-02,3.74e-02,48.3,55.1,MDM2
Hub genes (10),DSigDB,Romidepsin CTD 00003096,1/35,2.05e-02,3.74e-02,48.3,55.1,ERBB2
Hub genes (10),DSigDB,Equol CTD 00007470,1/35,2.05e-02,3.74e-02,48.3,55.1,IGF1R
Hub genes (10),DSigDB,phenylarsine oxide CTD 00001378,1/35,2.05e-02,3.74e-02,48.3,55.1,STAT3
Hub genes (10),DSigDB,nevirapine CTD 00007321,1/35,2.05e-02,3.74e-02,48.3,55.1,HGF
Hub genes (10),DSigDB,sanguinarine HL60 DOWN,2/387,2.08e-02,3.79e-02,8.7,10.7,HGF;IGF1R
Hub genes (10),DSigDB,Afatinib,1/36,2.11e-02,3.80e-02,47.0,53.5,ERBB2
Hub genes (10),DSigDB,cantharidin BOSS,1/36,2.11e-02,3.80e-02,47.0,53.5,MDM2
Hub genes (10),DSigDB,kynurenine BOSS,1/36,2.11e-02,3.80e-02,47.0,53.5,STAT3
Hub genes (10),DSigDB,TTNPB CTD 00001809,1/36,2.11e-02,3.80e-02,47.0,53.5,MDM2
Hub genes (10),DSigDB,trolox CTD 00000557,1/36,2.11e-02,3.80e-02,47.0,53.5,HGF
Hub genes (10),DSigDB,chlorambucil CTD 00005626,1/36,2.11e-02,3.80e-02,47.0,53.5,MDM2
Hub genes (10),DSigDB,HELENALIN TTD 00008402,1/36,2.11e-02,3.80e-02,47.0,53.5,MDM2
Hub genes (10),DSigDB,diclofenac CTD 00005804,2/392,2.13e-02,3.83e-02,8.6,10.6,IGF1R;STAT3
Hub genes (10),DSigDB,nisoldipine,1/37,2.17e-02,3.83e-02,45.7,52.1,MDM2
Hub genes (10),DSigDB,Epirubicin hydrochloride,1/37,2.17e-02,3.83e-02,45.7,52.1,MDM2
Hub genes (10),DSigDB,GSK2606414 MRC,1/37,2.17e-02,3.83e-02,45.7,52.1,JAK2
Hub genes (10),DSigDB,asparagine BOSS,1/37,2.17e-02,3.83e-02,45.7,52.1,ERBB2
Hub genes (10),DSigDB,spiperone BOSS,1/37,2.17e-02,3.83e-02,45.7,52.1,MDM2
Hub genes (10),DSigDB,geldanamycin BOSS,1/37,2.17e-02,3.83e-02,45.7,52.1,ERBB2
Hub genes (10),DSigDB,uric acid CTD 00006967,1/37,2.17e-02,3.83e-02,45.7,52.1,IGF1R
Hub genes (10),DSigDB,"1,2-NAPHTHOQUINONE CTD 00001871",1/37,2.17e-02,3.83e-02,45.7,52.1,STAT3
Hub genes (10),DSigDB,THIOACETAMIDE CTD 00006870,1/37,2.17e-02,3.83e-02,45.7,52.1,HGF
Hub genes (10),DSigDB,Redoxal TTD 00010526,1/37,2.17e-02,3.83e-02,45.7,52.1,MDM2
Hub genes (10),DSigDB,Sorafenib tosylate,1/38,2.23e-02,3.86e-02,44.5,50.6,MDM2
Hub genes (10),DSigDB,Aziridine BOSS,1/38,2.23e-02,3.86e-02,44.5,50.6,STAT3
Hub genes (10),DSigDB,Fasudil hydrochloride BOSS,1/38,2.23e-02,3.86e-02,44.5,50.6,MDM2
Hub genes (10),DSigDB,RUTIN CTD 00006712,1/38,2.23e-02,3.86e-02,44.5,50.6,IGF1R
Hub genes (10),DSigDB,124020-07-1 CTD 00007038,1/38,2.23e-02,3.86e-02,44.5,50.6,STAT3
Hub genes (10),DSigDB,spiperone CTD 00006773,1/38,2.23e-02,3.86e-02,44.5,50.6,MDM2
Hub genes (10),DSigDB,"1,3,5[10]-Estratriene-3,4,17 beta-triol CTD 00000733",1/38,2.23e-02,3.86e-02,44.5,50.6,IGF1R
Hub genes (10),DSigDB,Fluspirilene TTD 00008080,1/38,2.23e-02,3.86e-02,44.5,50.6,MDM2
Hub genes (10),DSigDB,4-Hydroxytamoxifen TTD 00000995,1/38,2.23e-02,3.86e-02,44.5,50.6,MDM2
Hub genes (10),DSigDB,Asterric acid TTD 00002177,1/38,2.23e-02,3.86e-02,44.5,50.6,MDM2
Hub genes (10),DSigDB,pimozide TTD 00010235,1/38,2.23e-02,3.86e-02,44.5,50.6,MDM2
Hub genes (10),DSigDB,digitoxigenin PC3 UP,2/404,2.26e-02,3.88e-02,8.4,10.3,MDM2;PML
Hub genes (10),DSigDB,HG-5-88-01 LINCS,1/39,2.28e-02,3.88e-02,43.4,49.3,IGF1R
Hub genes (10),DSigDB,apigenin MCF7 UP,1/39,2.28e-02,3.88e-02,43.4,49.3,MDM2
Hub genes (10),DSigDB,furazolidone HL60 UP,1/39,2.28e-02,3.88e-02,43.4,49.3,MDM2
Hub genes (10),DSigDB,isotretinoin HL60 DOWN,1/39,2.28e-02,3.88e-02,43.4,49.3,HGF
Hub genes (10),DSigDB,DMBA BOSS,1/39,2.28e-02,3.88e-02,43.4,49.3,MDM2
Hub genes (10),DSigDB,Cetrorelix CTD 00002564,1/39,2.28e-02,3.88e-02,43.4,49.3,STAT3
Hub genes (10),DSigDB,2-[6-fluoro-2-methyl-3-[(4-methylsulfonylphenyl)methylidene]inden-1-yl]acetic acid CTD 00001194,1/39,2.28e-02,3.88e-02,43.4,49.3,ERBB2
Hub genes (10),DSigDB,benzethonium chloride CTD 00005485,1/39,2.28e-02,3.88e-02,43.4,49.3,MDM2
Hub genes (10),DSigDB,spironolactone CTD 00006774,1/39,2.28e-02,3.88e-02,43.4,49.3,MDM2
Hub genes (10),DSigDB,chlorhexidine CTD 00005633,1/39,2.28e-02,3.88e-02,43.4,49.3,MDM2
Hub genes (10),DSigDB,ACRYLAMIDE CTD 00007343,1/39,2.28e-02,3.88e-02,43.4,49.3,ERBB2
Hub genes (10),DSigDB,"1,6,7,8,9,11a,12,13,14,14a-Decahydro-1,13-dihydroxy-6-methyl-4H-cyclopent [f]oxacyclotridecin-4-one CTD 00007351",1/39,2.28e-02,3.88e-02,43.4,49.3,MDM2
Hub genes (10),DSigDB,spiperone TTD 00011044,1/39,2.28e-02,3.88e-02,43.4,49.3,MDM2
Hub genes (10),DSigDB,BIO (6-Bromoindirubin-3'-oxime) MRC,1/40,2.34e-02,3.91e-02,42.3,48.0,IGF1R
Hub genes (10),DSigDB,LY-294002 HL60 DOWN,1/40,2.34e-02,3.91e-02,42.3,48.0,HGF
Hub genes (10),DSigDB,etacrynic acid MCF7 UP,1/40,2.34e-02,3.91e-02,42.3,48.0,MDM2
Hub genes (10),DSigDB,GNF-Pf-4325 BOSS,1/40,2.34e-02,3.91e-02,42.3,48.0,MDM2
Hub genes (10),DSigDB,okadaic acid BOSS,1/40,2.34e-02,3.91e-02,42.3,48.0,IGF1R
Hub genes (10),DSigDB,"1-chloro-2,4-dinitrobenzene BOSS",1/40,2.34e-02,3.91e-02,42.3,48.0,MDM2
Hub genes (10),DSigDB,nelfinavir CTD 00007329,1/40,2.34e-02,3.91e-02,42.3,48.0,MDM2
Hub genes (10),DSigDB,chlordecone CTD 00006186,1/40,2.34e-02,3.91e-02,42.3,48.0,MDM2
Hub genes (10),DSigDB,FLUORANTHENE CTD 00000365,1/40,2.34e-02,3.91e-02,42.3,48.0,MDM2
Hub genes (10),DSigDB,Acetovanillone CTD 00002374,1/40,2.34e-02,3.91e-02,42.3,48.0,JAK2
Hub genes (10),DSigDB,clioquinol TTD 00007229,1/40,2.34e-02,3.91e-02,42.3,48.0,MDM2
Hub genes (10),DSigDB,Vinblastine sulfate,1/41,2.40e-02,3.95e-02,41.2,46.8,MDM2
Hub genes (10),DSigDB,BX-517 Analog (compound 7b) MRC,1/41,2.40e-02,3.95e-02,41.2,46.8,IGF1R
Hub genes (10),DSigDB,ZM-447439 LINCS,1/41,2.40e-02,3.95e-02,41.2,46.8,ERBB2
Hub genes (10),DSigDB,(+)-chelidonine HL60 DOWN,1/41,2.40e-02,3.95e-02,41.2,46.8,HGF
Hub genes (10),DSigDB,clioquinol BOSS,1/41,2.40e-02,3.95e-02,41.2,46.8,MDM2
Hub genes (10),DSigDB,Thioridazine hydrochloride BOSS,1/41,2.40e-02,3.95e-02,41.2,46.8,MDM2
Hub genes (10),DSigDB,Andrographolide CTD 00001445,1/41,2.40e-02,3.95e-02,41.2,46.8,STAT3
Hub genes (10),DSigDB,pimozide CTD 00006561,1/41,2.40e-02,3.95e-02,41.2,46.8,MDM2
Hub genes (10),DSigDB,TOPOTECAN HYDROCHLORIDE TTD 00011493,1/41,2.40e-02,3.95e-02,41.2,46.8,MDM2
Hub genes (10),DSigDB,genistein CTD 00007324,3/1113,2.41e-02,3.95e-02,4.6,6.1,HGF;IGF1R;STAT3
Hub genes (10),DSigDB,FLUPHENAZINE,1/42,2.46e-02,4.01e-02,40.3,45.7,ERBB2
Hub genes (10),DSigDB,alpha-Neu5Ac BOSS,1/42,2.46e-02,4.01e-02,40.3,45.7,ERBB2
Hub genes (10),DSigDB,methoxychlor CTD 00006302,1/42,2.46e-02,4.01e-02,40.3,45.7,STAT3
Hub genes (10),DSigDB,SB 202190 TTD 00010831,1/42,2.46e-02,4.01e-02,40.3,45.7,MDM2
Hub genes (10),DSigDB,idarubicin hydrochloride,1/43,2.51e-02,4.06e-02,39.3,44.6,MDM2
Hub genes (10),DSigDB,bucladesine HL60 DOWN,1/43,2.51e-02,4.06e-02,39.3,44.6,HGF
Hub genes (10),DSigDB,Lenalidomide BOSS,1/43,2.51e-02,4.06e-02,39.3,44.6,JAK2
Hub genes (10),DSigDB,mycophenolic acid BOSS,1/43,2.51e-02,4.06e-02,39.3,44.6,MDM2
Hub genes (10),DSigDB,Rhein CTD 00001002,1/43,2.51e-02,4.06e-02,39.3,44.6,ERBB2
Hub genes (10),DSigDB,mycophenolic acid CTD 00006358,1/43,2.51e-02,4.06e-02,39.3,44.6,MDM2
Hub genes (10),DSigDB,nifedipine TTD 00009669,1/43,2.51e-02,4.06e-02,39.3,44.6,MDM2
Hub genes (10),DSigDB,TOPOTECAN HYDROCHLORIDE,1/44,2.57e-02,4.13e-02,38.4,43.6,MDM2
Hub genes (10),DSigDB,STOCK1N-35696 MCF7 UP,1/44,2.57e-02,4.13e-02,38.4,43.6,MDM2
Hub genes (10),DSigDB,Cardidigin CTD 00005822,1/44,2.57e-02,4.13e-02,38.4,43.6,STAT3
Hub genes (10),DSigDB,berberine CTD 00005500,1/44,2.57e-02,4.13e-02,38.4,43.6,IGF1R
Hub genes (10),DSigDB,"2,2',3,4,4',5,5'-HEPTACHLOROBIPHENYL CTD 00003812",1/44,2.57e-02,4.13e-02,38.4,43.6,MDM2
Hub genes (10),DSigDB,amiodarone,1/45,2.63e-02,4.18e-02,37.6,42.6,ERBB2
Hub genes (10),DSigDB,pimozide,1/45,2.63e-02,4.18e-02,37.6,42.6,MDM2
Hub genes (10),DSigDB,Go 6976 RBC,1/45,2.63e-02,4.18e-02,37.6,42.6,JAK2
Hub genes (10),DSigDB,etoposide HL60 DOWN,1/45,2.63e-02,4.18e-02,37.6,42.6,HGF
Hub genes (10),DSigDB,budesonide CTD 00007317,1/45,2.63e-02,4.18e-02,37.6,42.6,STAT3
Hub genes (10),DSigDB,carboplatin CTD 00007106,1/45,2.63e-02,4.18e-02,37.6,42.6,ERBB2
Hub genes (10),DSigDB,bithionol TTD 00002475,1/45,2.63e-02,4.18e-02,37.6,42.6,MDM2
Hub genes (10),DSigDB,glibenclamide HL60 DOWN,3/1155,2.65e-02,4.21e-02,4.4,5.9,HGF;JAK1;STAT3
Hub genes (10),DSigDB,"Staurosporine, N-benzoyl- RBC",1/46,2.69e-02,4.24e-02,36.8,41.6,JAK2
Hub genes (10),DSigDB,propranolol CTD 00006636,1/46,2.69e-02,4.24e-02,36.8,41.6,STAT3
Hub genes (10),DSigDB,AMILORIDE CTD 00005369,1/46,2.69e-02,4.24e-02,36.8,41.6,ERBB2
Hub genes (10),DSigDB,bithionol CTD 00005516,1/46,2.69e-02,4.24e-02,36.8,41.6,MDM2
Hub genes (10),DSigDB,nocodazole BOSS,1/47,2.75e-02,4.30e-02,36.0,40.7,MDM2
Hub genes (10),DSigDB,CAPECITABINE BOSS,1/47,2.75e-02,4.30e-02,36.0,40.7,ERBB2
Hub genes (10),DSigDB,Zebularine CTD 00000459,1/47,2.75e-02,4.30e-02,36.0,40.7,PML
Hub genes (10),DSigDB,Puerarin CTD 00001616,1/47,2.75e-02,4.30e-02,36.0,40.7,PML
Hub genes (10),DSigDB,chlorhexidine,1/48,2.80e-02,4.35e-02,35.2,39.8,MDM2
Hub genes (10),DSigDB,GW-5074 LINCS,1/48,2.80e-02,4.35e-02,35.2,39.8,JAK1
Hub genes (10),DSigDB,zardaverine HL60 DOWN,1/48,2.80e-02,4.35e-02,35.2,39.8,HGF
Hub genes (10),DSigDB,FLAVONE BOSS,1/48,2.80e-02,4.35e-02,35.2,39.8,STAT3
Hub genes (10),DSigDB,Zoledronic acid BOSS,1/48,2.80e-02,4.35e-02,35.2,39.8,ERBB2
Hub genes (10),DSigDB,Leptomycin B CTD 00001805,1/48,2.80e-02,4.35e-02,35.2,39.8,MDM2
Hub genes (10),DSigDB,geldanamycin CTD 00000033,1/48,2.80e-02,4.35e-02,35.2,39.8,ERBB2
Hub genes (10),DSigDB,oxygen CTD 00006454,2/454,2.81e-02,4.35e-02,7.4,9.1,MDM2;STAT3
Hub genes (10),DSigDB,chlorpromazine,1/49,2.86e-02,4.40e-02,34.5,39.0,ERBB2
Hub genes (10),DSigDB,(-)-isoprenaline PC3 UP,1/49,2.86e-02,4.40e-02,34.5,39.0,JAK2
Hub genes (10),DSigDB,primaquine MCF7 DOWN,1/49,2.86e-02,4.40e-02,34.5,39.0,IGF1R
Hub genes (10),DSigDB,Everolimus BOSS,1/49,2.86e-02,4.40e-02,34.5,39.0,ERBB2
Hub genes (10),DSigDB,Phorbol 12-myristate 13-acetate CTD 00006852,2/459,2.86e-02,4.40e-02,7.4,9.0,ERBB2;HGF
Hub genes (10),DSigDB,N-NITROSODIETHYLAMINE BOSS,1/50,2.92e-02,4.46e-02,33.8,38.2,STAT3
Hub genes (10),DSigDB,Picrotoxinum BOSS,1/50,2.92e-02,4.46e-02,33.8,38.2,STAT3
Hub genes (10),DSigDB,"5H-quinolino[8,7-c][1,2]benzothiazine 6,6-dioxide TTD 00001179",1/50,2.92e-02,4.46e-02,33.8,38.2,MDM2
Hub genes (10),DSigDB,Corilagin TTD 00007282,1/50,2.92e-02,4.46e-02,33.8,38.2,JAK2
Hub genes (10),DSigDB,prochlorperazine,1/51,2.98e-02,4.52e-02,33.2,37.4,MDM2
Hub genes (10),DSigDB,HKI-272 Kinome Scan,1/51,2.98e-02,4.52e-02,33.2,37.4,ERBB2
Hub genes (10),DSigDB,"1,10-phenanthroline BOSS",1/51,2.98e-02,4.52e-02,33.2,37.4,MDM2
Hub genes (10),DSigDB,dl-Thioctic acid CTD 00006215,1/51,2.98e-02,4.52e-02,33.2,37.4,STAT3
Hub genes (10),DSigDB,cadmium acetate CTD 00001325,1/51,2.98e-02,4.52e-02,33.2,37.4,MDM2
Hub genes (10),DSigDB,HELENALIN CTD 00000035,1/52,3.03e-02,4.59e-02,32.5,36.7,MDM2
Hub genes (10),DSigDB,chenodeoxycholic acid CTD 00005623,1/52,3.03e-02,4.59e-02,32.5,36.7,HGF
Hub genes (10),DSigDB,miconazole,1/53,3.09e-02,4.63e-02,31.9,36.0,ERBB2
Hub genes (10),DSigDB,RO-31-8220 MRC,1/53,3.09e-02,4.63e-02,31.9,36.0,IGF1R
Hub genes (10),DSigDB,indole BOSS,1/53,3.09e-02,4.63e-02,31.9,36.0,STAT3
Hub genes (10),DSigDB,azathioprine BOSS,1/53,3.09e-02,4.63e-02,31.9,36.0,JAK2
Hub genes (10),DSigDB,albendazole CTD 00007095,1/53,3.09e-02,4.63e-02,31.9,36.0,JAK2
Hub genes (10),DSigDB,terfenadine CTD 00007125,1/53,3.09e-02,4.63e-02,31.9,36.0,MDM2
Hub genes (10),DSigDB,orlistat CTD 00002339,1/53,3.09e-02,4.63e-02,31.9,36.0,ERBB2
Hub genes (10),DSigDB,resveratrol MCF7 UP,1/54,3.15e-02,4.68e-02,31.3,35.3,MDM2
Hub genes (10),DSigDB,lovastatin BOSS,1/54,3.15e-02,4.68e-02,31.3,35.3,MDM2
Hub genes (10),DSigDB,FERROUS SULFATE CTD 00001009,1/54,3.15e-02,4.68e-02,31.3,35.3,STAT3
Hub genes (10),DSigDB,105156-22-7 CTD 00005867,1/54,3.15e-02,4.68e-02,31.3,35.3,STAT3
Hub genes (10),DSigDB,taurine CTD 00006829,1/54,3.15e-02,4.68e-02,31.3,35.3,STAT3
Hub genes (10),DSigDB,Benz[a]anthracene CTD 00001470,1/54,3.15e-02,4.68e-02,31.3,35.3,ERBB2
Hub genes (10),DSigDB,papaverine HL60 DOWN,1/55,3.21e-02,4.73e-02,30.7,34.7,HGF
Hub genes (10),DSigDB,5'-adenylic acid BOSS,1/55,3.21e-02,4.73e-02,30.7,34.7,STAT3
Hub genes (10),DSigDB,FCCP CTD 00005590,1/55,3.21e-02,4.73e-02,30.7,34.7,MDM2
Hub genes (10),DSigDB,nocodazole CTD 00007087,1/55,3.21e-02,4.73e-02,30.7,34.7,MDM2
Hub genes (10),DSigDB,endosulfan CTD 00005896,1/55,3.21e-02,4.73e-02,30.7,34.7,STAT3
Hub genes (10),DSigDB,dirithromycin HL60 DOWN,2/492,3.26e-02,4.79e-02,6.9,8.4,JAK1;STAT3
Hub genes (10),DSigDB,nifedipine,1/56,3.26e-02,4.79e-02,30.2,34.0,MDM2
Hub genes (10),DSigDB,BX-795 MRC,1/56,3.26e-02,4.79e-02,30.2,34.0,JAK2
Hub genes (10),DSigDB,3-methyladenine BOSS,1/56,3.26e-02,4.79e-02,30.2,34.0,STAT3
Hub genes (10),DSigDB,Benzo[k]fluoranthene CTD 00001069,1/56,3.26e-02,4.79e-02,30.2,34.0,ERBB2
Hub genes (10),DSigDB,TERT-BUTYL HYDROPEROXIDE CTD 00007349,3/1253,3.28e-02,4.81e-02,4.0,5.4,ERBB2;HDAC1;IGF1R
Hub genes (10),DSigDB,diethylstilbestrol,1/57,3.32e-02,4.85e-02,29.7,33.4,MDM2
Hub genes (10),DSigDB,sulfasalazine CTD 00006719,1/57,3.32e-02,4.85e-02,29.7,33.4,HGF
Hub genes (10),DSigDB,TOPOTECAN HYDROCHLORIDE BOSS,1/58,3.38e-02,4.90e-02,29.2,32.8,MDM2
Hub genes (10),DSigDB,bisindolylmaleimide i CTD 00002749,1/58,3.38e-02,4.90e-02,29.2,32.8,HGF
Hub genes (10),DSigDB,"1h-pyrazolo[3,4-d]pyrimidine CTD 00000742",1/58,3.38e-02,4.90e-02,29.2,32.8,MDM2
Hub genes (10),DSigDB,DEOXYCHOLIC ACID CTD 00005765,1/58,3.38e-02,4.90e-02,29.2,32.8,HGF
Hub genes (10),DSigDB,Cephalochromin TTD 00002771,1/58,3.38e-02,4.90e-02,29.2,32.8,MDM2
Hub genes (10),DSigDB,PHA-665752 Kinome Scan,1/59,3.44e-02,4.96e-02,28.7,32.3,JAK2
Hub genes (10),DSigDB,thiostrepton MCF7 UP,1/59,3.44e-02,4.96e-02,28.7,32.3,MDM2
Hub genes (10),DSigDB,Dibenziodolium CTD 00000351,1/59,3.44e-02,4.96e-02,28.7,32.3,STAT3
